ISO-10303-21;
HEADER;
/* Generated by software containing ST-Developer
 * from STEP Tools, Inc. (www.steptools.com) 
 */

FILE_DESCRIPTION(
/* description */ ('STEP AP214'),
/* implementation_level */ '2;1');

FILE_NAME(
/* name */ '750315839.step',
/* time_stamp */ '2026-02-13T09:57:00-08:00',
/* author */ (''),
/* organization */ (''),
/* preprocessor_version */ 'ST-DEVELOPER v20.1',
/* originating_system */ 'Autodesk Translation Framework v14.24.0.0',
/* authorisation */ '');

FILE_SCHEMA (('AUTOMOTIVE_DESIGN { 1 0 10303 214 3 1 1 }'));
ENDSEC;

DATA;
#10=MECHANICAL_DESIGN_GEOMETRIC_PRESENTATION_REPRESENTATION('',(#79,#80,
#81,#82,#83,#84,#85,#86,#87,#88,#89,#90,#91,#92,#93,#94,#95,#96,#97,#98,
#99,#100,#101,#102,#103,#104,#105,#106,#107,#108,#109,#110,#111,#112,#113,
#114,#115,#116,#117,#118,#119,#120,#121,#122,#123,#124,#125,#126,#127,#128,
#129,#130,#131,#132,#133,#134,#135,#136,#137,#138,#139,#140,#141,#142,#143,
#144,#145,#146,#147,#148,#149,#150,#151,#152,#153,#154,#155,#156,#157,#158,
#159,#160,#161,#162,#163,#164,#165,#166,#167,#168,#169,#170,#171,#172,#173,
#174,#175,#176,#177,#178,#179,#180,#181,#182,#183,#184,#185,#186,#187,#188,
#189,#190,#191,#192,#193,#194,#195,#196,#197,#198,#199,#200,#201,#202,#203,
#204,#205,#206,#207,#208,#209,#210,#211,#212,#213,#214,#215,#216),#10720);
#11=ITEM_DEFINED_TRANSFORMATION($,$,#6385,#7012);
#12=ITEM_DEFINED_TRANSFORMATION($,$,#6969,#7013);
#13=ITEM_DEFINED_TRANSFORMATION($,$,#6989,#7014);
#14=ITEM_DEFINED_TRANSFORMATION($,$,#6978,#7015);
#15=ITEM_DEFINED_TRANSFORMATION($,$,#6989,#7016);
#16=(
REPRESENTATION_RELATIONSHIP($,$,#10741,#10740)
REPRESENTATION_RELATIONSHIP_WITH_TRANSFORMATION(#11)
SHAPE_REPRESENTATION_RELATIONSHIP()
);
#17=(
REPRESENTATION_RELATIONSHIP($,$,#10742,#10740)
REPRESENTATION_RELATIONSHIP_WITH_TRANSFORMATION(#12)
SHAPE_REPRESENTATION_RELATIONSHIP()
);
#18=(
REPRESENTATION_RELATIONSHIP($,$,#10744,#10740)
REPRESENTATION_RELATIONSHIP_WITH_TRANSFORMATION(#13)
SHAPE_REPRESENTATION_RELATIONSHIP()
);
#19=(
REPRESENTATION_RELATIONSHIP($,$,#10743,#10740)
REPRESENTATION_RELATIONSHIP_WITH_TRANSFORMATION(#14)
SHAPE_REPRESENTATION_RELATIONSHIP()
);
#20=(
REPRESENTATION_RELATIONSHIP($,$,#10744,#10740)
REPRESENTATION_RELATIONSHIP_WITH_TRANSFORMATION(#15)
SHAPE_REPRESENTATION_RELATIONSHIP()
);
#21=CONTEXT_DEPENDENT_SHAPE_REPRESENTATION(#16,#10735);
#22=CONTEXT_DEPENDENT_SHAPE_REPRESENTATION(#17,#10736);
#23=CONTEXT_DEPENDENT_SHAPE_REPRESENTATION(#18,#10737);
#24=CONTEXT_DEPENDENT_SHAPE_REPRESENTATION(#19,#10738);
#25=CONTEXT_DEPENDENT_SHAPE_REPRESENTATION(#20,#10739);
#26=NEXT_ASSEMBLY_USAGE_OCCURRENCE('070-5465_6A:1','070-5465_6A:1',
'070-5465_6A:1',#10746,#10747,'070-5465_6A:1');
#27=NEXT_ASSEMBLY_USAGE_OCCURRENCE('070-5465_coil:1','070-5465_coil:1',
'070-5465_coil:1',#10746,#10748,'070-5465_coil:1');
#28=NEXT_ASSEMBLY_USAGE_OCCURRENCE('150-2363_6A:1','150-2363_6A:1',
'150-2363_6A:1',#10746,#10750,'150-2363_6A:1');
#29=NEXT_ASSEMBLY_USAGE_OCCURRENCE('440-9988-2363:1','440-9988-2363:1',
'440-9988-2363:1',#10746,#10749,'440-9988-2363:1');
#30=NEXT_ASSEMBLY_USAGE_OCCURRENCE('150-2363_6A:2','150-2363_6A:2',
'150-2363_6A:2',#10746,#10750,'150-2363_6A:2');
#31=SHAPE_REPRESENTATION_RELATIONSHIP('SRR','None',#10741,#35);
#32=SHAPE_REPRESENTATION_RELATIONSHIP('SRR','None',#10742,#36);
#33=SHAPE_REPRESENTATION_RELATIONSHIP('SRR','None',#10743,#37);
#34=SHAPE_REPRESENTATION_RELATIONSHIP('SRR','None',#10744,#38);
#35=ADVANCED_BREP_SHAPE_REPRESENTATION('',(#39),#10716);
#36=ADVANCED_BREP_SHAPE_REPRESENTATION('',(#40),#10717);
#37=ADVANCED_BREP_SHAPE_REPRESENTATION('',(#41),#10718);
#38=ADVANCED_BREP_SHAPE_REPRESENTATION('',(#42),#10719);
#39=MANIFOLD_SOLID_BREP('Body1',#6335);
#40=MANIFOLD_SOLID_BREP('Body1',#6336);
#41=MANIFOLD_SOLID_BREP('Body1',#6337);
#42=MANIFOLD_SOLID_BREP('Body1',#6338);
#43=SPHERICAL_SURFACE('',#6502,0.51);
#44=SPHERICAL_SURFACE('',#6509,0.51);
#45=SPHERICAL_SURFACE('',#6514,0.51);
#46=SPHERICAL_SURFACE('',#6525,0.51);
#47=SPHERICAL_SURFACE('',#6527,0.51);
#48=SPHERICAL_SURFACE('',#6533,0.51);
#49=SPHERICAL_SURFACE('',#6541,0.51);
#50=SPHERICAL_SURFACE('',#6548,0.51);
#51=SPHERICAL_SURFACE('',#6627,0.51);
#52=SPHERICAL_SURFACE('',#6634,0.51);
#53=SPHERICAL_SURFACE('',#6639,0.51);
#54=SPHERICAL_SURFACE('',#6650,0.51);
#55=SPHERICAL_SURFACE('',#6652,0.51);
#56=SPHERICAL_SURFACE('',#6658,0.51);
#57=SPHERICAL_SURFACE('',#6663,0.51);
#58=SPHERICAL_SURFACE('',#6667,0.51);
#59=SPHERICAL_SURFACE('',#6781,0.51);
#60=SPHERICAL_SURFACE('',#6788,0.51);
#61=SPHERICAL_SURFACE('',#6793,0.51);
#62=SPHERICAL_SURFACE('',#6804,0.51);
#63=SPHERICAL_SURFACE('',#6806,0.51);
#64=SPHERICAL_SURFACE('',#6812,0.51);
#65=SPHERICAL_SURFACE('',#6820,0.51);
#66=SPHERICAL_SURFACE('',#6827,0.51);
#67=SPHERICAL_SURFACE('',#6906,0.51);
#68=SPHERICAL_SURFACE('',#6913,0.51);
#69=SPHERICAL_SURFACE('',#6918,0.51);
#70=SPHERICAL_SURFACE('',#6929,0.51);
#71=SPHERICAL_SURFACE('',#6931,0.51);
#72=SPHERICAL_SURFACE('',#6937,0.51);
#73=SPHERICAL_SURFACE('',#6942,0.51);
#74=SPHERICAL_SURFACE('',#6946,0.51);
#75=SPHERICAL_SURFACE('',#6955,0.51);
#76=SPHERICAL_SURFACE('',#6958,0.51);
#77=SPHERICAL_SURFACE('',#6961,0.51);
#78=SPHERICAL_SURFACE('',#6964,0.51);
#79=STYLED_ITEM('',(#10771),#6011);
#80=STYLED_ITEM('',(#10771),#6012);
#81=STYLED_ITEM('',(#10771),#6013);
#82=STYLED_ITEM('',(#10771),#6014);
#83=STYLED_ITEM('',(#10771),#6015);
#84=STYLED_ITEM('',(#10771),#6016);
#85=STYLED_ITEM('',(#10771),#6017);
#86=STYLED_ITEM('',(#10771),#6018);
#87=STYLED_ITEM('',(#10771),#6019);
#88=STYLED_ITEM('',(#10771),#6020);
#89=STYLED_ITEM('',(#10771),#6021);
#90=STYLED_ITEM('',(#10771),#6022);
#91=STYLED_ITEM('',(#10771),#6023);
#92=STYLED_ITEM('',(#10771),#6024);
#93=STYLED_ITEM('',(#10771),#6025);
#94=STYLED_ITEM('',(#10771),#6026);
#95=STYLED_ITEM('',(#10771),#6027);
#96=STYLED_ITEM('',(#10771),#6028);
#97=STYLED_ITEM('',(#10771),#6029);
#98=STYLED_ITEM('',(#10771),#6030);
#99=STYLED_ITEM('',(#10771),#6031);
#100=STYLED_ITEM('',(#10771),#6032);
#101=STYLED_ITEM('',(#10771),#6033);
#102=STYLED_ITEM('',(#10771),#6034);
#103=STYLED_ITEM('',(#10771),#6035);
#104=STYLED_ITEM('',(#10771),#6036);
#105=STYLED_ITEM('',(#10771),#6037);
#106=STYLED_ITEM('',(#10771),#6038);
#107=STYLED_ITEM('',(#10771),#6039);
#108=STYLED_ITEM('',(#10771),#6040);
#109=STYLED_ITEM('',(#10771),#6041);
#110=STYLED_ITEM('',(#10771),#6042);
#111=STYLED_ITEM('',(#10771),#6043);
#112=STYLED_ITEM('',(#10771),#6044);
#113=STYLED_ITEM('',(#10771),#6045);
#114=STYLED_ITEM('',(#10771),#6046);
#115=STYLED_ITEM('',(#10771),#6047);
#116=STYLED_ITEM('',(#10771),#6048);
#117=STYLED_ITEM('',(#10771),#6090);
#118=STYLED_ITEM('',(#10771),#6091);
#119=STYLED_ITEM('',(#10771),#6092);
#120=STYLED_ITEM('',(#10771),#6093);
#121=STYLED_ITEM('',(#10771),#6094);
#122=STYLED_ITEM('',(#10771),#6095);
#123=STYLED_ITEM('',(#10771),#6096);
#124=STYLED_ITEM('',(#10771),#6097);
#125=STYLED_ITEM('',(#10771),#6098);
#126=STYLED_ITEM('',(#10771),#6099);
#127=STYLED_ITEM('',(#10771),#6100);
#128=STYLED_ITEM('',(#10771),#6101);
#129=STYLED_ITEM('',(#10771),#6102);
#130=STYLED_ITEM('',(#10771),#6103);
#131=STYLED_ITEM('',(#10771),#6104);
#132=STYLED_ITEM('',(#10771),#6105);
#133=STYLED_ITEM('',(#10771),#6106);
#134=STYLED_ITEM('',(#10771),#6107);
#135=STYLED_ITEM('',(#10771),#6108);
#136=STYLED_ITEM('',(#10771),#6109);
#137=STYLED_ITEM('',(#10771),#6110);
#138=STYLED_ITEM('',(#10771),#6111);
#139=STYLED_ITEM('',(#10771),#6112);
#140=STYLED_ITEM('',(#10771),#6113);
#141=STYLED_ITEM('',(#10771),#6114);
#142=STYLED_ITEM('',(#10771),#6115);
#143=STYLED_ITEM('',(#10771),#6116);
#144=STYLED_ITEM('',(#10771),#6162);
#145=STYLED_ITEM('',(#10771),#6163);
#146=STYLED_ITEM('',(#10771),#6164);
#147=STYLED_ITEM('',(#10771),#6165);
#148=STYLED_ITEM('',(#10771),#6166);
#149=STYLED_ITEM('',(#10771),#6167);
#150=STYLED_ITEM('',(#10771),#6168);
#151=STYLED_ITEM('',(#10771),#6169);
#152=STYLED_ITEM('',(#10771),#6170);
#153=STYLED_ITEM('',(#10771),#6171);
#154=STYLED_ITEM('',(#10771),#6172);
#155=STYLED_ITEM('',(#10771),#6173);
#156=STYLED_ITEM('',(#10771),#6174);
#157=STYLED_ITEM('',(#10771),#6175);
#158=STYLED_ITEM('',(#10771),#6176);
#159=STYLED_ITEM('',(#10771),#6177);
#160=STYLED_ITEM('',(#10771),#6178);
#161=STYLED_ITEM('',(#10771),#6179);
#162=STYLED_ITEM('',(#10771),#6180);
#163=STYLED_ITEM('',(#10771),#6181);
#164=STYLED_ITEM('',(#10771),#6182);
#165=STYLED_ITEM('',(#10771),#6183);
#166=STYLED_ITEM('',(#10771),#6184);
#167=STYLED_ITEM('',(#10771),#6185);
#168=STYLED_ITEM('',(#10771),#6186);
#169=STYLED_ITEM('',(#10771),#6187);
#170=STYLED_ITEM('',(#10771),#6188);
#171=STYLED_ITEM('',(#10771),#6189);
#172=STYLED_ITEM('',(#10771),#6190);
#173=STYLED_ITEM('',(#10771),#6191);
#174=STYLED_ITEM('',(#10771),#6192);
#175=STYLED_ITEM('',(#10771),#6193);
#176=STYLED_ITEM('',(#10771),#6194);
#177=STYLED_ITEM('',(#10771),#6195);
#178=STYLED_ITEM('',(#10771),#6196);
#179=STYLED_ITEM('',(#10771),#6197);
#180=STYLED_ITEM('',(#10771),#6198);
#181=STYLED_ITEM('',(#10771),#6199);
#182=STYLED_ITEM('',(#10771),#6241);
#183=STYLED_ITEM('',(#10771),#6242);
#184=STYLED_ITEM('',(#10771),#6243);
#185=STYLED_ITEM('',(#10771),#6244);
#186=STYLED_ITEM('',(#10771),#6245);
#187=STYLED_ITEM('',(#10771),#6246);
#188=STYLED_ITEM('',(#10771),#6247);
#189=STYLED_ITEM('',(#10771),#6248);
#190=STYLED_ITEM('',(#10771),#6249);
#191=STYLED_ITEM('',(#10771),#6250);
#192=STYLED_ITEM('',(#10771),#6251);
#193=STYLED_ITEM('',(#10771),#6252);
#194=STYLED_ITEM('',(#10771),#6253);
#195=STYLED_ITEM('',(#10771),#6254);
#196=STYLED_ITEM('',(#10771),#6255);
#197=STYLED_ITEM('',(#10771),#6256);
#198=STYLED_ITEM('',(#10771),#6257);
#199=STYLED_ITEM('',(#10771),#6258);
#200=STYLED_ITEM('',(#10771),#6259);
#201=STYLED_ITEM('',(#10771),#6260);
#202=STYLED_ITEM('',(#10771),#6261);
#203=STYLED_ITEM('',(#10771),#6262);
#204=STYLED_ITEM('',(#10771),#6263);
#205=STYLED_ITEM('',(#10771),#6264);
#206=STYLED_ITEM('',(#10771),#6265);
#207=STYLED_ITEM('',(#10771),#6266);
#208=STYLED_ITEM('',(#10771),#6267);
#209=STYLED_ITEM('',(#10770),#39);
#210=STYLED_ITEM('',(#10772),#6307);
#211=STYLED_ITEM('',(#10772),#6308);
#212=STYLED_ITEM('',(#10772),#6309);
#213=STYLED_ITEM('',(#10772),#6310);
#214=STYLED_ITEM('',(#10770),#40);
#215=STYLED_ITEM('',(#10772),#41);
#216=STYLED_ITEM('',(#10771),#42);
#217=ELLIPSE('',#6418,0.695804889638236,0.510000000000019);
#218=ELLIPSE('',#6419,0.695804889638146,0.509999999999948);
#219=ELLIPSE('',#6421,0.695804889638199,0.509999999999992);
#220=ELLIPSE('',#6422,0.695804889638257,0.510000000000031);
#221=ELLIPSE('',#6494,0.721248916808098,0.509999999997397);
#222=ELLIPSE('',#6495,0.721248916809876,0.509999999999508);
#223=ELLIPSE('',#6500,0.721248916806184,0.509999999995148);
#224=ELLIPSE('',#6507,0.721248916810301,0.510000000000011);
#225=ELLIPSE('',#6567,0.695804889638374,0.510000000000104);
#226=ELLIPSE('',#6568,0.695804889638203,0.509999999999998);
#227=ELLIPSE('',#6570,0.695804889638338,0.51000000000008);
#228=ELLIPSE('',#6571,0.695804889638171,0.509999999999976);
#229=ELLIPSE('',#6619,0.721248916803759,0.509999999992305);
#230=ELLIPSE('',#6620,0.721248916809926,0.509999999999571);
#231=ELLIPSE('',#6625,0.721248916811889,0.51000000000165);
#232=ELLIPSE('',#6632,0.721248916809976,0.509999999999783);
#233=ELLIPSE('',#6697,0.695804889638146,0.509999999999948);
#234=ELLIPSE('',#6698,0.695804889638236,0.510000000000019);
#235=ELLIPSE('',#6700,0.695804889638255,0.510000000000024);
#236=ELLIPSE('',#6701,0.695804889638245,0.510000000000028);
#237=ELLIPSE('',#6773,0.721248916809379,0.509999999998924);
#238=ELLIPSE('',#6774,0.721248916808098,0.509999999997397);
#239=ELLIPSE('',#6779,0.721248916809497,0.509999999998785);
#240=ELLIPSE('',#6786,0.721248916810171,0.509999999999927);
#241=ELLIPSE('',#6846,0.695804889638128,0.509999999999938);
#242=ELLIPSE('',#6847,0.695804889638374,0.510000000000104);
#243=ELLIPSE('',#6849,0.695804889638171,0.509999999999976);
#244=ELLIPSE('',#6850,0.69580488963833,0.510000000000077);
#245=ELLIPSE('',#6898,0.721248916809926,0.509999999999571);
#246=ELLIPSE('',#6899,0.721248916809408,0.509999999998619);
#247=ELLIPSE('',#6904,0.72124891680683,0.50999999999594);
#248=ELLIPSE('',#6911,0.721248916810314,0.510000000000038);
#249=ELLIPSE('',#6951,0.721248916810078,0.509999999999868);
#250=ELLIPSE('',#6952,0.721248916810303,0.510000000000018);
#251=FACE_BOUND('',#792,.T.);
#252=FACE_BOUND('',#796,.T.);
#253=FACE_BOUND('',#942,.T.);
#254=FACE_BOUND('',#949,.T.);
#255=FACE_BOUND('',#1109,.T.);
#256=FACE_BOUND('',#1111,.T.);
#257=FACE_BOUND('',#1117,.T.);
#258=FACE_BOUND('',#1119,.T.);
#259=FACE_BOUND('',#1137,.T.);
#260=PLANE('',#6389);
#261=PLANE('',#6390);
#262=PLANE('',#6391);
#263=PLANE('',#6392);
#264=PLANE('',#6393);
#265=PLANE('',#6394);
#266=PLANE('',#6395);
#267=PLANE('',#6400);
#268=PLANE('',#6401);
#269=PLANE('',#6402);
#270=PLANE('',#6404);
#271=PLANE('',#6406);
#272=PLANE('',#6407);
#273=PLANE('',#6408);
#274=PLANE('',#6411);
#275=PLANE('',#6412);
#276=PLANE('',#6413);
#277=PLANE('',#6416);
#278=PLANE('',#6417);
#279=PLANE('',#6420);
#280=PLANE('',#6423);
#281=PLANE('',#6424);
#282=PLANE('',#6429);
#283=PLANE('',#6430);
#284=PLANE('',#6431);
#285=PLANE('',#6436);
#286=PLANE('',#6437);
#287=PLANE('',#6442);
#288=PLANE('',#6443);
#289=PLANE('',#6444);
#290=PLANE('',#6449);
#291=PLANE('',#6450);
#292=PLANE('',#6455);
#293=PLANE('',#6456);
#294=PLANE('',#6457);
#295=PLANE('',#6459);
#296=PLANE('',#6460);
#297=PLANE('',#6463);
#298=PLANE('',#6464);
#299=PLANE('',#6465);
#300=PLANE('',#6468);
#301=PLANE('',#6469);
#302=PLANE('',#6470);
#303=PLANE('',#6471);
#304=PLANE('',#6472);
#305=PLANE('',#6473);
#306=PLANE('',#6551);
#307=PLANE('',#6552);
#308=PLANE('',#6553);
#309=PLANE('',#6554);
#310=PLANE('',#6555);
#311=PLANE('',#6556);
#312=PLANE('',#6557);
#313=PLANE('',#6560);
#314=PLANE('',#6561);
#315=PLANE('',#6562);
#316=PLANE('',#6565);
#317=PLANE('',#6566);
#318=PLANE('',#6569);
#319=PLANE('',#6572);
#320=PLANE('',#6573);
#321=PLANE('',#6578);
#322=PLANE('',#6579);
#323=PLANE('',#6584);
#324=PLANE('',#6585);
#325=PLANE('',#6586);
#326=PLANE('',#6591);
#327=PLANE('',#6592);
#328=PLANE('',#6597);
#329=PLANE('',#6598);
#330=PLANE('',#6599);
#331=PLANE('',#6601);
#332=PLANE('',#6602);
#333=PLANE('',#6605);
#334=PLANE('',#6606);
#335=PLANE('',#6607);
#336=PLANE('',#6608);
#337=PLANE('',#6609);
#338=PLANE('',#6670);
#339=PLANE('',#6671);
#340=PLANE('',#6672);
#341=PLANE('',#6676);
#342=PLANE('',#6677);
#343=PLANE('',#6678);
#344=PLANE('',#6679);
#345=PLANE('',#6680);
#346=PLANE('',#6681);
#347=PLANE('',#6683);
#348=PLANE('',#6685);
#349=PLANE('',#6686);
#350=PLANE('',#6687);
#351=PLANE('',#6690);
#352=PLANE('',#6691);
#353=PLANE('',#6692);
#354=PLANE('',#6695);
#355=PLANE('',#6696);
#356=PLANE('',#6699);
#357=PLANE('',#6702);
#358=PLANE('',#6703);
#359=PLANE('',#6708);
#360=PLANE('',#6709);
#361=PLANE('',#6710);
#362=PLANE('',#6715);
#363=PLANE('',#6716);
#364=PLANE('',#6721);
#365=PLANE('',#6722);
#366=PLANE('',#6723);
#367=PLANE('',#6728);
#368=PLANE('',#6729);
#369=PLANE('',#6734);
#370=PLANE('',#6735);
#371=PLANE('',#6736);
#372=PLANE('',#6738);
#373=PLANE('',#6739);
#374=PLANE('',#6742);
#375=PLANE('',#6743);
#376=PLANE('',#6744);
#377=PLANE('',#6747);
#378=PLANE('',#6748);
#379=PLANE('',#6749);
#380=PLANE('',#6750);
#381=PLANE('',#6751);
#382=PLANE('',#6752);
#383=PLANE('',#6830);
#384=PLANE('',#6831);
#385=PLANE('',#6832);
#386=PLANE('',#6833);
#387=PLANE('',#6834);
#388=PLANE('',#6835);
#389=PLANE('',#6836);
#390=PLANE('',#6839);
#391=PLANE('',#6840);
#392=PLANE('',#6841);
#393=PLANE('',#6844);
#394=PLANE('',#6845);
#395=PLANE('',#6848);
#396=PLANE('',#6851);
#397=PLANE('',#6852);
#398=PLANE('',#6857);
#399=PLANE('',#6858);
#400=PLANE('',#6863);
#401=PLANE('',#6864);
#402=PLANE('',#6865);
#403=PLANE('',#6870);
#404=PLANE('',#6871);
#405=PLANE('',#6876);
#406=PLANE('',#6877);
#407=PLANE('',#6878);
#408=PLANE('',#6880);
#409=PLANE('',#6881);
#410=PLANE('',#6884);
#411=PLANE('',#6885);
#412=PLANE('',#6886);
#413=PLANE('',#6887);
#414=PLANE('',#6888);
#415=PLANE('',#6950);
#416=PLANE('',#6976);
#417=PLANE('',#6977);
#418=PLANE('',#6979);
#419=PLANE('',#6980);
#420=PLANE('',#6981);
#421=PLANE('',#6982);
#422=PLANE('',#6983);
#423=PLANE('',#6984);
#424=PLANE('',#6985);
#425=PLANE('',#6986);
#426=PLANE('',#6987);
#427=PLANE('',#6988);
#428=PLANE('',#6993);
#429=PLANE('',#6994);
#430=PLANE('',#6995);
#431=PLANE('',#6996);
#432=PLANE('',#6997);
#433=PLANE('',#7001);
#434=PLANE('',#7006);
#435=PLANE('',#7009);
#436=PLANE('',#7010);
#437=PLANE('',#7011);
#438=FACE_OUTER_BOUND('',#784,.T.);
#439=FACE_OUTER_BOUND('',#785,.T.);
#440=FACE_OUTER_BOUND('',#786,.T.);
#441=FACE_OUTER_BOUND('',#787,.T.);
#442=FACE_OUTER_BOUND('',#788,.T.);
#443=FACE_OUTER_BOUND('',#789,.T.);
#444=FACE_OUTER_BOUND('',#790,.T.);
#445=FACE_OUTER_BOUND('',#791,.T.);
#446=FACE_OUTER_BOUND('',#793,.T.);
#447=FACE_OUTER_BOUND('',#794,.T.);
#448=FACE_OUTER_BOUND('',#795,.T.);
#449=FACE_OUTER_BOUND('',#797,.T.);
#450=FACE_OUTER_BOUND('',#798,.T.);
#451=FACE_OUTER_BOUND('',#799,.T.);
#452=FACE_OUTER_BOUND('',#800,.T.);
#453=FACE_OUTER_BOUND('',#801,.T.);
#454=FACE_OUTER_BOUND('',#802,.T.);
#455=FACE_OUTER_BOUND('',#803,.T.);
#456=FACE_OUTER_BOUND('',#804,.T.);
#457=FACE_OUTER_BOUND('',#805,.T.);
#458=FACE_OUTER_BOUND('',#806,.T.);
#459=FACE_OUTER_BOUND('',#807,.T.);
#460=FACE_OUTER_BOUND('',#808,.T.);
#461=FACE_OUTER_BOUND('',#809,.T.);
#462=FACE_OUTER_BOUND('',#810,.T.);
#463=FACE_OUTER_BOUND('',#811,.T.);
#464=FACE_OUTER_BOUND('',#812,.T.);
#465=FACE_OUTER_BOUND('',#813,.T.);
#466=FACE_OUTER_BOUND('',#814,.T.);
#467=FACE_OUTER_BOUND('',#815,.T.);
#468=FACE_OUTER_BOUND('',#816,.T.);
#469=FACE_OUTER_BOUND('',#817,.T.);
#470=FACE_OUTER_BOUND('',#818,.T.);
#471=FACE_OUTER_BOUND('',#819,.T.);
#472=FACE_OUTER_BOUND('',#820,.T.);
#473=FACE_OUTER_BOUND('',#821,.T.);
#474=FACE_OUTER_BOUND('',#822,.T.);
#475=FACE_OUTER_BOUND('',#823,.T.);
#476=FACE_OUTER_BOUND('',#824,.T.);
#477=FACE_OUTER_BOUND('',#825,.T.);
#478=FACE_OUTER_BOUND('',#826,.T.);
#479=FACE_OUTER_BOUND('',#827,.T.);
#480=FACE_OUTER_BOUND('',#828,.T.);
#481=FACE_OUTER_BOUND('',#829,.T.);
#482=FACE_OUTER_BOUND('',#830,.T.);
#483=FACE_OUTER_BOUND('',#831,.T.);
#484=FACE_OUTER_BOUND('',#832,.T.);
#485=FACE_OUTER_BOUND('',#833,.T.);
#486=FACE_OUTER_BOUND('',#834,.T.);
#487=FACE_OUTER_BOUND('',#835,.T.);
#488=FACE_OUTER_BOUND('',#836,.T.);
#489=FACE_OUTER_BOUND('',#837,.T.);
#490=FACE_OUTER_BOUND('',#838,.T.);
#491=FACE_OUTER_BOUND('',#839,.T.);
#492=FACE_OUTER_BOUND('',#840,.T.);
#493=FACE_OUTER_BOUND('',#841,.T.);
#494=FACE_OUTER_BOUND('',#842,.T.);
#495=FACE_OUTER_BOUND('',#843,.T.);
#496=FACE_OUTER_BOUND('',#844,.T.);
#497=FACE_OUTER_BOUND('',#845,.T.);
#498=FACE_OUTER_BOUND('',#846,.T.);
#499=FACE_OUTER_BOUND('',#847,.T.);
#500=FACE_OUTER_BOUND('',#848,.T.);
#501=FACE_OUTER_BOUND('',#849,.T.);
#502=FACE_OUTER_BOUND('',#850,.T.);
#503=FACE_OUTER_BOUND('',#851,.T.);
#504=FACE_OUTER_BOUND('',#852,.T.);
#505=FACE_OUTER_BOUND('',#853,.T.);
#506=FACE_OUTER_BOUND('',#854,.T.);
#507=FACE_OUTER_BOUND('',#855,.T.);
#508=FACE_OUTER_BOUND('',#856,.T.);
#509=FACE_OUTER_BOUND('',#857,.T.);
#510=FACE_OUTER_BOUND('',#858,.T.);
#511=FACE_OUTER_BOUND('',#859,.T.);
#512=FACE_OUTER_BOUND('',#860,.T.);
#513=FACE_OUTER_BOUND('',#861,.T.);
#514=FACE_OUTER_BOUND('',#862,.T.);
#515=FACE_OUTER_BOUND('',#863,.T.);
#516=FACE_OUTER_BOUND('',#864,.T.);
#517=FACE_OUTER_BOUND('',#865,.T.);
#518=FACE_OUTER_BOUND('',#866,.T.);
#519=FACE_OUTER_BOUND('',#867,.T.);
#520=FACE_OUTER_BOUND('',#868,.T.);
#521=FACE_OUTER_BOUND('',#869,.T.);
#522=FACE_OUTER_BOUND('',#870,.T.);
#523=FACE_OUTER_BOUND('',#871,.T.);
#524=FACE_OUTER_BOUND('',#872,.T.);
#525=FACE_OUTER_BOUND('',#873,.T.);
#526=FACE_OUTER_BOUND('',#874,.T.);
#527=FACE_OUTER_BOUND('',#875,.T.);
#528=FACE_OUTER_BOUND('',#876,.T.);
#529=FACE_OUTER_BOUND('',#877,.T.);
#530=FACE_OUTER_BOUND('',#878,.T.);
#531=FACE_OUTER_BOUND('',#879,.T.);
#532=FACE_OUTER_BOUND('',#880,.T.);
#533=FACE_OUTER_BOUND('',#881,.T.);
#534=FACE_OUTER_BOUND('',#882,.T.);
#535=FACE_OUTER_BOUND('',#883,.T.);
#536=FACE_OUTER_BOUND('',#884,.T.);
#537=FACE_OUTER_BOUND('',#885,.T.);
#538=FACE_OUTER_BOUND('',#886,.T.);
#539=FACE_OUTER_BOUND('',#887,.T.);
#540=FACE_OUTER_BOUND('',#888,.T.);
#541=FACE_OUTER_BOUND('',#889,.T.);
#542=FACE_OUTER_BOUND('',#890,.T.);
#543=FACE_OUTER_BOUND('',#891,.T.);
#544=FACE_OUTER_BOUND('',#892,.T.);
#545=FACE_OUTER_BOUND('',#893,.T.);
#546=FACE_OUTER_BOUND('',#894,.T.);
#547=FACE_OUTER_BOUND('',#895,.T.);
#548=FACE_OUTER_BOUND('',#896,.T.);
#549=FACE_OUTER_BOUND('',#897,.T.);
#550=FACE_OUTER_BOUND('',#898,.T.);
#551=FACE_OUTER_BOUND('',#899,.T.);
#552=FACE_OUTER_BOUND('',#900,.T.);
#553=FACE_OUTER_BOUND('',#901,.T.);
#554=FACE_OUTER_BOUND('',#902,.T.);
#555=FACE_OUTER_BOUND('',#903,.T.);
#556=FACE_OUTER_BOUND('',#904,.T.);
#557=FACE_OUTER_BOUND('',#905,.T.);
#558=FACE_OUTER_BOUND('',#906,.T.);
#559=FACE_OUTER_BOUND('',#907,.T.);
#560=FACE_OUTER_BOUND('',#908,.T.);
#561=FACE_OUTER_BOUND('',#909,.T.);
#562=FACE_OUTER_BOUND('',#910,.T.);
#563=FACE_OUTER_BOUND('',#911,.T.);
#564=FACE_OUTER_BOUND('',#912,.T.);
#565=FACE_OUTER_BOUND('',#913,.T.);
#566=FACE_OUTER_BOUND('',#914,.T.);
#567=FACE_OUTER_BOUND('',#915,.T.);
#568=FACE_OUTER_BOUND('',#916,.T.);
#569=FACE_OUTER_BOUND('',#917,.T.);
#570=FACE_OUTER_BOUND('',#918,.T.);
#571=FACE_OUTER_BOUND('',#919,.T.);
#572=FACE_OUTER_BOUND('',#920,.T.);
#573=FACE_OUTER_BOUND('',#921,.T.);
#574=FACE_OUTER_BOUND('',#922,.T.);
#575=FACE_OUTER_BOUND('',#923,.T.);
#576=FACE_OUTER_BOUND('',#924,.T.);
#577=FACE_OUTER_BOUND('',#925,.T.);
#578=FACE_OUTER_BOUND('',#926,.T.);
#579=FACE_OUTER_BOUND('',#927,.T.);
#580=FACE_OUTER_BOUND('',#928,.T.);
#581=FACE_OUTER_BOUND('',#929,.T.);
#582=FACE_OUTER_BOUND('',#930,.T.);
#583=FACE_OUTER_BOUND('',#931,.T.);
#584=FACE_OUTER_BOUND('',#932,.T.);
#585=FACE_OUTER_BOUND('',#933,.T.);
#586=FACE_OUTER_BOUND('',#934,.T.);
#587=FACE_OUTER_BOUND('',#935,.T.);
#588=FACE_OUTER_BOUND('',#936,.T.);
#589=FACE_OUTER_BOUND('',#937,.T.);
#590=FACE_OUTER_BOUND('',#938,.T.);
#591=FACE_OUTER_BOUND('',#939,.T.);
#592=FACE_OUTER_BOUND('',#940,.T.);
#593=FACE_OUTER_BOUND('',#941,.T.);
#594=FACE_OUTER_BOUND('',#943,.T.);
#595=FACE_OUTER_BOUND('',#944,.T.);
#596=FACE_OUTER_BOUND('',#945,.T.);
#597=FACE_OUTER_BOUND('',#946,.T.);
#598=FACE_OUTER_BOUND('',#947,.T.);
#599=FACE_OUTER_BOUND('',#948,.T.);
#600=FACE_OUTER_BOUND('',#950,.T.);
#601=FACE_OUTER_BOUND('',#951,.T.);
#602=FACE_OUTER_BOUND('',#952,.T.);
#603=FACE_OUTER_BOUND('',#953,.T.);
#604=FACE_OUTER_BOUND('',#954,.T.);
#605=FACE_OUTER_BOUND('',#955,.T.);
#606=FACE_OUTER_BOUND('',#956,.T.);
#607=FACE_OUTER_BOUND('',#957,.T.);
#608=FACE_OUTER_BOUND('',#958,.T.);
#609=FACE_OUTER_BOUND('',#959,.T.);
#610=FACE_OUTER_BOUND('',#960,.T.);
#611=FACE_OUTER_BOUND('',#961,.T.);
#612=FACE_OUTER_BOUND('',#962,.T.);
#613=FACE_OUTER_BOUND('',#963,.T.);
#614=FACE_OUTER_BOUND('',#964,.T.);
#615=FACE_OUTER_BOUND('',#965,.T.);
#616=FACE_OUTER_BOUND('',#966,.T.);
#617=FACE_OUTER_BOUND('',#967,.T.);
#618=FACE_OUTER_BOUND('',#968,.T.);
#619=FACE_OUTER_BOUND('',#969,.T.);
#620=FACE_OUTER_BOUND('',#970,.T.);
#621=FACE_OUTER_BOUND('',#971,.T.);
#622=FACE_OUTER_BOUND('',#972,.T.);
#623=FACE_OUTER_BOUND('',#973,.T.);
#624=FACE_OUTER_BOUND('',#974,.T.);
#625=FACE_OUTER_BOUND('',#975,.T.);
#626=FACE_OUTER_BOUND('',#976,.T.);
#627=FACE_OUTER_BOUND('',#977,.T.);
#628=FACE_OUTER_BOUND('',#978,.T.);
#629=FACE_OUTER_BOUND('',#979,.T.);
#630=FACE_OUTER_BOUND('',#980,.T.);
#631=FACE_OUTER_BOUND('',#981,.T.);
#632=FACE_OUTER_BOUND('',#982,.T.);
#633=FACE_OUTER_BOUND('',#983,.T.);
#634=FACE_OUTER_BOUND('',#984,.T.);
#635=FACE_OUTER_BOUND('',#985,.T.);
#636=FACE_OUTER_BOUND('',#986,.T.);
#637=FACE_OUTER_BOUND('',#987,.T.);
#638=FACE_OUTER_BOUND('',#988,.T.);
#639=FACE_OUTER_BOUND('',#989,.T.);
#640=FACE_OUTER_BOUND('',#990,.T.);
#641=FACE_OUTER_BOUND('',#991,.T.);
#642=FACE_OUTER_BOUND('',#992,.T.);
#643=FACE_OUTER_BOUND('',#993,.T.);
#644=FACE_OUTER_BOUND('',#994,.T.);
#645=FACE_OUTER_BOUND('',#995,.T.);
#646=FACE_OUTER_BOUND('',#996,.T.);
#647=FACE_OUTER_BOUND('',#997,.T.);
#648=FACE_OUTER_BOUND('',#998,.T.);
#649=FACE_OUTER_BOUND('',#999,.T.);
#650=FACE_OUTER_BOUND('',#1000,.T.);
#651=FACE_OUTER_BOUND('',#1001,.T.);
#652=FACE_OUTER_BOUND('',#1002,.T.);
#653=FACE_OUTER_BOUND('',#1003,.T.);
#654=FACE_OUTER_BOUND('',#1004,.T.);
#655=FACE_OUTER_BOUND('',#1005,.T.);
#656=FACE_OUTER_BOUND('',#1006,.T.);
#657=FACE_OUTER_BOUND('',#1007,.T.);
#658=FACE_OUTER_BOUND('',#1008,.T.);
#659=FACE_OUTER_BOUND('',#1009,.T.);
#660=FACE_OUTER_BOUND('',#1010,.T.);
#661=FACE_OUTER_BOUND('',#1011,.T.);
#662=FACE_OUTER_BOUND('',#1012,.T.);
#663=FACE_OUTER_BOUND('',#1013,.T.);
#664=FACE_OUTER_BOUND('',#1014,.T.);
#665=FACE_OUTER_BOUND('',#1015,.T.);
#666=FACE_OUTER_BOUND('',#1016,.T.);
#667=FACE_OUTER_BOUND('',#1017,.T.);
#668=FACE_OUTER_BOUND('',#1018,.T.);
#669=FACE_OUTER_BOUND('',#1019,.T.);
#670=FACE_OUTER_BOUND('',#1020,.T.);
#671=FACE_OUTER_BOUND('',#1021,.T.);
#672=FACE_OUTER_BOUND('',#1022,.T.);
#673=FACE_OUTER_BOUND('',#1023,.T.);
#674=FACE_OUTER_BOUND('',#1024,.T.);
#675=FACE_OUTER_BOUND('',#1025,.T.);
#676=FACE_OUTER_BOUND('',#1026,.T.);
#677=FACE_OUTER_BOUND('',#1027,.T.);
#678=FACE_OUTER_BOUND('',#1028,.T.);
#679=FACE_OUTER_BOUND('',#1029,.T.);
#680=FACE_OUTER_BOUND('',#1030,.T.);
#681=FACE_OUTER_BOUND('',#1031,.T.);
#682=FACE_OUTER_BOUND('',#1032,.T.);
#683=FACE_OUTER_BOUND('',#1033,.T.);
#684=FACE_OUTER_BOUND('',#1034,.T.);
#685=FACE_OUTER_BOUND('',#1035,.T.);
#686=FACE_OUTER_BOUND('',#1036,.T.);
#687=FACE_OUTER_BOUND('',#1037,.T.);
#688=FACE_OUTER_BOUND('',#1038,.T.);
#689=FACE_OUTER_BOUND('',#1039,.T.);
#690=FACE_OUTER_BOUND('',#1040,.T.);
#691=FACE_OUTER_BOUND('',#1041,.T.);
#692=FACE_OUTER_BOUND('',#1042,.T.);
#693=FACE_OUTER_BOUND('',#1043,.T.);
#694=FACE_OUTER_BOUND('',#1044,.T.);
#695=FACE_OUTER_BOUND('',#1045,.T.);
#696=FACE_OUTER_BOUND('',#1046,.T.);
#697=FACE_OUTER_BOUND('',#1047,.T.);
#698=FACE_OUTER_BOUND('',#1048,.T.);
#699=FACE_OUTER_BOUND('',#1049,.T.);
#700=FACE_OUTER_BOUND('',#1050,.T.);
#701=FACE_OUTER_BOUND('',#1051,.T.);
#702=FACE_OUTER_BOUND('',#1052,.T.);
#703=FACE_OUTER_BOUND('',#1053,.T.);
#704=FACE_OUTER_BOUND('',#1054,.T.);
#705=FACE_OUTER_BOUND('',#1055,.T.);
#706=FACE_OUTER_BOUND('',#1056,.T.);
#707=FACE_OUTER_BOUND('',#1057,.T.);
#708=FACE_OUTER_BOUND('',#1058,.T.);
#709=FACE_OUTER_BOUND('',#1059,.T.);
#710=FACE_OUTER_BOUND('',#1060,.T.);
#711=FACE_OUTER_BOUND('',#1061,.T.);
#712=FACE_OUTER_BOUND('',#1062,.T.);
#713=FACE_OUTER_BOUND('',#1063,.T.);
#714=FACE_OUTER_BOUND('',#1064,.T.);
#715=FACE_OUTER_BOUND('',#1065,.T.);
#716=FACE_OUTER_BOUND('',#1066,.T.);
#717=FACE_OUTER_BOUND('',#1067,.T.);
#718=FACE_OUTER_BOUND('',#1068,.T.);
#719=FACE_OUTER_BOUND('',#1069,.T.);
#720=FACE_OUTER_BOUND('',#1070,.T.);
#721=FACE_OUTER_BOUND('',#1071,.T.);
#722=FACE_OUTER_BOUND('',#1072,.T.);
#723=FACE_OUTER_BOUND('',#1073,.T.);
#724=FACE_OUTER_BOUND('',#1074,.T.);
#725=FACE_OUTER_BOUND('',#1075,.T.);
#726=FACE_OUTER_BOUND('',#1076,.T.);
#727=FACE_OUTER_BOUND('',#1077,.T.);
#728=FACE_OUTER_BOUND('',#1078,.T.);
#729=FACE_OUTER_BOUND('',#1079,.T.);
#730=FACE_OUTER_BOUND('',#1080,.T.);
#731=FACE_OUTER_BOUND('',#1081,.T.);
#732=FACE_OUTER_BOUND('',#1082,.T.);
#733=FACE_OUTER_BOUND('',#1083,.T.);
#734=FACE_OUTER_BOUND('',#1084,.T.);
#735=FACE_OUTER_BOUND('',#1085,.T.);
#736=FACE_OUTER_BOUND('',#1086,.T.);
#737=FACE_OUTER_BOUND('',#1087,.T.);
#738=FACE_OUTER_BOUND('',#1088,.T.);
#739=FACE_OUTER_BOUND('',#1089,.T.);
#740=FACE_OUTER_BOUND('',#1090,.T.);
#741=FACE_OUTER_BOUND('',#1091,.T.);
#742=FACE_OUTER_BOUND('',#1092,.T.);
#743=FACE_OUTER_BOUND('',#1093,.T.);
#744=FACE_OUTER_BOUND('',#1094,.T.);
#745=FACE_OUTER_BOUND('',#1095,.T.);
#746=FACE_OUTER_BOUND('',#1096,.T.);
#747=FACE_OUTER_BOUND('',#1097,.T.);
#748=FACE_OUTER_BOUND('',#1098,.T.);
#749=FACE_OUTER_BOUND('',#1099,.T.);
#750=FACE_OUTER_BOUND('',#1100,.T.);
#751=FACE_OUTER_BOUND('',#1101,.T.);
#752=FACE_OUTER_BOUND('',#1102,.T.);
#753=FACE_OUTER_BOUND('',#1103,.T.);
#754=FACE_OUTER_BOUND('',#1104,.T.);
#755=FACE_OUTER_BOUND('',#1105,.T.);
#756=FACE_OUTER_BOUND('',#1106,.T.);
#757=FACE_OUTER_BOUND('',#1107,.T.);
#758=FACE_OUTER_BOUND('',#1108,.T.);
#759=FACE_OUTER_BOUND('',#1110,.T.);
#760=FACE_OUTER_BOUND('',#1112,.T.);
#761=FACE_OUTER_BOUND('',#1113,.T.);
#762=FACE_OUTER_BOUND('',#1114,.T.);
#763=FACE_OUTER_BOUND('',#1115,.T.);
#764=FACE_OUTER_BOUND('',#1116,.T.);
#765=FACE_OUTER_BOUND('',#1118,.T.);
#766=FACE_OUTER_BOUND('',#1120,.T.);
#767=FACE_OUTER_BOUND('',#1121,.T.);
#768=FACE_OUTER_BOUND('',#1122,.T.);
#769=FACE_OUTER_BOUND('',#1123,.T.);
#770=FACE_OUTER_BOUND('',#1124,.T.);
#771=FACE_OUTER_BOUND('',#1125,.T.);
#772=FACE_OUTER_BOUND('',#1126,.T.);
#773=FACE_OUTER_BOUND('',#1127,.T.);
#774=FACE_OUTER_BOUND('',#1128,.T.);
#775=FACE_OUTER_BOUND('',#1129,.T.);
#776=FACE_OUTER_BOUND('',#1130,.T.);
#777=FACE_OUTER_BOUND('',#1131,.T.);
#778=FACE_OUTER_BOUND('',#1132,.T.);
#779=FACE_OUTER_BOUND('',#1133,.T.);
#780=FACE_OUTER_BOUND('',#1134,.T.);
#781=FACE_OUTER_BOUND('',#1135,.T.);
#782=FACE_OUTER_BOUND('',#1136,.T.);
#783=FACE_OUTER_BOUND('',#1138,.T.);
#784=EDGE_LOOP('',(#4069,#4070,#4071,#4072));
#785=EDGE_LOOP('',(#4073,#4074,#4075,#4076,#4077,#4078,#4079,#4080,#4081,
#4082,#4083,#4084,#4085,#4086,#4087,#4088,#4089,#4090,#4091,#4092,#4093,
#4094,#4095,#4096,#4097,#4098,#4099,#4100));
#786=EDGE_LOOP('',(#4101,#4102,#4103,#4104));
#787=EDGE_LOOP('',(#4105,#4106,#4107,#4108));
#788=EDGE_LOOP('',(#4109,#4110,#4111,#4112));
#789=EDGE_LOOP('',(#4113,#4114,#4115,#4116));
#790=EDGE_LOOP('',(#4117,#4118,#4119,#4120));
#791=EDGE_LOOP('',(#4121,#4122,#4123,#4124,#4125,#4126,#4127,#4128,#4129,
#4130,#4131,#4132,#4133,#4134,#4135,#4136,#4137,#4138,#4139,#4140,#4141,
#4142,#4143,#4144,#4145,#4146));
#792=EDGE_LOOP('',(#4147,#4148));
#793=EDGE_LOOP('',(#4149,#4150,#4151,#4152));
#794=EDGE_LOOP('',(#4153,#4154,#4155,#4156,#4157,#4158,#4159,#4160));
#795=EDGE_LOOP('',(#4161,#4162,#4163,#4164));
#796=EDGE_LOOP('',(#4165));
#797=EDGE_LOOP('',(#4166,#4167,#4168,#4169));
#798=EDGE_LOOP('',(#4170,#4171,#4172,#4173));
#799=EDGE_LOOP('',(#4174,#4175,#4176,#4177));
#800=EDGE_LOOP('',(#4178,#4179,#4180,#4181,#4182));
#801=EDGE_LOOP('',(#4183,#4184,#4185,#4186,#4187,#4188,#4189,#4190));
#802=EDGE_LOOP('',(#4191,#4192,#4193,#4194,#4195));
#803=EDGE_LOOP('',(#4196,#4197,#4198,#4199,#4200));
#804=EDGE_LOOP('',(#4201,#4202,#4203,#4204,#4205,#4206,#4207,#4208));
#805=EDGE_LOOP('',(#4209,#4210,#4211,#4212,#4213));
#806=EDGE_LOOP('',(#4214,#4215,#4216,#4217,#4218,#4219));
#807=EDGE_LOOP('',(#4220,#4221,#4222,#4223,#4224,#4225));
#808=EDGE_LOOP('',(#4226,#4227,#4228,#4229));
#809=EDGE_LOOP('',(#4230,#4231,#4232,#4233,#4234,#4235,#4236,#4237,#4238,
#4239,#4240,#4241,#4242,#4243));
#810=EDGE_LOOP('',(#4244,#4245,#4246,#4247));
#811=EDGE_LOOP('',(#4248,#4249,#4250,#4251));
#812=EDGE_LOOP('',(#4252,#4253,#4254,#4255,#4256,#4257,#4258,#4259,#4260,
#4261,#4262,#4263,#4264,#4265));
#813=EDGE_LOOP('',(#4266,#4267,#4268,#4269));
#814=EDGE_LOOP('',(#4270,#4271,#4272,#4273,#4274,#4275,#4276,#4277,#4278,
#4279,#4280,#4281,#4282,#4283));
#815=EDGE_LOOP('',(#4284,#4285,#4286,#4287));
#816=EDGE_LOOP('',(#4288,#4289,#4290,#4291));
#817=EDGE_LOOP('',(#4292,#4293,#4294,#4295,#4296,#4297,#4298,#4299,#4300,
#4301,#4302,#4303,#4304,#4305));
#818=EDGE_LOOP('',(#4306,#4307,#4308,#4309));
#819=EDGE_LOOP('',(#4310,#4311,#4312,#4313,#4314,#4315,#4316,#4317,#4318,
#4319,#4320,#4321));
#820=EDGE_LOOP('',(#4322,#4323,#4324,#4325));
#821=EDGE_LOOP('',(#4326,#4327,#4328,#4329));
#822=EDGE_LOOP('',(#4330,#4331,#4332,#4333,#4334));
#823=EDGE_LOOP('',(#4335,#4336,#4337,#4338));
#824=EDGE_LOOP('',(#4339,#4340,#4341,#4342,#4343,#4344));
#825=EDGE_LOOP('',(#4345,#4346,#4347,#4348));
#826=EDGE_LOOP('',(#4349,#4350,#4351,#4352));
#827=EDGE_LOOP('',(#4353,#4354,#4355,#4356,#4357,#4358));
#828=EDGE_LOOP('',(#4359,#4360,#4361,#4362));
#829=EDGE_LOOP('',(#4363,#4364,#4365,#4366));
#830=EDGE_LOOP('',(#4367,#4368,#4369,#4370));
#831=EDGE_LOOP('',(#4371,#4372,#4373,#4374));
#832=EDGE_LOOP('',(#4375,#4376,#4377,#4378));
#833=EDGE_LOOP('',(#4379,#4380,#4381,#4382));
#834=EDGE_LOOP('',(#4383,#4384,#4385,#4386));
#835=EDGE_LOOP('',(#4387,#4388,#4389,#4390));
#836=EDGE_LOOP('',(#4391,#4392,#4393,#4394));
#837=EDGE_LOOP('',(#4395,#4396,#4397,#4398));
#838=EDGE_LOOP('',(#4399,#4400,#4401,#4402));
#839=EDGE_LOOP('',(#4403,#4404,#4405,#4406));
#840=EDGE_LOOP('',(#4407,#4408,#4409,#4410));
#841=EDGE_LOOP('',(#4411,#4412,#4413,#4414));
#842=EDGE_LOOP('',(#4415,#4416,#4417,#4418));
#843=EDGE_LOOP('',(#4419,#4420,#4421,#4422));
#844=EDGE_LOOP('',(#4423,#4424,#4425,#4426));
#845=EDGE_LOOP('',(#4427,#4428,#4429,#4430));
#846=EDGE_LOOP('',(#4431,#4432,#4433,#4434));
#847=EDGE_LOOP('',(#4435,#4436,#4437,#4438,#4439));
#848=EDGE_LOOP('',(#4440,#4441,#4442,#4443,#4444,#4445));
#849=EDGE_LOOP('',(#4446,#4447,#4448,#4449,#4450));
#850=EDGE_LOOP('',(#4451,#4452,#4453));
#851=EDGE_LOOP('',(#4454,#4455,#4456,#4457));
#852=EDGE_LOOP('',(#4458,#4459,#4460,#4461));
#853=EDGE_LOOP('',(#4462,#4463,#4464));
#854=EDGE_LOOP('',(#4465,#4466,#4467,#4468));
#855=EDGE_LOOP('',(#4469,#4470,#4471,#4472));
#856=EDGE_LOOP('',(#4473,#4474,#4475));
#857=EDGE_LOOP('',(#4476,#4477,#4478,#4479));
#858=EDGE_LOOP('',(#4480,#4481,#4482,#4483));
#859=EDGE_LOOP('',(#4484,#4485,#4486,#4487));
#860=EDGE_LOOP('',(#4488,#4489,#4490,#4491,#4492,#4493));
#861=EDGE_LOOP('',(#4494,#4495,#4496));
#862=EDGE_LOOP('',(#4497,#4498,#4499));
#863=EDGE_LOOP('',(#4500,#4501,#4502,#4503));
#864=EDGE_LOOP('',(#4504,#4505,#4506,#4507));
#865=EDGE_LOOP('',(#4508,#4509,#4510));
#866=EDGE_LOOP('',(#4511,#4512,#4513,#4514,#4515,#4516));
#867=EDGE_LOOP('',(#4517,#4518,#4519,#4520));
#868=EDGE_LOOP('',(#4521,#4522,#4523,#4524));
#869=EDGE_LOOP('',(#4525,#4526,#4527));
#870=EDGE_LOOP('',(#4528,#4529,#4530,#4531));
#871=EDGE_LOOP('',(#4532,#4533,#4534,#4535));
#872=EDGE_LOOP('',(#4536,#4537,#4538));
#873=EDGE_LOOP('',(#4539,#4540,#4541,#4542,#4543,#4544));
#874=EDGE_LOOP('',(#4545,#4546,#4547,#4548));
#875=EDGE_LOOP('',(#4549,#4550,#4551,#4552));
#876=EDGE_LOOP('',(#4553,#4554,#4555,#4556));
#877=EDGE_LOOP('',(#4557,#4558,#4559,#4560));
#878=EDGE_LOOP('',(#4561,#4562,#4563,#4564));
#879=EDGE_LOOP('',(#4565,#4566,#4567,#4568,#4569));
#880=EDGE_LOOP('',(#4570,#4571,#4572,#4573,#4574,#4575,#4576,#4577));
#881=EDGE_LOOP('',(#4578,#4579,#4580,#4581,#4582));
#882=EDGE_LOOP('',(#4583,#4584,#4585,#4586,#4587));
#883=EDGE_LOOP('',(#4588,#4589,#4590,#4591,#4592,#4593,#4594,#4595));
#884=EDGE_LOOP('',(#4596,#4597,#4598,#4599,#4600));
#885=EDGE_LOOP('',(#4601,#4602,#4603,#4604,#4605,#4606));
#886=EDGE_LOOP('',(#4607,#4608,#4609,#4610,#4611,#4612));
#887=EDGE_LOOP('',(#4613,#4614,#4615,#4616,#4617,#4618,#4619,#4620,#4621,
#4622,#4623,#4624,#4625,#4626));
#888=EDGE_LOOP('',(#4627,#4628,#4629,#4630,#4631,#4632,#4633,#4634,#4635,
#4636,#4637,#4638,#4639,#4640));
#889=EDGE_LOOP('',(#4641,#4642,#4643,#4644));
#890=EDGE_LOOP('',(#4645,#4646,#4647,#4648,#4649,#4650,#4651,#4652,#4653,
#4654,#4655,#4656,#4657,#4658));
#891=EDGE_LOOP('',(#4659,#4660,#4661,#4662));
#892=EDGE_LOOP('',(#4663,#4664,#4665,#4666));
#893=EDGE_LOOP('',(#4667,#4668,#4669,#4670,#4671,#4672,#4673,#4674,#4675,
#4676,#4677,#4678,#4679,#4680));
#894=EDGE_LOOP('',(#4681,#4682,#4683,#4684));
#895=EDGE_LOOP('',(#4685,#4686,#4687,#4688,#4689,#4690,#4691,#4692,#4693,
#4694,#4695,#4696));
#896=EDGE_LOOP('',(#4697,#4698,#4699,#4700));
#897=EDGE_LOOP('',(#4701,#4702,#4703,#4704));
#898=EDGE_LOOP('',(#4705,#4706,#4707,#4708,#4709));
#899=EDGE_LOOP('',(#4710,#4711,#4712,#4713));
#900=EDGE_LOOP('',(#4714,#4715,#4716,#4717,#4718,#4719));
#901=EDGE_LOOP('',(#4720,#4721,#4722,#4723));
#902=EDGE_LOOP('',(#4724,#4725,#4726,#4727));
#903=EDGE_LOOP('',(#4728,#4729,#4730,#4731));
#904=EDGE_LOOP('',(#4732,#4733,#4734,#4735));
#905=EDGE_LOOP('',(#4736,#4737,#4738,#4739));
#906=EDGE_LOOP('',(#4740,#4741,#4742,#4743));
#907=EDGE_LOOP('',(#4744,#4745,#4746,#4747));
#908=EDGE_LOOP('',(#4748,#4749,#4750,#4751));
#909=EDGE_LOOP('',(#4752,#4753,#4754,#4755));
#910=EDGE_LOOP('',(#4756,#4757,#4758,#4759));
#911=EDGE_LOOP('',(#4760,#4761,#4762,#4763));
#912=EDGE_LOOP('',(#4764,#4765,#4766,#4767));
#913=EDGE_LOOP('',(#4768,#4769,#4770,#4771));
#914=EDGE_LOOP('',(#4772,#4773,#4774,#4775,#4776));
#915=EDGE_LOOP('',(#4777,#4778,#4779,#4780,#4781,#4782));
#916=EDGE_LOOP('',(#4783,#4784,#4785,#4786,#4787));
#917=EDGE_LOOP('',(#4788,#4789,#4790));
#918=EDGE_LOOP('',(#4791,#4792,#4793,#4794));
#919=EDGE_LOOP('',(#4795,#4796,#4797,#4798));
#920=EDGE_LOOP('',(#4799,#4800,#4801));
#921=EDGE_LOOP('',(#4802,#4803,#4804,#4805));
#922=EDGE_LOOP('',(#4806,#4807,#4808,#4809));
#923=EDGE_LOOP('',(#4810,#4811,#4812));
#924=EDGE_LOOP('',(#4813,#4814,#4815,#4816));
#925=EDGE_LOOP('',(#4817,#4818,#4819,#4820));
#926=EDGE_LOOP('',(#4821,#4822,#4823,#4824));
#927=EDGE_LOOP('',(#4825,#4826,#4827,#4828,#4829,#4830));
#928=EDGE_LOOP('',(#4831,#4832,#4833));
#929=EDGE_LOOP('',(#4834,#4835,#4836));
#930=EDGE_LOOP('',(#4837,#4838,#4839,#4840));
#931=EDGE_LOOP('',(#4841,#4842,#4843,#4844));
#932=EDGE_LOOP('',(#4845,#4846,#4847));
#933=EDGE_LOOP('',(#4848,#4849,#4850,#4851,#4852,#4853));
#934=EDGE_LOOP('',(#4854,#4855,#4856,#4857));
#935=EDGE_LOOP('',(#4858,#4859,#4860));
#936=EDGE_LOOP('',(#4861,#4862,#4863,#4864));
#937=EDGE_LOOP('',(#4865,#4866,#4867));
#938=EDGE_LOOP('',(#4868,#4869,#4870,#4871,#4872,#4873));
#939=EDGE_LOOP('',(#4874,#4875,#4876,#4877,#4878,#4879,#4880,#4881,#4882,
#4883,#4884,#4885,#4886,#4887,#4888,#4889,#4890,#4891,#4892,#4893,#4894,
#4895,#4896,#4897,#4898,#4899,#4900,#4901));
#940=EDGE_LOOP('',(#4902,#4903,#4904,#4905));
#941=EDGE_LOOP('',(#4906,#4907,#4908,#4909,#4910,#4911,#4912,#4913,#4914,
#4915,#4916,#4917,#4918,#4919,#4920,#4921,#4922,#4923,#4924,#4925,#4926,
#4927,#4928,#4929,#4930));
#942=EDGE_LOOP('',(#4931,#4932));
#943=EDGE_LOOP('',(#4933,#4934,#4935,#4936));
#944=EDGE_LOOP('',(#4937,#4938,#4939,#4940));
#945=EDGE_LOOP('',(#4941,#4942,#4943,#4944));
#946=EDGE_LOOP('',(#4945,#4946,#4947,#4948));
#947=EDGE_LOOP('',(#4949,#4950,#4951,#4952,#4953,#4954,#4955,#4956,#4957));
#948=EDGE_LOOP('',(#4958,#4959,#4960,#4961));
#949=EDGE_LOOP('',(#4962));
#950=EDGE_LOOP('',(#4963,#4964,#4965,#4966));
#951=EDGE_LOOP('',(#4967,#4968,#4969,#4970));
#952=EDGE_LOOP('',(#4971,#4972,#4973,#4974));
#953=EDGE_LOOP('',(#4975,#4976,#4977,#4978,#4979));
#954=EDGE_LOOP('',(#4980,#4981,#4982,#4983,#4984,#4985,#4986,#4987));
#955=EDGE_LOOP('',(#4988,#4989,#4990,#4991,#4992));
#956=EDGE_LOOP('',(#4993,#4994,#4995,#4996,#4997));
#957=EDGE_LOOP('',(#4998,#4999,#5000,#5001,#5002,#5003,#5004,#5005));
#958=EDGE_LOOP('',(#5006,#5007,#5008,#5009,#5010));
#959=EDGE_LOOP('',(#5011,#5012,#5013,#5014,#5015,#5016));
#960=EDGE_LOOP('',(#5017,#5018,#5019,#5020,#5021,#5022));
#961=EDGE_LOOP('',(#5023,#5024,#5025,#5026));
#962=EDGE_LOOP('',(#5027,#5028,#5029,#5030,#5031,#5032,#5033,#5034,#5035,
#5036,#5037,#5038,#5039,#5040));
#963=EDGE_LOOP('',(#5041,#5042,#5043,#5044));
#964=EDGE_LOOP('',(#5045,#5046,#5047,#5048));
#965=EDGE_LOOP('',(#5049,#5050,#5051,#5052,#5053,#5054,#5055,#5056,#5057,
#5058,#5059,#5060,#5061,#5062));
#966=EDGE_LOOP('',(#5063,#5064,#5065,#5066));
#967=EDGE_LOOP('',(#5067,#5068,#5069,#5070,#5071,#5072,#5073,#5074,#5075,
#5076,#5077,#5078,#5079,#5080));
#968=EDGE_LOOP('',(#5081,#5082,#5083,#5084));
#969=EDGE_LOOP('',(#5085,#5086,#5087,#5088));
#970=EDGE_LOOP('',(#5089,#5090,#5091,#5092,#5093,#5094,#5095,#5096,#5097,
#5098,#5099,#5100,#5101,#5102));
#971=EDGE_LOOP('',(#5103,#5104,#5105,#5106));
#972=EDGE_LOOP('',(#5107,#5108,#5109,#5110,#5111,#5112,#5113,#5114,#5115,
#5116,#5117,#5118));
#973=EDGE_LOOP('',(#5119,#5120,#5121,#5122));
#974=EDGE_LOOP('',(#5123,#5124,#5125,#5126));
#975=EDGE_LOOP('',(#5127,#5128,#5129,#5130,#5131));
#976=EDGE_LOOP('',(#5132,#5133,#5134,#5135));
#977=EDGE_LOOP('',(#5136,#5137,#5138,#5139,#5140,#5141));
#978=EDGE_LOOP('',(#5142,#5143,#5144,#5145));
#979=EDGE_LOOP('',(#5146,#5147,#5148,#5149));
#980=EDGE_LOOP('',(#5150,#5151,#5152,#5153,#5154,#5155));
#981=EDGE_LOOP('',(#5156,#5157,#5158,#5159));
#982=EDGE_LOOP('',(#5160,#5161,#5162,#5163));
#983=EDGE_LOOP('',(#5164,#5165,#5166,#5167));
#984=EDGE_LOOP('',(#5168,#5169,#5170,#5171));
#985=EDGE_LOOP('',(#5172,#5173,#5174,#5175));
#986=EDGE_LOOP('',(#5176,#5177,#5178,#5179));
#987=EDGE_LOOP('',(#5180,#5181,#5182,#5183));
#988=EDGE_LOOP('',(#5184,#5185,#5186,#5187));
#989=EDGE_LOOP('',(#5188,#5189,#5190,#5191));
#990=EDGE_LOOP('',(#5192,#5193,#5194,#5195));
#991=EDGE_LOOP('',(#5196,#5197,#5198,#5199));
#992=EDGE_LOOP('',(#5200,#5201,#5202,#5203));
#993=EDGE_LOOP('',(#5204,#5205,#5206,#5207));
#994=EDGE_LOOP('',(#5208,#5209,#5210,#5211));
#995=EDGE_LOOP('',(#5212,#5213,#5214,#5215));
#996=EDGE_LOOP('',(#5216,#5217,#5218,#5219));
#997=EDGE_LOOP('',(#5220,#5221,#5222,#5223));
#998=EDGE_LOOP('',(#5224,#5225,#5226,#5227));
#999=EDGE_LOOP('',(#5228,#5229,#5230,#5231));
#1000=EDGE_LOOP('',(#5232,#5233,#5234,#5235,#5236));
#1001=EDGE_LOOP('',(#5237,#5238,#5239,#5240,#5241,#5242));
#1002=EDGE_LOOP('',(#5243,#5244,#5245,#5246,#5247));
#1003=EDGE_LOOP('',(#5248,#5249,#5250));
#1004=EDGE_LOOP('',(#5251,#5252,#5253,#5254));
#1005=EDGE_LOOP('',(#5255,#5256,#5257,#5258));
#1006=EDGE_LOOP('',(#5259,#5260,#5261));
#1007=EDGE_LOOP('',(#5262,#5263,#5264,#5265));
#1008=EDGE_LOOP('',(#5266,#5267,#5268,#5269));
#1009=EDGE_LOOP('',(#5270,#5271,#5272));
#1010=EDGE_LOOP('',(#5273,#5274,#5275,#5276));
#1011=EDGE_LOOP('',(#5277,#5278,#5279,#5280));
#1012=EDGE_LOOP('',(#5281,#5282,#5283,#5284));
#1013=EDGE_LOOP('',(#5285,#5286,#5287,#5288,#5289,#5290));
#1014=EDGE_LOOP('',(#5291,#5292,#5293));
#1015=EDGE_LOOP('',(#5294,#5295,#5296));
#1016=EDGE_LOOP('',(#5297,#5298,#5299,#5300));
#1017=EDGE_LOOP('',(#5301,#5302,#5303,#5304));
#1018=EDGE_LOOP('',(#5305,#5306,#5307));
#1019=EDGE_LOOP('',(#5308,#5309,#5310,#5311,#5312,#5313));
#1020=EDGE_LOOP('',(#5314,#5315,#5316,#5317));
#1021=EDGE_LOOP('',(#5318,#5319,#5320,#5321));
#1022=EDGE_LOOP('',(#5322,#5323,#5324));
#1023=EDGE_LOOP('',(#5325,#5326,#5327,#5328));
#1024=EDGE_LOOP('',(#5329,#5330,#5331,#5332));
#1025=EDGE_LOOP('',(#5333,#5334,#5335));
#1026=EDGE_LOOP('',(#5336,#5337,#5338,#5339,#5340,#5341));
#1027=EDGE_LOOP('',(#5342,#5343,#5344,#5345));
#1028=EDGE_LOOP('',(#5346,#5347,#5348,#5349));
#1029=EDGE_LOOP('',(#5350,#5351,#5352,#5353,#5354));
#1030=EDGE_LOOP('',(#5355,#5356,#5357,#5358));
#1031=EDGE_LOOP('',(#5359,#5360,#5361,#5362));
#1032=EDGE_LOOP('',(#5363,#5364,#5365,#5366,#5367));
#1033=EDGE_LOOP('',(#5368,#5369,#5370,#5371,#5372,#5373,#5374,#5375));
#1034=EDGE_LOOP('',(#5376,#5377,#5378,#5379,#5380));
#1035=EDGE_LOOP('',(#5381,#5382,#5383,#5384,#5385));
#1036=EDGE_LOOP('',(#5386,#5387,#5388,#5389,#5390,#5391,#5392,#5393));
#1037=EDGE_LOOP('',(#5394,#5395,#5396,#5397,#5398));
#1038=EDGE_LOOP('',(#5399,#5400,#5401,#5402,#5403,#5404));
#1039=EDGE_LOOP('',(#5405,#5406,#5407,#5408,#5409,#5410));
#1040=EDGE_LOOP('',(#5411,#5412,#5413,#5414,#5415,#5416,#5417,#5418,#5419,
#5420,#5421,#5422,#5423,#5424));
#1041=EDGE_LOOP('',(#5425,#5426,#5427,#5428,#5429,#5430,#5431,#5432,#5433,
#5434,#5435,#5436,#5437,#5438));
#1042=EDGE_LOOP('',(#5439,#5440,#5441,#5442));
#1043=EDGE_LOOP('',(#5443,#5444,#5445,#5446,#5447,#5448,#5449,#5450,#5451,
#5452,#5453,#5454,#5455,#5456));
#1044=EDGE_LOOP('',(#5457,#5458,#5459,#5460));
#1045=EDGE_LOOP('',(#5461,#5462,#5463,#5464));
#1046=EDGE_LOOP('',(#5465,#5466,#5467,#5468,#5469,#5470,#5471,#5472,#5473,
#5474,#5475,#5476,#5477,#5478));
#1047=EDGE_LOOP('',(#5479,#5480,#5481,#5482));
#1048=EDGE_LOOP('',(#5483,#5484,#5485,#5486,#5487,#5488,#5489,#5490,#5491,
#5492,#5493,#5494));
#1049=EDGE_LOOP('',(#5495,#5496,#5497,#5498));
#1050=EDGE_LOOP('',(#5499,#5500,#5501,#5502));
#1051=EDGE_LOOP('',(#5503,#5504,#5505,#5506,#5507));
#1052=EDGE_LOOP('',(#5508,#5509,#5510,#5511));
#1053=EDGE_LOOP('',(#5512,#5513,#5514,#5515,#5516,#5517));
#1054=EDGE_LOOP('',(#5518,#5519,#5520,#5521));
#1055=EDGE_LOOP('',(#5522,#5523,#5524,#5525));
#1056=EDGE_LOOP('',(#5526,#5527,#5528,#5529));
#1057=EDGE_LOOP('',(#5530,#5531,#5532,#5533));
#1058=EDGE_LOOP('',(#5534,#5535,#5536,#5537));
#1059=EDGE_LOOP('',(#5538,#5539,#5540,#5541));
#1060=EDGE_LOOP('',(#5542,#5543,#5544,#5545));
#1061=EDGE_LOOP('',(#5546,#5547,#5548,#5549));
#1062=EDGE_LOOP('',(#5550,#5551,#5552,#5553));
#1063=EDGE_LOOP('',(#5554,#5555,#5556,#5557));
#1064=EDGE_LOOP('',(#5558,#5559,#5560,#5561));
#1065=EDGE_LOOP('',(#5562,#5563,#5564,#5565));
#1066=EDGE_LOOP('',(#5566,#5567,#5568,#5569));
#1067=EDGE_LOOP('',(#5570,#5571,#5572,#5573,#5574));
#1068=EDGE_LOOP('',(#5575,#5576,#5577,#5578,#5579,#5580));
#1069=EDGE_LOOP('',(#5581,#5582,#5583,#5584,#5585));
#1070=EDGE_LOOP('',(#5586,#5587,#5588));
#1071=EDGE_LOOP('',(#5589,#5590,#5591,#5592));
#1072=EDGE_LOOP('',(#5593,#5594,#5595,#5596));
#1073=EDGE_LOOP('',(#5597,#5598,#5599));
#1074=EDGE_LOOP('',(#5600,#5601,#5602,#5603));
#1075=EDGE_LOOP('',(#5604,#5605,#5606,#5607));
#1076=EDGE_LOOP('',(#5608,#5609,#5610));
#1077=EDGE_LOOP('',(#5611,#5612,#5613,#5614));
#1078=EDGE_LOOP('',(#5615,#5616,#5617,#5618));
#1079=EDGE_LOOP('',(#5619,#5620,#5621,#5622));
#1080=EDGE_LOOP('',(#5623,#5624,#5625,#5626,#5627,#5628));
#1081=EDGE_LOOP('',(#5629,#5630,#5631));
#1082=EDGE_LOOP('',(#5632,#5633,#5634));
#1083=EDGE_LOOP('',(#5635,#5636,#5637,#5638));
#1084=EDGE_LOOP('',(#5639,#5640,#5641,#5642));
#1085=EDGE_LOOP('',(#5643,#5644,#5645));
#1086=EDGE_LOOP('',(#5646,#5647,#5648,#5649,#5650,#5651));
#1087=EDGE_LOOP('',(#5652,#5653,#5654,#5655));
#1088=EDGE_LOOP('',(#5656,#5657,#5658));
#1089=EDGE_LOOP('',(#5659,#5660,#5661,#5662));
#1090=EDGE_LOOP('',(#5663,#5664,#5665));
#1091=EDGE_LOOP('',(#5666,#5667,#5668,#5669,#5670,#5671));
#1092=EDGE_LOOP('',(#5672,#5673,#5674,#5675));
#1093=EDGE_LOOP('',(#5676,#5677,#5678,#5679,#5680,#5681,#5682));
#1094=EDGE_LOOP('',(#5683,#5684,#5685,#5686));
#1095=EDGE_LOOP('',(#5687,#5688,#5689));
#1096=EDGE_LOOP('',(#5690,#5691,#5692,#5693));
#1097=EDGE_LOOP('',(#5694,#5695,#5696));
#1098=EDGE_LOOP('',(#5697,#5698,#5699,#5700));
#1099=EDGE_LOOP('',(#5701,#5702,#5703));
#1100=EDGE_LOOP('',(#5704,#5705,#5706,#5707));
#1101=EDGE_LOOP('',(#5708,#5709,#5710));
#1102=EDGE_LOOP('',(#5711,#5712,#5713,#5714,#5715));
#1103=EDGE_LOOP('',(#5716,#5717,#5718,#5719,#5720));
#1104=EDGE_LOOP('',(#5721,#5722,#5723,#5724,#5725));
#1105=EDGE_LOOP('',(#5726,#5727,#5728,#5729,#5730));
#1106=EDGE_LOOP('',(#5731,#5732,#5733,#5734));
#1107=EDGE_LOOP('',(#5735,#5736,#5737,#5738));
#1108=EDGE_LOOP('',(#5739));
#1109=EDGE_LOOP('',(#5740));
#1110=EDGE_LOOP('',(#5741));
#1111=EDGE_LOOP('',(#5742));
#1112=EDGE_LOOP('',(#5743,#5744,#5745,#5746));
#1113=EDGE_LOOP('',(#5747,#5748,#5749,#5750));
#1114=EDGE_LOOP('',(#5751,#5752,#5753,#5754));
#1115=EDGE_LOOP('',(#5755,#5756,#5757,#5758));
#1116=EDGE_LOOP('',(#5759,#5760,#5761,#5762));
#1117=EDGE_LOOP('',(#5763,#5764,#5765,#5766));
#1118=EDGE_LOOP('',(#5767,#5768,#5769,#5770));
#1119=EDGE_LOOP('',(#5771,#5772,#5773,#5774));
#1120=EDGE_LOOP('',(#5775,#5776,#5777,#5778));
#1121=EDGE_LOOP('',(#5779,#5780,#5781,#5782));
#1122=EDGE_LOOP('',(#5783,#5784,#5785,#5786));
#1123=EDGE_LOOP('',(#5787,#5788,#5789,#5790));
#1124=EDGE_LOOP('',(#5791,#5792,#5793,#5794));
#1125=EDGE_LOOP('',(#5795,#5796,#5797,#5798));
#1126=EDGE_LOOP('',(#5799,#5800,#5801,#5802));
#1127=EDGE_LOOP('',(#5803,#5804,#5805,#5806));
#1128=EDGE_LOOP('',(#5807,#5808,#5809,#5810,#5811,#5812,#5813,#5814));
#1129=EDGE_LOOP('',(#5815,#5816,#5817,#5818,#5819,#5820,#5821,#5822,#5823,
#5824));
#1130=EDGE_LOOP('',(#5825,#5826,#5827,#5828,#5829,#5830));
#1131=EDGE_LOOP('',(#5831,#5832,#5833,#5834));
#1132=EDGE_LOOP('',(#5835,#5836,#5837,#5838));
#1133=EDGE_LOOP('',(#5839,#5840,#5841,#5842));
#1134=EDGE_LOOP('',(#5843,#5844,#5845,#5846));
#1135=EDGE_LOOP('',(#5847,#5848,#5849,#5850));
#1136=EDGE_LOOP('',(#5851,#5852,#5853,#5854));
#1137=EDGE_LOOP('',(#5855));
#1138=EDGE_LOOP('',(#5856));
#1139=LINE('',#8906,#1756);
#1140=LINE('',#8911,#1757);
#1141=LINE('',#8913,#1758);
#1142=LINE('',#8915,#1759);
#1143=LINE('',#8917,#1760);
#1144=LINE('',#8919,#1761);
#1145=LINE('',#8921,#1762);
#1146=LINE('',#8923,#1763);
#1147=LINE('',#8925,#1764);
#1148=LINE('',#8927,#1765);
#1149=LINE('',#8929,#1766);
#1150=LINE('',#8931,#1767);
#1151=LINE('',#8933,#1768);
#1152=LINE('',#8935,#1769);
#1153=LINE('',#8937,#1770);
#1154=LINE('',#8939,#1771);
#1155=LINE('',#8941,#1772);
#1156=LINE('',#8943,#1773);
#1157=LINE('',#8945,#1774);
#1158=LINE('',#8947,#1775);
#1159=LINE('',#8949,#1776);
#1160=LINE('',#8951,#1777);
#1161=LINE('',#8953,#1778);
#1162=LINE('',#8955,#1779);
#1163=LINE('',#8957,#1780);
#1164=LINE('',#8959,#1781);
#1165=LINE('',#8961,#1782);
#1166=LINE('',#8963,#1783);
#1167=LINE('',#8964,#1784);
#1168=LINE('',#8968,#1785);
#1169=LINE('',#8970,#1786);
#1170=LINE('',#8972,#1787);
#1171=LINE('',#8973,#1788);
#1172=LINE('',#8977,#1789);
#1173=LINE('',#8979,#1790);
#1174=LINE('',#8981,#1791);
#1175=LINE('',#8982,#1792);
#1176=LINE('',#8986,#1793);
#1177=LINE('',#8988,#1794);
#1178=LINE('',#8990,#1795);
#1179=LINE('',#8991,#1796);
#1180=LINE('',#8995,#1797);
#1181=LINE('',#8997,#1798);
#1182=LINE('',#8999,#1799);
#1183=LINE('',#9000,#1800);
#1184=LINE('',#9004,#1801);
#1185=LINE('',#9006,#1802);
#1186=LINE('',#9008,#1803);
#1187=LINE('',#9009,#1804);
#1188=LINE('',#9013,#1805);
#1189=LINE('',#9017,#1806);
#1190=LINE('',#9019,#1807);
#1191=LINE('',#9023,#1808);
#1192=LINE('',#9025,#1809);
#1193=LINE('',#9029,#1810);
#1194=LINE('',#9031,#1811);
#1195=LINE('',#9033,#1812);
#1196=LINE('',#9035,#1813);
#1197=LINE('',#9037,#1814);
#1198=LINE('',#9039,#1815);
#1199=LINE('',#9041,#1816);
#1200=LINE('',#9043,#1817);
#1201=LINE('',#9045,#1818);
#1202=LINE('',#9047,#1819);
#1203=LINE('',#9049,#1820);
#1204=LINE('',#9051,#1821);
#1205=LINE('',#9053,#1822);
#1206=LINE('',#9055,#1823);
#1207=LINE('',#9057,#1824);
#1208=LINE('',#9059,#1825);
#1209=LINE('',#9061,#1826);
#1210=LINE('',#9062,#1827);
#1211=LINE('',#9067,#1828);
#1212=LINE('',#9069,#1829);
#1213=LINE('',#9071,#1830);
#1214=LINE('',#9072,#1831);
#1215=LINE('',#9075,#1832);
#1216=LINE('',#9077,#1833);
#1217=LINE('',#9078,#1834);
#1218=LINE('',#9080,#1835);
#1219=LINE('',#9082,#1836);
#1220=LINE('',#9083,#1837);
#1221=LINE('',#9086,#1838);
#1222=LINE('',#9088,#1839);
#1223=LINE('',#9093,#1840);
#1224=LINE('',#9094,#1841);
#1225=LINE('',#9095,#1842);
#1226=LINE('',#9097,#1843);
#1227=LINE('',#9098,#1844);
#1228=LINE('',#9103,#1845);
#1229=LINE('',#9105,#1846);
#1230=LINE('',#9107,#1847);
#1231=LINE('',#9109,#1848);
#1232=LINE('',#9110,#1849);
#1233=LINE('',#9113,#1850);
#1234=LINE('',#9115,#1851);
#1235=LINE('',#9118,#1852);
#1236=LINE('',#9120,#1853);
#1237=LINE('',#9124,#1854);
#1238=LINE('',#9126,#1855);
#1239=LINE('',#9128,#1856);
#1240=LINE('',#9129,#1857);
#1241=LINE('',#9133,#1858);
#1242=LINE('',#9135,#1859);
#1243=LINE('',#9137,#1860);
#1244=LINE('',#9139,#1861);
#1245=LINE('',#9140,#1862);
#1246=LINE('',#9143,#1863);
#1247=LINE('',#9145,#1864);
#1248=LINE('',#9148,#1865);
#1249=LINE('',#9150,#1866);
#1250=LINE('',#9154,#1867);
#1251=LINE('',#9156,#1868);
#1252=LINE('',#9158,#1869);
#1253=LINE('',#9159,#1870);
#1254=LINE('',#9169,#1871);
#1255=LINE('',#9171,#1872);
#1256=LINE('',#9173,#1873);
#1257=LINE('',#9174,#1874);
#1258=LINE('',#9177,#1875);
#1259=LINE('',#9181,#1876);
#1260=LINE('',#9185,#1877);
#1261=LINE('',#9186,#1878);
#1262=LINE('',#9190,#1879);
#1263=LINE('',#9194,#1880);
#1264=LINE('',#9195,#1881);
#1265=LINE('',#9198,#1882);
#1266=LINE('',#9199,#1883);
#1267=LINE('',#9202,#1884);
#1268=LINE('',#9203,#1885);
#1269=LINE('',#9207,#1886);
#1270=LINE('',#9210,#1887);
#1271=LINE('',#9212,#1888);
#1272=LINE('',#9214,#1889);
#1273=LINE('',#9218,#1890);
#1274=LINE('',#9222,#1891);
#1275=LINE('',#9224,#1892);
#1276=LINE('',#9226,#1893);
#1277=LINE('',#9230,#1894);
#1278=LINE('',#9232,#1895);
#1279=LINE('',#9233,#1896);
#1280=LINE('',#9236,#1897);
#1281=LINE('',#9240,#1898);
#1282=LINE('',#9244,#1899);
#1283=LINE('',#9245,#1900);
#1284=LINE('',#9249,#1901);
#1285=LINE('',#9253,#1902);
#1286=LINE('',#9254,#1903);
#1287=LINE('',#9256,#1904);
#1288=LINE('',#9258,#1905);
#1289=LINE('',#9262,#1906);
#1290=LINE('',#9265,#1907);
#1291=LINE('',#9267,#1908);
#1292=LINE('',#9269,#1909);
#1293=LINE('',#9273,#1910);
#1294=LINE('',#9277,#1911);
#1295=LINE('',#9279,#1912);
#1296=LINE('',#9281,#1913);
#1297=LINE('',#9285,#1914);
#1298=LINE('',#9287,#1915);
#1299=LINE('',#9288,#1916);
#1300=LINE('',#9291,#1917);
#1301=LINE('',#9295,#1918);
#1302=LINE('',#9299,#1919);
#1303=LINE('',#9300,#1920);
#1304=LINE('',#9304,#1921);
#1305=LINE('',#9307,#1922);
#1306=LINE('',#9309,#1923);
#1307=LINE('',#9311,#1924);
#1308=LINE('',#9313,#1925);
#1309=LINE('',#9316,#1926);
#1310=LINE('',#9317,#1927);
#1311=LINE('',#9319,#1928);
#1312=LINE('',#9323,#1929);
#1313=LINE('',#9324,#1930);
#1314=LINE('',#9327,#1931);
#1315=LINE('',#9329,#1932);
#1316=LINE('',#9330,#1933);
#1317=LINE('',#9333,#1934);
#1318=LINE('',#9335,#1935);
#1319=LINE('',#9339,#1936);
#1320=LINE('',#9341,#1937);
#1321=LINE('',#9342,#1938);
#1322=LINE('',#9344,#1939);
#1323=LINE('',#9346,#1940);
#1324=LINE('',#9347,#1941);
#1325=LINE('',#9350,#1942);
#1326=LINE('',#9352,#1943);
#1327=LINE('',#9353,#1944);
#1328=LINE('',#9356,#1945);
#1329=LINE('',#9357,#1946);
#1330=LINE('',#9439,#1947);
#1331=LINE('',#9441,#1948);
#1332=LINE('',#9443,#1949);
#1333=LINE('',#9444,#1950);
#1334=LINE('',#9448,#1951);
#1335=LINE('',#9450,#1952);
#1336=LINE('',#9452,#1953);
#1337=LINE('',#9453,#1954);
#1338=LINE('',#9457,#1955);
#1339=LINE('',#9459,#1956);
#1340=LINE('',#9461,#1957);
#1341=LINE('',#9462,#1958);
#1342=LINE('',#9465,#1959);
#1343=LINE('',#9467,#1960);
#1344=LINE('',#9468,#1961);
#1345=LINE('',#9473,#1962);
#1346=LINE('',#9475,#1963);
#1347=LINE('',#9477,#1964);
#1348=LINE('',#9479,#1965);
#1349=LINE('',#9480,#1966);
#1350=LINE('',#9484,#1967);
#1351=LINE('',#9486,#1968);
#1352=LINE('',#9490,#1969);
#1353=LINE('',#9491,#1970);
#1354=LINE('',#9494,#1971);
#1355=LINE('',#9496,#1972);
#1356=LINE('',#9498,#1973);
#1357=LINE('',#9499,#1974);
#1358=LINE('',#9503,#1975);
#1359=LINE('',#9505,#1976);
#1360=LINE('',#9507,#1977);
#1361=LINE('',#9509,#1978);
#1362=LINE('',#9510,#1979);
#1363=LINE('',#9514,#1980);
#1364=LINE('',#9516,#1981);
#1365=LINE('',#9520,#1982);
#1366=LINE('',#9521,#1983);
#1367=LINE('',#9524,#1984);
#1368=LINE('',#9526,#1985);
#1369=LINE('',#9528,#1986);
#1370=LINE('',#9529,#1987);
#1371=LINE('',#9537,#1988);
#1372=LINE('',#9541,#1989);
#1373=LINE('',#9545,#1990);
#1374=LINE('',#9547,#1991);
#1375=LINE('',#9549,#1992);
#1376=LINE('',#9553,#1993);
#1377=LINE('',#9557,#1994);
#1378=LINE('',#9558,#1995);
#1379=LINE('',#9560,#1996);
#1380=LINE('',#9564,#1997);
#1381=LINE('',#9566,#1998);
#1382=LINE('',#9567,#1999);
#1383=LINE('',#9570,#2000);
#1384=LINE('',#9572,#2001);
#1385=LINE('',#9574,#2002);
#1386=LINE('',#9578,#2003);
#1387=LINE('',#9581,#2004);
#1388=LINE('',#9583,#2005);
#1389=LINE('',#9587,#2006);
#1390=LINE('',#9590,#2007);
#1391=LINE('',#9592,#2008);
#1392=LINE('',#9596,#2009);
#1393=LINE('',#9600,#2010);
#1394=LINE('',#9602,#2011);
#1395=LINE('',#9604,#2012);
#1396=LINE('',#9608,#2013);
#1397=LINE('',#9612,#2014);
#1398=LINE('',#9613,#2015);
#1399=LINE('',#9615,#2016);
#1400=LINE('',#9619,#2017);
#1401=LINE('',#9621,#2018);
#1402=LINE('',#9622,#2019);
#1403=LINE('',#9625,#2020);
#1404=LINE('',#9627,#2021);
#1405=LINE('',#9631,#2022);
#1406=LINE('',#9634,#2023);
#1407=LINE('',#9636,#2024);
#1408=LINE('',#9640,#2025);
#1409=LINE('',#9643,#2026);
#1410=LINE('',#9645,#2027);
#1411=LINE('',#9648,#2028);
#1412=LINE('',#9650,#2029);
#1413=LINE('',#9651,#2030);
#1414=LINE('',#9655,#2031);
#1415=LINE('',#9657,#2032);
#1416=LINE('',#9658,#2033);
#1417=LINE('',#9660,#2034);
#1418=LINE('',#9662,#2035);
#1419=LINE('',#9663,#2036);
#1420=LINE('',#9665,#2037);
#1421=LINE('',#9667,#2038);
#1422=LINE('',#9668,#2039);
#1423=LINE('',#9733,#2040);
#1424=LINE('',#9735,#2041);
#1425=LINE('',#9737,#2042);
#1426=LINE('',#9739,#2043);
#1427=LINE('',#9741,#2044);
#1428=LINE('',#9743,#2045);
#1429=LINE('',#9745,#2046);
#1430=LINE('',#9747,#2047);
#1431=LINE('',#9749,#2048);
#1432=LINE('',#9751,#2049);
#1433=LINE('',#9753,#2050);
#1434=LINE('',#9755,#2051);
#1435=LINE('',#9757,#2052);
#1436=LINE('',#9759,#2053);
#1437=LINE('',#9761,#2054);
#1438=LINE('',#9763,#2055);
#1439=LINE('',#9765,#2056);
#1440=LINE('',#9767,#2057);
#1441=LINE('',#9769,#2058);
#1442=LINE('',#9771,#2059);
#1443=LINE('',#9773,#2060);
#1444=LINE('',#9775,#2061);
#1445=LINE('',#9777,#2062);
#1446=LINE('',#9779,#2063);
#1447=LINE('',#9781,#2064);
#1448=LINE('',#9783,#2065);
#1449=LINE('',#9785,#2066);
#1450=LINE('',#9786,#2067);
#1451=LINE('',#9790,#2068);
#1452=LINE('',#9792,#2069);
#1453=LINE('',#9794,#2070);
#1454=LINE('',#9795,#2071);
#1455=LINE('',#9799,#2072);
#1456=LINE('',#9803,#2073);
#1457=LINE('',#9805,#2074);
#1458=LINE('',#9809,#2075);
#1459=LINE('',#9811,#2076);
#1460=LINE('',#9813,#2077);
#1461=LINE('',#9815,#2078);
#1462=LINE('',#9817,#2079);
#1463=LINE('',#9819,#2080);
#1464=LINE('',#9821,#2081);
#1465=LINE('',#9823,#2082);
#1466=LINE('',#9825,#2083);
#1467=LINE('',#9827,#2084);
#1468=LINE('',#9829,#2085);
#1469=LINE('',#9831,#2086);
#1470=LINE('',#9833,#2087);
#1471=LINE('',#9835,#2088);
#1472=LINE('',#9837,#2089);
#1473=LINE('',#9839,#2090);
#1474=LINE('',#9841,#2091);
#1475=LINE('',#9843,#2092);
#1476=LINE('',#9845,#2093);
#1477=LINE('',#9846,#2094);
#1478=LINE('',#9851,#2095);
#1479=LINE('',#9853,#2096);
#1480=LINE('',#9855,#2097);
#1481=LINE('',#9856,#2098);
#1482=LINE('',#9860,#2099);
#1483=LINE('',#9862,#2100);
#1484=LINE('',#9864,#2101);
#1485=LINE('',#9865,#2102);
#1486=LINE('',#9869,#2103);
#1487=LINE('',#9871,#2104);
#1488=LINE('',#9873,#2105);
#1489=LINE('',#9874,#2106);
#1490=LINE('',#9878,#2107);
#1491=LINE('',#9880,#2108);
#1492=LINE('',#9882,#2109);
#1493=LINE('',#9883,#2110);
#1494=LINE('',#9887,#2111);
#1495=LINE('',#9889,#2112);
#1496=LINE('',#9890,#2113);
#1497=LINE('',#9892,#2114);
#1498=LINE('',#9894,#2115);
#1499=LINE('',#9895,#2116);
#1500=LINE('',#9896,#2117);
#1501=LINE('',#9899,#2118);
#1502=LINE('',#9902,#2119);
#1503=LINE('',#9905,#2120);
#1504=LINE('',#9907,#2121);
#1505=LINE('',#9908,#2122);
#1506=LINE('',#9910,#2123);
#1507=LINE('',#9911,#2124);
#1508=LINE('',#9916,#2125);
#1509=LINE('',#9918,#2126);
#1510=LINE('',#9920,#2127);
#1511=LINE('',#9922,#2128);
#1512=LINE('',#9923,#2129);
#1513=LINE('',#9927,#2130);
#1514=LINE('',#9929,#2131);
#1515=LINE('',#9933,#2132);
#1516=LINE('',#9934,#2133);
#1517=LINE('',#9937,#2134);
#1518=LINE('',#9939,#2135);
#1519=LINE('',#9941,#2136);
#1520=LINE('',#9942,#2137);
#1521=LINE('',#9946,#2138);
#1522=LINE('',#9948,#2139);
#1523=LINE('',#9950,#2140);
#1524=LINE('',#9952,#2141);
#1525=LINE('',#9953,#2142);
#1526=LINE('',#9957,#2143);
#1527=LINE('',#9959,#2144);
#1528=LINE('',#9963,#2145);
#1529=LINE('',#9964,#2146);
#1530=LINE('',#9967,#2147);
#1531=LINE('',#9969,#2148);
#1532=LINE('',#9971,#2149);
#1533=LINE('',#9972,#2150);
#1534=LINE('',#9982,#2151);
#1535=LINE('',#9984,#2152);
#1536=LINE('',#9986,#2153);
#1537=LINE('',#9987,#2154);
#1538=LINE('',#9990,#2155);
#1539=LINE('',#9992,#2156);
#1540=LINE('',#9994,#2157);
#1541=LINE('',#9998,#2158);
#1542=LINE('',#10001,#2159);
#1543=LINE('',#10003,#2160);
#1544=LINE('',#10007,#2161);
#1545=LINE('',#10011,#2162);
#1546=LINE('',#10012,#2163);
#1547=LINE('',#10015,#2164);
#1548=LINE('',#10016,#2165);
#1549=LINE('',#10020,#2166);
#1550=LINE('',#10024,#2167);
#1551=LINE('',#10026,#2168);
#1552=LINE('',#10028,#2169);
#1553=LINE('',#10032,#2170);
#1554=LINE('',#10036,#2171);
#1555=LINE('',#10037,#2172);
#1556=LINE('',#10039,#2173);
#1557=LINE('',#10043,#2174);
#1558=LINE('',#10045,#2175);
#1559=LINE('',#10046,#2176);
#1560=LINE('',#10049,#2177);
#1561=LINE('',#10051,#2178);
#1562=LINE('',#10053,#2179);
#1563=LINE('',#10057,#2180);
#1564=LINE('',#10060,#2181);
#1565=LINE('',#10062,#2182);
#1566=LINE('',#10066,#2183);
#1567=LINE('',#10069,#2184);
#1568=LINE('',#10071,#2185);
#1569=LINE('',#10075,#2186);
#1570=LINE('',#10079,#2187);
#1571=LINE('',#10081,#2188);
#1572=LINE('',#10083,#2189);
#1573=LINE('',#10087,#2190);
#1574=LINE('',#10091,#2191);
#1575=LINE('',#10092,#2192);
#1576=LINE('',#10094,#2193);
#1577=LINE('',#10098,#2194);
#1578=LINE('',#10100,#2195);
#1579=LINE('',#10101,#2196);
#1580=LINE('',#10104,#2197);
#1581=LINE('',#10106,#2198);
#1582=LINE('',#10110,#2199);
#1583=LINE('',#10113,#2200);
#1584=LINE('',#10115,#2201);
#1585=LINE('',#10119,#2202);
#1586=LINE('',#10122,#2203);
#1587=LINE('',#10124,#2204);
#1588=LINE('',#10127,#2205);
#1589=LINE('',#10129,#2206);
#1590=LINE('',#10130,#2207);
#1591=LINE('',#10134,#2208);
#1592=LINE('',#10136,#2209);
#1593=LINE('',#10137,#2210);
#1594=LINE('',#10140,#2211);
#1595=LINE('',#10142,#2212);
#1596=LINE('',#10143,#2213);
#1597=LINE('',#10149,#2214);
#1598=LINE('',#10150,#2215);
#1599=LINE('',#10152,#2216);
#1600=LINE('',#10154,#2217);
#1601=LINE('',#10155,#2218);
#1602=LINE('',#10157,#2219);
#1603=LINE('',#10159,#2220);
#1604=LINE('',#10160,#2221);
#1605=LINE('',#10163,#2222);
#1606=LINE('',#10165,#2223);
#1607=LINE('',#10166,#2224);
#1608=LINE('',#10169,#2225);
#1609=LINE('',#10170,#2226);
#1610=LINE('',#10252,#2227);
#1611=LINE('',#10254,#2228);
#1612=LINE('',#10256,#2229);
#1613=LINE('',#10257,#2230);
#1614=LINE('',#10261,#2231);
#1615=LINE('',#10263,#2232);
#1616=LINE('',#10265,#2233);
#1617=LINE('',#10266,#2234);
#1618=LINE('',#10270,#2235);
#1619=LINE('',#10272,#2236);
#1620=LINE('',#10274,#2237);
#1621=LINE('',#10276,#2238);
#1622=LINE('',#10277,#2239);
#1623=LINE('',#10281,#2240);
#1624=LINE('',#10283,#2241);
#1625=LINE('',#10285,#2242);
#1626=LINE('',#10286,#2243);
#1627=LINE('',#10291,#2244);
#1628=LINE('',#10293,#2245);
#1629=LINE('',#10295,#2246);
#1630=LINE('',#10297,#2247);
#1631=LINE('',#10298,#2248);
#1632=LINE('',#10301,#2249);
#1633=LINE('',#10303,#2250);
#1634=LINE('',#10306,#2251);
#1635=LINE('',#10308,#2252);
#1636=LINE('',#10312,#2253);
#1637=LINE('',#10314,#2254);
#1638=LINE('',#10316,#2255);
#1639=LINE('',#10317,#2256);
#1640=LINE('',#10321,#2257);
#1641=LINE('',#10323,#2258);
#1642=LINE('',#10325,#2259);
#1643=LINE('',#10327,#2260);
#1644=LINE('',#10328,#2261);
#1645=LINE('',#10331,#2262);
#1646=LINE('',#10333,#2263);
#1647=LINE('',#10336,#2264);
#1648=LINE('',#10338,#2265);
#1649=LINE('',#10342,#2266);
#1650=LINE('',#10344,#2267);
#1651=LINE('',#10346,#2268);
#1652=LINE('',#10347,#2269);
#1653=LINE('',#10355,#2270);
#1654=LINE('',#10359,#2271);
#1655=LINE('',#10362,#2272);
#1656=LINE('',#10364,#2273);
#1657=LINE('',#10366,#2274);
#1658=LINE('',#10370,#2275);
#1659=LINE('',#10374,#2276);
#1660=LINE('',#10376,#2277);
#1661=LINE('',#10378,#2278);
#1662=LINE('',#10382,#2279);
#1663=LINE('',#10384,#2280);
#1664=LINE('',#10385,#2281);
#1665=LINE('',#10388,#2282);
#1666=LINE('',#10392,#2283);
#1667=LINE('',#10396,#2284);
#1668=LINE('',#10397,#2285);
#1669=LINE('',#10401,#2286);
#1670=LINE('',#10405,#2287);
#1671=LINE('',#10406,#2288);
#1672=LINE('',#10408,#2289);
#1673=LINE('',#10410,#2290);
#1674=LINE('',#10414,#2291);
#1675=LINE('',#10417,#2292);
#1676=LINE('',#10419,#2293);
#1677=LINE('',#10421,#2294);
#1678=LINE('',#10425,#2295);
#1679=LINE('',#10429,#2296);
#1680=LINE('',#10431,#2297);
#1681=LINE('',#10433,#2298);
#1682=LINE('',#10437,#2299);
#1683=LINE('',#10439,#2300);
#1684=LINE('',#10440,#2301);
#1685=LINE('',#10443,#2302);
#1686=LINE('',#10447,#2303);
#1687=LINE('',#10451,#2304);
#1688=LINE('',#10452,#2305);
#1689=LINE('',#10456,#2306);
#1690=LINE('',#10459,#2307);
#1691=LINE('',#10461,#2308);
#1692=LINE('',#10463,#2309);
#1693=LINE('',#10465,#2310);
#1694=LINE('',#10468,#2311);
#1695=LINE('',#10469,#2312);
#1696=LINE('',#10471,#2313);
#1697=LINE('',#10475,#2314);
#1698=LINE('',#10476,#2315);
#1699=LINE('',#10478,#2316);
#1700=LINE('',#10480,#2317);
#1701=LINE('',#10481,#2318);
#1702=LINE('',#10483,#2319);
#1703=LINE('',#10485,#2320);
#1704=LINE('',#10486,#2321);
#1705=LINE('',#10573,#2322);
#1706=LINE('',#10579,#2323);
#1707=LINE('',#10587,#2324);
#1708=LINE('',#10589,#2325);
#1709=LINE('',#10591,#2326);
#1710=LINE('',#10592,#2327);
#1711=LINE('',#10595,#2328);
#1712=LINE('',#10597,#2329);
#1713=LINE('',#10598,#2330);
#1714=LINE('',#10601,#2331);
#1715=LINE('',#10603,#2332);
#1716=LINE('',#10604,#2333);
#1717=LINE('',#10606,#2334);
#1718=LINE('',#10607,#2335);
#1719=LINE('',#10611,#2336);
#1720=LINE('',#10613,#2337);
#1721=LINE('',#10615,#2338);
#1722=LINE('',#10616,#2339);
#1723=LINE('',#10620,#2340);
#1724=LINE('',#10622,#2341);
#1725=LINE('',#10624,#2342);
#1726=LINE('',#10625,#2343);
#1727=LINE('',#10627,#2344);
#1728=LINE('',#10628,#2345);
#1729=LINE('',#10630,#2346);
#1730=LINE('',#10632,#2347);
#1731=LINE('',#10639,#2348);
#1732=LINE('',#10644,#2349);
#1733=LINE('',#10646,#2350);
#1734=LINE('',#10648,#2351);
#1735=LINE('',#10649,#2352);
#1736=LINE('',#10653,#2353);
#1737=LINE('',#10655,#2354);
#1738=LINE('',#10657,#2355);
#1739=LINE('',#10658,#2356);
#1740=LINE('',#10662,#2357);
#1741=LINE('',#10664,#2358);
#1742=LINE('',#10666,#2359);
#1743=LINE('',#10667,#2360);
#1744=LINE('',#10671,#2361);
#1745=LINE('',#10673,#2362);
#1746=LINE('',#10674,#2363);
#1747=LINE('',#10675,#2364);
#1748=LINE('',#10677,#2365);
#1749=LINE('',#10678,#2366);
#1750=LINE('',#10681,#2367);
#1751=LINE('',#10684,#2368);
#1752=LINE('',#10694,#2369);
#1753=LINE('',#10695,#2370);
#1754=LINE('',#10699,#2371);
#1755=LINE('',#10701,#2372);
#1756=VECTOR('',#7025,2.3);
#1757=VECTOR('',#7030,1000.);
#1758=VECTOR('',#7031,1000.);
#1759=VECTOR('',#7032,1000.);
#1760=VECTOR('',#7033,1000.);
#1761=VECTOR('',#7034,1000.);
#1762=VECTOR('',#7035,1000.);
#1763=VECTOR('',#7036,1000.);
#1764=VECTOR('',#7037,1000.);
#1765=VECTOR('',#7038,1000.);
#1766=VECTOR('',#7039,1000.);
#1767=VECTOR('',#7040,1000.);
#1768=VECTOR('',#7041,1000.);
#1769=VECTOR('',#7042,1000.);
#1770=VECTOR('',#7043,1000.);
#1771=VECTOR('',#7044,1000.);
#1772=VECTOR('',#7045,1000.);
#1773=VECTOR('',#7046,1000.);
#1774=VECTOR('',#7047,1000.);
#1775=VECTOR('',#7048,1000.);
#1776=VECTOR('',#7049,1000.);
#1777=VECTOR('',#7050,1000.);
#1778=VECTOR('',#7051,1000.);
#1779=VECTOR('',#7052,1000.);
#1780=VECTOR('',#7053,1000.);
#1781=VECTOR('',#7054,1000.);
#1782=VECTOR('',#7055,1000.);
#1783=VECTOR('',#7056,1000.);
#1784=VECTOR('',#7057,1000.);
#1785=VECTOR('',#7060,1000.);
#1786=VECTOR('',#7061,1000.);
#1787=VECTOR('',#7062,1000.);
#1788=VECTOR('',#7063,1000.);
#1789=VECTOR('',#7066,1000.);
#1790=VECTOR('',#7067,1000.);
#1791=VECTOR('',#7068,1000.);
#1792=VECTOR('',#7069,1000.);
#1793=VECTOR('',#7072,1000.);
#1794=VECTOR('',#7073,1000.);
#1795=VECTOR('',#7074,1000.);
#1796=VECTOR('',#7075,1000.);
#1797=VECTOR('',#7078,1000.);
#1798=VECTOR('',#7079,1000.);
#1799=VECTOR('',#7080,1000.);
#1800=VECTOR('',#7081,1000.);
#1801=VECTOR('',#7084,1000.);
#1802=VECTOR('',#7085,1000.);
#1803=VECTOR('',#7086,1000.);
#1804=VECTOR('',#7087,1000.);
#1805=VECTOR('',#7090,1000.);
#1806=VECTOR('',#7093,1000.);
#1807=VECTOR('',#7094,1000.);
#1808=VECTOR('',#7097,1000.);
#1809=VECTOR('',#7098,1000.);
#1810=VECTOR('',#7101,1000.);
#1811=VECTOR('',#7102,1000.);
#1812=VECTOR('',#7103,1000.);
#1813=VECTOR('',#7104,1000.);
#1814=VECTOR('',#7105,1000.);
#1815=VECTOR('',#7106,1000.);
#1816=VECTOR('',#7107,1000.);
#1817=VECTOR('',#7108,1000.);
#1818=VECTOR('',#7109,1000.);
#1819=VECTOR('',#7110,1000.);
#1820=VECTOR('',#7111,1000.);
#1821=VECTOR('',#7112,1000.);
#1822=VECTOR('',#7113,1000.);
#1823=VECTOR('',#7114,1000.);
#1824=VECTOR('',#7115,1000.);
#1825=VECTOR('',#7116,1000.);
#1826=VECTOR('',#7117,1000.);
#1827=VECTOR('',#7118,1000.);
#1828=VECTOR('',#7123,1000.);
#1829=VECTOR('',#7124,1000.);
#1830=VECTOR('',#7125,1000.);
#1831=VECTOR('',#7126,1000.);
#1832=VECTOR('',#7129,1000.);
#1833=VECTOR('',#7130,1000.);
#1834=VECTOR('',#7131,1000.);
#1835=VECTOR('',#7132,1000.);
#1836=VECTOR('',#7133,1000.);
#1837=VECTOR('',#7134,1000.);
#1838=VECTOR('',#7137,1000.);
#1839=VECTOR('',#7138,1000.);
#1840=VECTOR('',#7143,1000.);
#1841=VECTOR('',#7144,1000.);
#1842=VECTOR('',#7145,1000.);
#1843=VECTOR('',#7148,1000.);
#1844=VECTOR('',#7149,1000.);
#1845=VECTOR('',#7154,1000.);
#1846=VECTOR('',#7155,1000.);
#1847=VECTOR('',#7156,1000.);
#1848=VECTOR('',#7157,1000.);
#1849=VECTOR('',#7158,1000.);
#1850=VECTOR('',#7161,1000.);
#1851=VECTOR('',#7162,1000.);
#1852=VECTOR('',#7165,1000.);
#1853=VECTOR('',#7166,1000.);
#1854=VECTOR('',#7171,1000.);
#1855=VECTOR('',#7172,1000.);
#1856=VECTOR('',#7173,1000.);
#1857=VECTOR('',#7174,1000.);
#1858=VECTOR('',#7177,1000.);
#1859=VECTOR('',#7178,1000.);
#1860=VECTOR('',#7179,1000.);
#1861=VECTOR('',#7180,1000.);
#1862=VECTOR('',#7181,1000.);
#1863=VECTOR('',#7184,1000.);
#1864=VECTOR('',#7185,1000.);
#1865=VECTOR('',#7188,1000.);
#1866=VECTOR('',#7189,1000.);
#1867=VECTOR('',#7194,1000.);
#1868=VECTOR('',#7195,1000.);
#1869=VECTOR('',#7196,1000.);
#1870=VECTOR('',#7197,1000.);
#1871=VECTOR('',#7212,1000.);
#1872=VECTOR('',#7213,1000.);
#1873=VECTOR('',#7214,1000.);
#1874=VECTOR('',#7215,1000.);
#1875=VECTOR('',#7218,1000.);
#1876=VECTOR('',#7221,1000.);
#1877=VECTOR('',#7224,1000.);
#1878=VECTOR('',#7225,1000.);
#1879=VECTOR('',#7228,1000.);
#1880=VECTOR('',#7231,1000.);
#1881=VECTOR('',#7232,1000.);
#1882=VECTOR('',#7235,1000.);
#1883=VECTOR('',#7236,1000.);
#1884=VECTOR('',#7239,1000.);
#1885=VECTOR('',#7240,1000.);
#1886=VECTOR('',#7243,1000.);
#1887=VECTOR('',#7246,1000.);
#1888=VECTOR('',#7247,1000.);
#1889=VECTOR('',#7248,1000.);
#1890=VECTOR('',#7251,1000.);
#1891=VECTOR('',#7254,1000.);
#1892=VECTOR('',#7255,1000.);
#1893=VECTOR('',#7256,1000.);
#1894=VECTOR('',#7261,1000.);
#1895=VECTOR('',#7262,1000.);
#1896=VECTOR('',#7263,1000.);
#1897=VECTOR('',#7266,1000.);
#1898=VECTOR('',#7269,1000.);
#1899=VECTOR('',#7272,1000.);
#1900=VECTOR('',#7273,1000.);
#1901=VECTOR('',#7276,1000.);
#1902=VECTOR('',#7279,1000.);
#1903=VECTOR('',#7280,1000.);
#1904=VECTOR('',#7283,1000.);
#1905=VECTOR('',#7286,1000.);
#1906=VECTOR('',#7289,1000.);
#1907=VECTOR('',#7292,1000.);
#1908=VECTOR('',#7293,1000.);
#1909=VECTOR('',#7294,1000.);
#1910=VECTOR('',#7297,1000.);
#1911=VECTOR('',#7300,1000.);
#1912=VECTOR('',#7301,1000.);
#1913=VECTOR('',#7302,1000.);
#1914=VECTOR('',#7307,1000.);
#1915=VECTOR('',#7308,1000.);
#1916=VECTOR('',#7309,1000.);
#1917=VECTOR('',#7312,1000.);
#1918=VECTOR('',#7315,1000.);
#1919=VECTOR('',#7318,1000.);
#1920=VECTOR('',#7319,1000.);
#1921=VECTOR('',#7322,1000.);
#1922=VECTOR('',#7325,1000.);
#1923=VECTOR('',#7328,1000.);
#1924=VECTOR('',#7331,1000.);
#1925=VECTOR('',#7334,1000.);
#1926=VECTOR('',#7339,1000.);
#1927=VECTOR('',#7340,1000.);
#1928=VECTOR('',#7343,1000.);
#1929=VECTOR('',#7350,1000.);
#1930=VECTOR('',#7351,1000.);
#1931=VECTOR('',#7354,1000.);
#1932=VECTOR('',#7355,1000.);
#1933=VECTOR('',#7356,1000.);
#1934=VECTOR('',#7359,1000.);
#1935=VECTOR('',#7360,1000.);
#1936=VECTOR('',#7367,1000.);
#1937=VECTOR('',#7370,1000.);
#1938=VECTOR('',#7371,1000.);
#1939=VECTOR('',#7374,1000.);
#1940=VECTOR('',#7377,1000.);
#1941=VECTOR('',#7378,1000.);
#1942=VECTOR('',#7381,1000.);
#1943=VECTOR('',#7382,1000.);
#1944=VECTOR('',#7383,1000.);
#1945=VECTOR('',#7386,1000.);
#1946=VECTOR('',#7387,1000.);
#1947=VECTOR('',#7544,1000.);
#1948=VECTOR('',#7545,1000.);
#1949=VECTOR('',#7546,1000.);
#1950=VECTOR('',#7547,1000.);
#1951=VECTOR('',#7550,1000.);
#1952=VECTOR('',#7551,1000.);
#1953=VECTOR('',#7552,1000.);
#1954=VECTOR('',#7553,1000.);
#1955=VECTOR('',#7556,1000.);
#1956=VECTOR('',#7557,1000.);
#1957=VECTOR('',#7558,1000.);
#1958=VECTOR('',#7559,1000.);
#1959=VECTOR('',#7562,1000.);
#1960=VECTOR('',#7563,1000.);
#1961=VECTOR('',#7564,1000.);
#1962=VECTOR('',#7569,1000.);
#1963=VECTOR('',#7570,1000.);
#1964=VECTOR('',#7571,1000.);
#1965=VECTOR('',#7572,1000.);
#1966=VECTOR('',#7573,1000.);
#1967=VECTOR('',#7578,1000.);
#1968=VECTOR('',#7579,1000.);
#1969=VECTOR('',#7582,1000.);
#1970=VECTOR('',#7583,1000.);
#1971=VECTOR('',#7586,1000.);
#1972=VECTOR('',#7587,1000.);
#1973=VECTOR('',#7588,1000.);
#1974=VECTOR('',#7589,1000.);
#1975=VECTOR('',#7592,1000.);
#1976=VECTOR('',#7593,1000.);
#1977=VECTOR('',#7594,1000.);
#1978=VECTOR('',#7595,1000.);
#1979=VECTOR('',#7596,1000.);
#1980=VECTOR('',#7601,1000.);
#1981=VECTOR('',#7602,1000.);
#1982=VECTOR('',#7605,1000.);
#1983=VECTOR('',#7606,1000.);
#1984=VECTOR('',#7609,1000.);
#1985=VECTOR('',#7610,1000.);
#1986=VECTOR('',#7611,1000.);
#1987=VECTOR('',#7612,1000.);
#1988=VECTOR('',#7627,1000.);
#1989=VECTOR('',#7630,1000.);
#1990=VECTOR('',#7633,1000.);
#1991=VECTOR('',#7634,1000.);
#1992=VECTOR('',#7635,1000.);
#1993=VECTOR('',#7638,1000.);
#1994=VECTOR('',#7641,1000.);
#1995=VECTOR('',#7642,1000.);
#1996=VECTOR('',#7643,1000.);
#1997=VECTOR('',#7648,1000.);
#1998=VECTOR('',#7649,1000.);
#1999=VECTOR('',#7650,1000.);
#2000=VECTOR('',#7653,1000.);
#2001=VECTOR('',#7654,1000.);
#2002=VECTOR('',#7655,1000.);
#2003=VECTOR('',#7658,1000.);
#2004=VECTOR('',#7661,1000.);
#2005=VECTOR('',#7662,1000.);
#2006=VECTOR('',#7665,1000.);
#2007=VECTOR('',#7670,1000.);
#2008=VECTOR('',#7673,1000.);
#2009=VECTOR('',#7676,1000.);
#2010=VECTOR('',#7679,1000.);
#2011=VECTOR('',#7680,1000.);
#2012=VECTOR('',#7681,1000.);
#2013=VECTOR('',#7684,1000.);
#2014=VECTOR('',#7687,1000.);
#2015=VECTOR('',#7688,1000.);
#2016=VECTOR('',#7689,1000.);
#2017=VECTOR('',#7694,1000.);
#2018=VECTOR('',#7695,1000.);
#2019=VECTOR('',#7696,1000.);
#2020=VECTOR('',#7699,1000.);
#2021=VECTOR('',#7700,1000.);
#2022=VECTOR('',#7703,1000.);
#2023=VECTOR('',#7706,1000.);
#2024=VECTOR('',#7707,1000.);
#2025=VECTOR('',#7710,1000.);
#2026=VECTOR('',#7715,1000.);
#2027=VECTOR('',#7718,1000.);
#2028=VECTOR('',#7723,1000.);
#2029=VECTOR('',#7726,1000.);
#2030=VECTOR('',#7727,1000.);
#2031=VECTOR('',#7734,1000.);
#2032=VECTOR('',#7737,1000.);
#2033=VECTOR('',#7738,1000.);
#2034=VECTOR('',#7741,1000.);
#2035=VECTOR('',#7744,1000.);
#2036=VECTOR('',#7745,1000.);
#2037=VECTOR('',#7748,1000.);
#2038=VECTOR('',#7751,1000.);
#2039=VECTOR('',#7752,1000.);
#2040=VECTOR('',#7875,1000.);
#2041=VECTOR('',#7876,1000.);
#2042=VECTOR('',#7877,1000.);
#2043=VECTOR('',#7878,1000.);
#2044=VECTOR('',#7879,1000.);
#2045=VECTOR('',#7880,1000.);
#2046=VECTOR('',#7881,1000.);
#2047=VECTOR('',#7882,1000.);
#2048=VECTOR('',#7883,1000.);
#2049=VECTOR('',#7884,1000.);
#2050=VECTOR('',#7885,1000.);
#2051=VECTOR('',#7886,1000.);
#2052=VECTOR('',#7887,1000.);
#2053=VECTOR('',#7888,1000.);
#2054=VECTOR('',#7889,1000.);
#2055=VECTOR('',#7890,1000.);
#2056=VECTOR('',#7891,1000.);
#2057=VECTOR('',#7892,1000.);
#2058=VECTOR('',#7893,1000.);
#2059=VECTOR('',#7894,1000.);
#2060=VECTOR('',#7895,1000.);
#2061=VECTOR('',#7896,1000.);
#2062=VECTOR('',#7897,1000.);
#2063=VECTOR('',#7898,1000.);
#2064=VECTOR('',#7899,1000.);
#2065=VECTOR('',#7900,1000.);
#2066=VECTOR('',#7901,1000.);
#2067=VECTOR('',#7902,1000.);
#2068=VECTOR('',#7905,1000.);
#2069=VECTOR('',#7906,1000.);
#2070=VECTOR('',#7907,1000.);
#2071=VECTOR('',#7908,1000.);
#2072=VECTOR('',#7911,1000.);
#2073=VECTOR('',#7914,1000.);
#2074=VECTOR('',#7915,1000.);
#2075=VECTOR('',#7918,1000.);
#2076=VECTOR('',#7919,1000.);
#2077=VECTOR('',#7920,1000.);
#2078=VECTOR('',#7921,1000.);
#2079=VECTOR('',#7922,1000.);
#2080=VECTOR('',#7923,1000.);
#2081=VECTOR('',#7924,1000.);
#2082=VECTOR('',#7925,1000.);
#2083=VECTOR('',#7926,1000.);
#2084=VECTOR('',#7927,1000.);
#2085=VECTOR('',#7928,1000.);
#2086=VECTOR('',#7929,1000.);
#2087=VECTOR('',#7930,1000.);
#2088=VECTOR('',#7931,1000.);
#2089=VECTOR('',#7932,1000.);
#2090=VECTOR('',#7933,1000.);
#2091=VECTOR('',#7934,1000.);
#2092=VECTOR('',#7935,1000.);
#2093=VECTOR('',#7936,1000.);
#2094=VECTOR('',#7937,1000.);
#2095=VECTOR('',#7942,1000.);
#2096=VECTOR('',#7943,1000.);
#2097=VECTOR('',#7944,1000.);
#2098=VECTOR('',#7945,1000.);
#2099=VECTOR('',#7948,1000.);
#2100=VECTOR('',#7949,1000.);
#2101=VECTOR('',#7950,1000.);
#2102=VECTOR('',#7951,1000.);
#2103=VECTOR('',#7954,1000.);
#2104=VECTOR('',#7955,1000.);
#2105=VECTOR('',#7956,1000.);
#2106=VECTOR('',#7957,1000.);
#2107=VECTOR('',#7960,1000.);
#2108=VECTOR('',#7961,1000.);
#2109=VECTOR('',#7962,1000.);
#2110=VECTOR('',#7963,1000.);
#2111=VECTOR('',#7966,1000.);
#2112=VECTOR('',#7967,1000.);
#2113=VECTOR('',#7968,1000.);
#2114=VECTOR('',#7969,1000.);
#2115=VECTOR('',#7970,1000.);
#2116=VECTOR('',#7971,1000.);
#2117=VECTOR('',#7972,1000.);
#2118=VECTOR('',#7975,1000.);
#2119=VECTOR('',#7978,1000.);
#2120=VECTOR('',#7981,1000.);
#2121=VECTOR('',#7982,1000.);
#2122=VECTOR('',#7983,1000.);
#2123=VECTOR('',#7986,1000.);
#2124=VECTOR('',#7987,1000.);
#2125=VECTOR('',#7992,1000.);
#2126=VECTOR('',#7993,1000.);
#2127=VECTOR('',#7994,1000.);
#2128=VECTOR('',#7995,1000.);
#2129=VECTOR('',#7996,1000.);
#2130=VECTOR('',#8001,1000.);
#2131=VECTOR('',#8002,1000.);
#2132=VECTOR('',#8005,1000.);
#2133=VECTOR('',#8006,1000.);
#2134=VECTOR('',#8009,1000.);
#2135=VECTOR('',#8010,1000.);
#2136=VECTOR('',#8011,1000.);
#2137=VECTOR('',#8012,1000.);
#2138=VECTOR('',#8015,1000.);
#2139=VECTOR('',#8016,1000.);
#2140=VECTOR('',#8017,1000.);
#2141=VECTOR('',#8018,1000.);
#2142=VECTOR('',#8019,1000.);
#2143=VECTOR('',#8024,1000.);
#2144=VECTOR('',#8025,1000.);
#2145=VECTOR('',#8028,1000.);
#2146=VECTOR('',#8029,1000.);
#2147=VECTOR('',#8032,1000.);
#2148=VECTOR('',#8033,1000.);
#2149=VECTOR('',#8034,1000.);
#2150=VECTOR('',#8035,1000.);
#2151=VECTOR('',#8050,1000.);
#2152=VECTOR('',#8051,1000.);
#2153=VECTOR('',#8052,1000.);
#2154=VECTOR('',#8053,1000.);
#2155=VECTOR('',#8056,1000.);
#2156=VECTOR('',#8057,1000.);
#2157=VECTOR('',#8058,1000.);
#2158=VECTOR('',#8061,1000.);
#2159=VECTOR('',#8064,1000.);
#2160=VECTOR('',#8065,1000.);
#2161=VECTOR('',#8068,1000.);
#2162=VECTOR('',#8073,1000.);
#2163=VECTOR('',#8074,1000.);
#2164=VECTOR('',#8077,1000.);
#2165=VECTOR('',#8078,1000.);
#2166=VECTOR('',#8081,1000.);
#2167=VECTOR('',#8084,1000.);
#2168=VECTOR('',#8085,1000.);
#2169=VECTOR('',#8086,1000.);
#2170=VECTOR('',#8089,1000.);
#2171=VECTOR('',#8092,1000.);
#2172=VECTOR('',#8093,1000.);
#2173=VECTOR('',#8094,1000.);
#2174=VECTOR('',#8099,1000.);
#2175=VECTOR('',#8100,1000.);
#2176=VECTOR('',#8101,1000.);
#2177=VECTOR('',#8104,1000.);
#2178=VECTOR('',#8105,1000.);
#2179=VECTOR('',#8106,1000.);
#2180=VECTOR('',#8109,1000.);
#2181=VECTOR('',#8112,1000.);
#2182=VECTOR('',#8113,1000.);
#2183=VECTOR('',#8116,1000.);
#2184=VECTOR('',#8121,1000.);
#2185=VECTOR('',#8124,1000.);
#2186=VECTOR('',#8127,1000.);
#2187=VECTOR('',#8130,1000.);
#2188=VECTOR('',#8131,1000.);
#2189=VECTOR('',#8132,1000.);
#2190=VECTOR('',#8135,1000.);
#2191=VECTOR('',#8138,1000.);
#2192=VECTOR('',#8139,1000.);
#2193=VECTOR('',#8140,1000.);
#2194=VECTOR('',#8145,1000.);
#2195=VECTOR('',#8146,1000.);
#2196=VECTOR('',#8147,1000.);
#2197=VECTOR('',#8150,1000.);
#2198=VECTOR('',#8151,1000.);
#2199=VECTOR('',#8154,1000.);
#2200=VECTOR('',#8157,1000.);
#2201=VECTOR('',#8158,1000.);
#2202=VECTOR('',#8161,1000.);
#2203=VECTOR('',#8166,1000.);
#2204=VECTOR('',#8169,1000.);
#2205=VECTOR('',#8174,1000.);
#2206=VECTOR('',#8177,1000.);
#2207=VECTOR('',#8178,1000.);
#2208=VECTOR('',#8185,1000.);
#2209=VECTOR('',#8188,1000.);
#2210=VECTOR('',#8189,1000.);
#2211=VECTOR('',#8192,1000.);
#2212=VECTOR('',#8193,1000.);
#2213=VECTOR('',#8194,1000.);
#2214=VECTOR('',#8201,1000.);
#2215=VECTOR('',#8202,1000.);
#2216=VECTOR('',#8205,1000.);
#2217=VECTOR('',#8208,1000.);
#2218=VECTOR('',#8209,1000.);
#2219=VECTOR('',#8212,1000.);
#2220=VECTOR('',#8215,1000.);
#2221=VECTOR('',#8216,1000.);
#2222=VECTOR('',#8219,1000.);
#2223=VECTOR('',#8220,1000.);
#2224=VECTOR('',#8221,1000.);
#2225=VECTOR('',#8224,1000.);
#2226=VECTOR('',#8225,1000.);
#2227=VECTOR('',#8382,1000.);
#2228=VECTOR('',#8383,1000.);
#2229=VECTOR('',#8384,1000.);
#2230=VECTOR('',#8385,1000.);
#2231=VECTOR('',#8388,1000.);
#2232=VECTOR('',#8389,1000.);
#2233=VECTOR('',#8390,1000.);
#2234=VECTOR('',#8391,1000.);
#2235=VECTOR('',#8394,1000.);
#2236=VECTOR('',#8395,1000.);
#2237=VECTOR('',#8396,1000.);
#2238=VECTOR('',#8397,1000.);
#2239=VECTOR('',#8398,1000.);
#2240=VECTOR('',#8401,1000.);
#2241=VECTOR('',#8402,1000.);
#2242=VECTOR('',#8403,1000.);
#2243=VECTOR('',#8404,1000.);
#2244=VECTOR('',#8409,1000.);
#2245=VECTOR('',#8410,1000.);
#2246=VECTOR('',#8411,1000.);
#2247=VECTOR('',#8412,1000.);
#2248=VECTOR('',#8413,1000.);
#2249=VECTOR('',#8416,1000.);
#2250=VECTOR('',#8417,1000.);
#2251=VECTOR('',#8420,1000.);
#2252=VECTOR('',#8421,1000.);
#2253=VECTOR('',#8426,1000.);
#2254=VECTOR('',#8427,1000.);
#2255=VECTOR('',#8428,1000.);
#2256=VECTOR('',#8429,1000.);
#2257=VECTOR('',#8432,1000.);
#2258=VECTOR('',#8433,1000.);
#2259=VECTOR('',#8434,1000.);
#2260=VECTOR('',#8435,1000.);
#2261=VECTOR('',#8436,1000.);
#2262=VECTOR('',#8439,1000.);
#2263=VECTOR('',#8440,1000.);
#2264=VECTOR('',#8443,1000.);
#2265=VECTOR('',#8444,1000.);
#2266=VECTOR('',#8449,1000.);
#2267=VECTOR('',#8450,1000.);
#2268=VECTOR('',#8451,1000.);
#2269=VECTOR('',#8452,1000.);
#2270=VECTOR('',#8467,1000.);
#2271=VECTOR('',#8470,1000.);
#2272=VECTOR('',#8473,1000.);
#2273=VECTOR('',#8474,1000.);
#2274=VECTOR('',#8475,1000.);
#2275=VECTOR('',#8478,1000.);
#2276=VECTOR('',#8481,1000.);
#2277=VECTOR('',#8482,1000.);
#2278=VECTOR('',#8483,1000.);
#2279=VECTOR('',#8488,1000.);
#2280=VECTOR('',#8489,1000.);
#2281=VECTOR('',#8490,1000.);
#2282=VECTOR('',#8493,1000.);
#2283=VECTOR('',#8496,1000.);
#2284=VECTOR('',#8499,1000.);
#2285=VECTOR('',#8500,1000.);
#2286=VECTOR('',#8503,1000.);
#2287=VECTOR('',#8506,1000.);
#2288=VECTOR('',#8507,1000.);
#2289=VECTOR('',#8510,1000.);
#2290=VECTOR('',#8513,1000.);
#2291=VECTOR('',#8516,1000.);
#2292=VECTOR('',#8519,1000.);
#2293=VECTOR('',#8520,1000.);
#2294=VECTOR('',#8521,1000.);
#2295=VECTOR('',#8524,1000.);
#2296=VECTOR('',#8527,1000.);
#2297=VECTOR('',#8528,1000.);
#2298=VECTOR('',#8529,1000.);
#2299=VECTOR('',#8534,1000.);
#2300=VECTOR('',#8535,1000.);
#2301=VECTOR('',#8536,1000.);
#2302=VECTOR('',#8539,1000.);
#2303=VECTOR('',#8542,1000.);
#2304=VECTOR('',#8545,1000.);
#2305=VECTOR('',#8546,1000.);
#2306=VECTOR('',#8549,1000.);
#2307=VECTOR('',#8552,1000.);
#2308=VECTOR('',#8555,1000.);
#2309=VECTOR('',#8558,1000.);
#2310=VECTOR('',#8561,1000.);
#2311=VECTOR('',#8566,1000.);
#2312=VECTOR('',#8567,1000.);
#2313=VECTOR('',#8570,1000.);
#2314=VECTOR('',#8577,1000.);
#2315=VECTOR('',#8578,1000.);
#2316=VECTOR('',#8581,1000.);
#2317=VECTOR('',#8584,1000.);
#2318=VECTOR('',#8585,1000.);
#2319=VECTOR('',#8588,1000.);
#2320=VECTOR('',#8591,1000.);
#2321=VECTOR('',#8592,1000.);
#2322=VECTOR('',#8759,2.895);
#2323=VECTOR('',#8766,4.745);
#2324=VECTOR('',#8777,1000.);
#2325=VECTOR('',#8778,1000.);
#2326=VECTOR('',#8779,1000.);
#2327=VECTOR('',#8780,1000.);
#2328=VECTOR('',#8783,1000.);
#2329=VECTOR('',#8784,1000.);
#2330=VECTOR('',#8785,1000.);
#2331=VECTOR('',#8788,1000.);
#2332=VECTOR('',#8789,1000.);
#2333=VECTOR('',#8790,1000.);
#2334=VECTOR('',#8793,1000.);
#2335=VECTOR('',#8794,1000.);
#2336=VECTOR('',#8797,1000.);
#2337=VECTOR('',#8798,1000.);
#2338=VECTOR('',#8799,1000.);
#2339=VECTOR('',#8800,1000.);
#2340=VECTOR('',#8803,1000.);
#2341=VECTOR('',#8804,1000.);
#2342=VECTOR('',#8805,1000.);
#2343=VECTOR('',#8806,1000.);
#2344=VECTOR('',#8809,1000.);
#2345=VECTOR('',#8810,1000.);
#2346=VECTOR('',#8813,1000.);
#2347=VECTOR('',#8816,1000.);
#2348=VECTOR('',#8825,2.26);
#2349=VECTOR('',#8830,1000.);
#2350=VECTOR('',#8831,1000.);
#2351=VECTOR('',#8832,1000.);
#2352=VECTOR('',#8833,1000.);
#2353=VECTOR('',#8836,1000.);
#2354=VECTOR('',#8837,1000.);
#2355=VECTOR('',#8838,1000.);
#2356=VECTOR('',#8839,1000.);
#2357=VECTOR('',#8842,1000.);
#2358=VECTOR('',#8843,1000.);
#2359=VECTOR('',#8844,1000.);
#2360=VECTOR('',#8845,1000.);
#2361=VECTOR('',#8848,1000.);
#2362=VECTOR('',#8849,1000.);
#2363=VECTOR('',#8850,1000.);
#2364=VECTOR('',#8851,1000.);
#2365=VECTOR('',#8852,1000.);
#2366=VECTOR('',#8853,1000.);
#2367=VECTOR('',#8856,1000.);
#2368=VECTOR('',#8859,1000.);
#2369=VECTOR('',#8876,1000.);
#2370=VECTOR('',#8877,1000.);
#2371=VECTOR('',#8882,1000.);
#2372=VECTOR('',#8885,1000.);
#2373=CIRCLE('',#6387,2.3);
#2374=CIRCLE('',#6388,2.3);
#2375=CIRCLE('',#6396,0.51);
#2376=CIRCLE('',#6397,4.75);
#2377=CIRCLE('',#6398,0.51);
#2378=CIRCLE('',#6399,2.895);
#2379=CIRCLE('',#6403,4.75);
#2380=CIRCLE('',#6409,0.51);
#2381=CIRCLE('',#6410,0.51);
#2382=CIRCLE('',#6414,0.51);
#2383=CIRCLE('',#6415,0.51);
#2384=CIRCLE('',#6425,0.13);
#2385=CIRCLE('',#6426,0.13);
#2386=CIRCLE('',#6427,0.13);
#2387=CIRCLE('',#6428,0.13);
#2388=CIRCLE('',#6432,0.13);
#2389=CIRCLE('',#6433,0.13);
#2390=CIRCLE('',#6434,0.13);
#2391=CIRCLE('',#6435,0.13);
#2392=CIRCLE('',#6438,0.13);
#2393=CIRCLE('',#6439,0.13);
#2394=CIRCLE('',#6440,0.13);
#2395=CIRCLE('',#6441,0.13);
#2396=CIRCLE('',#6445,0.13);
#2397=CIRCLE('',#6446,0.13);
#2398=CIRCLE('',#6447,0.13);
#2399=CIRCLE('',#6448,0.13);
#2400=CIRCLE('',#6451,0.13);
#2401=CIRCLE('',#6452,0.13);
#2402=CIRCLE('',#6453,0.13);
#2403=CIRCLE('',#6454,0.13);
#2404=CIRCLE('',#6458,0.51);
#2405=CIRCLE('',#6461,0.51);
#2406=CIRCLE('',#6462,0.51);
#2407=CIRCLE('',#6466,0.51);
#2408=CIRCLE('',#6467,0.51);
#2409=CIRCLE('',#6477,0.13);
#2410=CIRCLE('',#6479,0.13);
#2411=CIRCLE('',#6487,0.13);
#2412=CIRCLE('',#6489,0.13);
#2413=CIRCLE('',#6491,0.51);
#2414=CIRCLE('',#6492,0.51);
#2415=CIRCLE('',#6496,0.51);
#2416=CIRCLE('',#6498,0.51);
#2417=CIRCLE('',#6501,0.51);
#2418=CIRCLE('',#6503,0.51);
#2419=CIRCLE('',#6505,0.51);
#2420=CIRCLE('',#6508,0.51);
#2421=CIRCLE('',#6510,0.51);
#2422=CIRCLE('',#6513,0.51);
#2423=CIRCLE('',#6515,0.51);
#2424=CIRCLE('',#6516,0.51);
#2425=CIRCLE('',#6518,0.51);
#2426=CIRCLE('',#6520,0.51);
#2427=CIRCLE('',#6522,0.51);
#2428=CIRCLE('',#6524,0.51);
#2429=CIRCLE('',#6526,0.51);
#2430=CIRCLE('',#6528,0.51);
#2431=CIRCLE('',#6530,0.51);
#2432=CIRCLE('',#6532,0.51);
#2433=CIRCLE('',#6534,0.51);
#2434=CIRCLE('',#6537,0.51);
#2435=CIRCLE('',#6539,0.51);
#2436=CIRCLE('',#6540,0.51);
#2437=CIRCLE('',#6542,0.51);
#2438=CIRCLE('',#6544,0.51);
#2439=CIRCLE('',#6546,0.51);
#2440=CIRCLE('',#6547,0.51);
#2441=CIRCLE('',#6549,0.51);
#2442=CIRCLE('',#6558,0.51);
#2443=CIRCLE('',#6559,0.51);
#2444=CIRCLE('',#6563,0.51);
#2445=CIRCLE('',#6564,0.51);
#2446=CIRCLE('',#6574,0.13);
#2447=CIRCLE('',#6575,0.13);
#2448=CIRCLE('',#6576,0.13);
#2449=CIRCLE('',#6577,0.13);
#2450=CIRCLE('',#6580,0.13);
#2451=CIRCLE('',#6581,0.13);
#2452=CIRCLE('',#6582,0.13);
#2453=CIRCLE('',#6583,0.13);
#2454=CIRCLE('',#6587,0.13);
#2455=CIRCLE('',#6588,0.13);
#2456=CIRCLE('',#6589,0.13);
#2457=CIRCLE('',#6590,0.13);
#2458=CIRCLE('',#6593,0.13);
#2459=CIRCLE('',#6594,0.13);
#2460=CIRCLE('',#6595,0.13);
#2461=CIRCLE('',#6596,0.13);
#2462=CIRCLE('',#6600,0.51);
#2463=CIRCLE('',#6603,0.51);
#2464=CIRCLE('',#6604,0.51);
#2465=CIRCLE('',#6621,0.51);
#2466=CIRCLE('',#6623,0.51);
#2467=CIRCLE('',#6626,0.51);
#2468=CIRCLE('',#6628,0.51);
#2469=CIRCLE('',#6630,0.51);
#2470=CIRCLE('',#6633,0.51);
#2471=CIRCLE('',#6635,0.51);
#2472=CIRCLE('',#6638,0.51);
#2473=CIRCLE('',#6640,0.51);
#2474=CIRCLE('',#6641,0.51);
#2475=CIRCLE('',#6643,0.51);
#2476=CIRCLE('',#6645,0.51);
#2477=CIRCLE('',#6647,0.51);
#2478=CIRCLE('',#6649,0.51);
#2479=CIRCLE('',#6651,0.51);
#2480=CIRCLE('',#6653,0.51);
#2481=CIRCLE('',#6655,0.51);
#2482=CIRCLE('',#6657,0.51);
#2483=CIRCLE('',#6659,0.51);
#2484=CIRCLE('',#6662,0.51);
#2485=CIRCLE('',#6664,0.51);
#2486=CIRCLE('',#6666,0.51);
#2487=CIRCLE('',#6668,0.51);
#2488=CIRCLE('',#6673,0.51);
#2489=CIRCLE('',#6674,4.75);
#2490=CIRCLE('',#6675,2.895);
#2491=CIRCLE('',#6682,4.75);
#2492=CIRCLE('',#6688,0.51);
#2493=CIRCLE('',#6689,0.51);
#2494=CIRCLE('',#6693,0.51);
#2495=CIRCLE('',#6694,0.51);
#2496=CIRCLE('',#6704,0.13);
#2497=CIRCLE('',#6705,0.13);
#2498=CIRCLE('',#6706,0.13);
#2499=CIRCLE('',#6707,0.13);
#2500=CIRCLE('',#6711,0.13);
#2501=CIRCLE('',#6712,0.13);
#2502=CIRCLE('',#6713,0.13);
#2503=CIRCLE('',#6714,0.13);
#2504=CIRCLE('',#6717,0.13);
#2505=CIRCLE('',#6718,0.13);
#2506=CIRCLE('',#6719,0.13);
#2507=CIRCLE('',#6720,0.13);
#2508=CIRCLE('',#6724,0.13);
#2509=CIRCLE('',#6725,0.13);
#2510=CIRCLE('',#6726,0.13);
#2511=CIRCLE('',#6727,0.13);
#2512=CIRCLE('',#6730,0.13);
#2513=CIRCLE('',#6731,0.13);
#2514=CIRCLE('',#6732,0.13);
#2515=CIRCLE('',#6733,0.13);
#2516=CIRCLE('',#6737,0.51);
#2517=CIRCLE('',#6740,0.51);
#2518=CIRCLE('',#6741,0.51);
#2519=CIRCLE('',#6745,0.51);
#2520=CIRCLE('',#6746,0.51);
#2521=CIRCLE('',#6756,0.13);
#2522=CIRCLE('',#6758,0.13);
#2523=CIRCLE('',#6766,0.13);
#2524=CIRCLE('',#6768,0.13);
#2525=CIRCLE('',#6770,0.51);
#2526=CIRCLE('',#6771,0.51);
#2527=CIRCLE('',#6775,0.51);
#2528=CIRCLE('',#6777,0.51);
#2529=CIRCLE('',#6780,0.51);
#2530=CIRCLE('',#6782,0.51);
#2531=CIRCLE('',#6784,0.51);
#2532=CIRCLE('',#6787,0.51);
#2533=CIRCLE('',#6789,0.51);
#2534=CIRCLE('',#6792,0.51);
#2535=CIRCLE('',#6794,0.51);
#2536=CIRCLE('',#6795,0.51);
#2537=CIRCLE('',#6797,0.51);
#2538=CIRCLE('',#6799,0.51);
#2539=CIRCLE('',#6801,0.51);
#2540=CIRCLE('',#6803,0.51);
#2541=CIRCLE('',#6805,0.51);
#2542=CIRCLE('',#6807,0.51);
#2543=CIRCLE('',#6809,0.51);
#2544=CIRCLE('',#6811,0.51);
#2545=CIRCLE('',#6813,0.51);
#2546=CIRCLE('',#6816,0.51);
#2547=CIRCLE('',#6818,0.51);
#2548=CIRCLE('',#6819,0.51);
#2549=CIRCLE('',#6821,0.51);
#2550=CIRCLE('',#6823,0.51);
#2551=CIRCLE('',#6825,0.51);
#2552=CIRCLE('',#6826,0.51);
#2553=CIRCLE('',#6828,0.51);
#2554=CIRCLE('',#6837,0.51);
#2555=CIRCLE('',#6838,0.51);
#2556=CIRCLE('',#6842,0.51);
#2557=CIRCLE('',#6843,0.51);
#2558=CIRCLE('',#6853,0.13);
#2559=CIRCLE('',#6854,0.13);
#2560=CIRCLE('',#6855,0.13);
#2561=CIRCLE('',#6856,0.13);
#2562=CIRCLE('',#6859,0.13);
#2563=CIRCLE('',#6860,0.13);
#2564=CIRCLE('',#6861,0.13);
#2565=CIRCLE('',#6862,0.13);
#2566=CIRCLE('',#6866,0.13);
#2567=CIRCLE('',#6867,0.13);
#2568=CIRCLE('',#6868,0.13);
#2569=CIRCLE('',#6869,0.13);
#2570=CIRCLE('',#6872,0.13);
#2571=CIRCLE('',#6873,0.13);
#2572=CIRCLE('',#6874,0.13);
#2573=CIRCLE('',#6875,0.13);
#2574=CIRCLE('',#6879,0.51);
#2575=CIRCLE('',#6882,0.51);
#2576=CIRCLE('',#6883,0.51);
#2577=CIRCLE('',#6900,0.51);
#2578=CIRCLE('',#6902,0.51);
#2579=CIRCLE('',#6905,0.51);
#2580=CIRCLE('',#6907,0.51);
#2581=CIRCLE('',#6909,0.51);
#2582=CIRCLE('',#6912,0.51);
#2583=CIRCLE('',#6914,0.51);
#2584=CIRCLE('',#6917,0.51);
#2585=CIRCLE('',#6919,0.51);
#2586=CIRCLE('',#6920,0.51);
#2587=CIRCLE('',#6922,0.51);
#2588=CIRCLE('',#6924,0.51);
#2589=CIRCLE('',#6926,0.51);
#2590=CIRCLE('',#6928,0.51);
#2591=CIRCLE('',#6930,0.51);
#2592=CIRCLE('',#6932,0.51);
#2593=CIRCLE('',#6934,0.51);
#2594=CIRCLE('',#6936,0.51);
#2595=CIRCLE('',#6938,0.51);
#2596=CIRCLE('',#6941,0.51);
#2597=CIRCLE('',#6943,0.51);
#2598=CIRCLE('',#6945,0.51);
#2599=CIRCLE('',#6947,0.51);
#2600=CIRCLE('',#6954,0.51);
#2601=CIRCLE('',#6957,0.51);
#2602=CIRCLE('',#6960,0.51);
#2603=CIRCLE('',#6963,0.51);
#2604=CIRCLE('',#6971,2.895);
#2605=CIRCLE('',#6972,2.895);
#2606=CIRCLE('',#6974,4.745);
#2607=CIRCLE('',#6975,4.745);
#2608=CIRCLE('',#6991,2.26);
#2609=CIRCLE('',#6992,2.26);
#2610=CIRCLE('',#6998,5.155);
#2611=CIRCLE('',#6999,0.79);
#2612=CIRCLE('',#7000,0.79);
#2613=CIRCLE('',#7002,0.79);
#2614=CIRCLE('',#7003,0.79);
#2615=CIRCLE('',#7008,5.155);
#2616=VERTEX_POINT('',#8903);
#2617=VERTEX_POINT('',#8905);
#2618=VERTEX_POINT('',#8909);
#2619=VERTEX_POINT('',#8910);
#2620=VERTEX_POINT('',#8912);
#2621=VERTEX_POINT('',#8914);
#2622=VERTEX_POINT('',#8916);
#2623=VERTEX_POINT('',#8918);
#2624=VERTEX_POINT('',#8920);
#2625=VERTEX_POINT('',#8922);
#2626=VERTEX_POINT('',#8924);
#2627=VERTEX_POINT('',#8926);
#2628=VERTEX_POINT('',#8928);
#2629=VERTEX_POINT('',#8930);
#2630=VERTEX_POINT('',#8932);
#2631=VERTEX_POINT('',#8934);
#2632=VERTEX_POINT('',#8936);
#2633=VERTEX_POINT('',#8938);
#2634=VERTEX_POINT('',#8940);
#2635=VERTEX_POINT('',#8942);
#2636=VERTEX_POINT('',#8944);
#2637=VERTEX_POINT('',#8946);
#2638=VERTEX_POINT('',#8948);
#2639=VERTEX_POINT('',#8950);
#2640=VERTEX_POINT('',#8952);
#2641=VERTEX_POINT('',#8954);
#2642=VERTEX_POINT('',#8956);
#2643=VERTEX_POINT('',#8958);
#2644=VERTEX_POINT('',#8960);
#2645=VERTEX_POINT('',#8962);
#2646=VERTEX_POINT('',#8966);
#2647=VERTEX_POINT('',#8967);
#2648=VERTEX_POINT('',#8969);
#2649=VERTEX_POINT('',#8971);
#2650=VERTEX_POINT('',#8975);
#2651=VERTEX_POINT('',#8976);
#2652=VERTEX_POINT('',#8978);
#2653=VERTEX_POINT('',#8980);
#2654=VERTEX_POINT('',#8984);
#2655=VERTEX_POINT('',#8985);
#2656=VERTEX_POINT('',#8987);
#2657=VERTEX_POINT('',#8989);
#2658=VERTEX_POINT('',#8993);
#2659=VERTEX_POINT('',#8994);
#2660=VERTEX_POINT('',#8996);
#2661=VERTEX_POINT('',#8998);
#2662=VERTEX_POINT('',#9002);
#2663=VERTEX_POINT('',#9003);
#2664=VERTEX_POINT('',#9005);
#2665=VERTEX_POINT('',#9007);
#2666=VERTEX_POINT('',#9011);
#2667=VERTEX_POINT('',#9012);
#2668=VERTEX_POINT('',#9014);
#2669=VERTEX_POINT('',#9016);
#2670=VERTEX_POINT('',#9018);
#2671=VERTEX_POINT('',#9020);
#2672=VERTEX_POINT('',#9022);
#2673=VERTEX_POINT('',#9024);
#2674=VERTEX_POINT('',#9026);
#2675=VERTEX_POINT('',#9028);
#2676=VERTEX_POINT('',#9030);
#2677=VERTEX_POINT('',#9032);
#2678=VERTEX_POINT('',#9034);
#2679=VERTEX_POINT('',#9036);
#2680=VERTEX_POINT('',#9038);
#2681=VERTEX_POINT('',#9040);
#2682=VERTEX_POINT('',#9042);
#2683=VERTEX_POINT('',#9044);
#2684=VERTEX_POINT('',#9046);
#2685=VERTEX_POINT('',#9048);
#2686=VERTEX_POINT('',#9050);
#2687=VERTEX_POINT('',#9052);
#2688=VERTEX_POINT('',#9054);
#2689=VERTEX_POINT('',#9056);
#2690=VERTEX_POINT('',#9058);
#2691=VERTEX_POINT('',#9060);
#2692=VERTEX_POINT('',#9065);
#2693=VERTEX_POINT('',#9066);
#2694=VERTEX_POINT('',#9068);
#2695=VERTEX_POINT('',#9070);
#2696=VERTEX_POINT('',#9074);
#2697=VERTEX_POINT('',#9076);
#2698=VERTEX_POINT('',#9079);
#2699=VERTEX_POINT('',#9081);
#2700=VERTEX_POINT('',#9085);
#2701=VERTEX_POINT('',#9087);
#2702=VERTEX_POINT('',#9091);
#2703=VERTEX_POINT('',#9092);
#2704=VERTEX_POINT('',#9101);
#2705=VERTEX_POINT('',#9102);
#2706=VERTEX_POINT('',#9104);
#2707=VERTEX_POINT('',#9106);
#2708=VERTEX_POINT('',#9108);
#2709=VERTEX_POINT('',#9112);
#2710=VERTEX_POINT('',#9114);
#2711=VERTEX_POINT('',#9116);
#2712=VERTEX_POINT('',#9119);
#2713=VERTEX_POINT('',#9123);
#2714=VERTEX_POINT('',#9125);
#2715=VERTEX_POINT('',#9127);
#2716=VERTEX_POINT('',#9131);
#2717=VERTEX_POINT('',#9132);
#2718=VERTEX_POINT('',#9134);
#2719=VERTEX_POINT('',#9136);
#2720=VERTEX_POINT('',#9138);
#2721=VERTEX_POINT('',#9142);
#2722=VERTEX_POINT('',#9144);
#2723=VERTEX_POINT('',#9146);
#2724=VERTEX_POINT('',#9149);
#2725=VERTEX_POINT('',#9153);
#2726=VERTEX_POINT('',#9155);
#2727=VERTEX_POINT('',#9157);
#2728=VERTEX_POINT('',#9167);
#2729=VERTEX_POINT('',#9168);
#2730=VERTEX_POINT('',#9170);
#2731=VERTEX_POINT('',#9172);
#2732=VERTEX_POINT('',#9176);
#2733=VERTEX_POINT('',#9178);
#2734=VERTEX_POINT('',#9180);
#2735=VERTEX_POINT('',#9182);
#2736=VERTEX_POINT('',#9184);
#2737=VERTEX_POINT('',#9187);
#2738=VERTEX_POINT('',#9189);
#2739=VERTEX_POINT('',#9191);
#2740=VERTEX_POINT('',#9193);
#2741=VERTEX_POINT('',#9197);
#2742=VERTEX_POINT('',#9201);
#2743=VERTEX_POINT('',#9205);
#2744=VERTEX_POINT('',#9206);
#2745=VERTEX_POINT('',#9208);
#2746=VERTEX_POINT('',#9211);
#2747=VERTEX_POINT('',#9213);
#2748=VERTEX_POINT('',#9215);
#2749=VERTEX_POINT('',#9217);
#2750=VERTEX_POINT('',#9219);
#2751=VERTEX_POINT('',#9221);
#2752=VERTEX_POINT('',#9223);
#2753=VERTEX_POINT('',#9225);
#2754=VERTEX_POINT('',#9229);
#2755=VERTEX_POINT('',#9231);
#2756=VERTEX_POINT('',#9235);
#2757=VERTEX_POINT('',#9237);
#2758=VERTEX_POINT('',#9239);
#2759=VERTEX_POINT('',#9241);
#2760=VERTEX_POINT('',#9243);
#2761=VERTEX_POINT('',#9246);
#2762=VERTEX_POINT('',#9248);
#2763=VERTEX_POINT('',#9250);
#2764=VERTEX_POINT('',#9252);
#2765=VERTEX_POINT('',#9260);
#2766=VERTEX_POINT('',#9261);
#2767=VERTEX_POINT('',#9263);
#2768=VERTEX_POINT('',#9266);
#2769=VERTEX_POINT('',#9268);
#2770=VERTEX_POINT('',#9270);
#2771=VERTEX_POINT('',#9272);
#2772=VERTEX_POINT('',#9274);
#2773=VERTEX_POINT('',#9276);
#2774=VERTEX_POINT('',#9278);
#2775=VERTEX_POINT('',#9280);
#2776=VERTEX_POINT('',#9284);
#2777=VERTEX_POINT('',#9286);
#2778=VERTEX_POINT('',#9290);
#2779=VERTEX_POINT('',#9292);
#2780=VERTEX_POINT('',#9294);
#2781=VERTEX_POINT('',#9296);
#2782=VERTEX_POINT('',#9298);
#2783=VERTEX_POINT('',#9301);
#2784=VERTEX_POINT('',#9303);
#2785=VERTEX_POINT('',#9305);
#2786=VERTEX_POINT('',#9326);
#2787=VERTEX_POINT('',#9328);
#2788=VERTEX_POINT('',#9332);
#2789=VERTEX_POINT('',#9334);
#2790=VERTEX_POINT('',#9349);
#2791=VERTEX_POINT('',#9351);
#2792=VERTEX_POINT('',#9355);
#2793=VERTEX_POINT('',#9378);
#2794=VERTEX_POINT('',#9437);
#2795=VERTEX_POINT('',#9438);
#2796=VERTEX_POINT('',#9440);
#2797=VERTEX_POINT('',#9442);
#2798=VERTEX_POINT('',#9446);
#2799=VERTEX_POINT('',#9447);
#2800=VERTEX_POINT('',#9449);
#2801=VERTEX_POINT('',#9451);
#2802=VERTEX_POINT('',#9455);
#2803=VERTEX_POINT('',#9456);
#2804=VERTEX_POINT('',#9458);
#2805=VERTEX_POINT('',#9460);
#2806=VERTEX_POINT('',#9464);
#2807=VERTEX_POINT('',#9466);
#2808=VERTEX_POINT('',#9471);
#2809=VERTEX_POINT('',#9472);
#2810=VERTEX_POINT('',#9474);
#2811=VERTEX_POINT('',#9476);
#2812=VERTEX_POINT('',#9478);
#2813=VERTEX_POINT('',#9482);
#2814=VERTEX_POINT('',#9485);
#2815=VERTEX_POINT('',#9487);
#2816=VERTEX_POINT('',#9489);
#2817=VERTEX_POINT('',#9493);
#2818=VERTEX_POINT('',#9495);
#2819=VERTEX_POINT('',#9497);
#2820=VERTEX_POINT('',#9501);
#2821=VERTEX_POINT('',#9502);
#2822=VERTEX_POINT('',#9504);
#2823=VERTEX_POINT('',#9506);
#2824=VERTEX_POINT('',#9508);
#2825=VERTEX_POINT('',#9512);
#2826=VERTEX_POINT('',#9515);
#2827=VERTEX_POINT('',#9517);
#2828=VERTEX_POINT('',#9519);
#2829=VERTEX_POINT('',#9523);
#2830=VERTEX_POINT('',#9525);
#2831=VERTEX_POINT('',#9527);
#2832=VERTEX_POINT('',#9539);
#2833=VERTEX_POINT('',#9540);
#2834=VERTEX_POINT('',#9542);
#2835=VERTEX_POINT('',#9544);
#2836=VERTEX_POINT('',#9546);
#2837=VERTEX_POINT('',#9548);
#2838=VERTEX_POINT('',#9550);
#2839=VERTEX_POINT('',#9552);
#2840=VERTEX_POINT('',#9554);
#2841=VERTEX_POINT('',#9556);
#2842=VERTEX_POINT('',#9559);
#2843=VERTEX_POINT('',#9563);
#2844=VERTEX_POINT('',#9565);
#2845=VERTEX_POINT('',#9569);
#2846=VERTEX_POINT('',#9571);
#2847=VERTEX_POINT('',#9573);
#2848=VERTEX_POINT('',#9575);
#2849=VERTEX_POINT('',#9577);
#2850=VERTEX_POINT('',#9580);
#2851=VERTEX_POINT('',#9582);
#2852=VERTEX_POINT('',#9584);
#2853=VERTEX_POINT('',#9586);
#2854=VERTEX_POINT('',#9594);
#2855=VERTEX_POINT('',#9595);
#2856=VERTEX_POINT('',#9597);
#2857=VERTEX_POINT('',#9599);
#2858=VERTEX_POINT('',#9601);
#2859=VERTEX_POINT('',#9603);
#2860=VERTEX_POINT('',#9605);
#2861=VERTEX_POINT('',#9607);
#2862=VERTEX_POINT('',#9609);
#2863=VERTEX_POINT('',#9611);
#2864=VERTEX_POINT('',#9614);
#2865=VERTEX_POINT('',#9618);
#2866=VERTEX_POINT('',#9620);
#2867=VERTEX_POINT('',#9624);
#2868=VERTEX_POINT('',#9626);
#2869=VERTEX_POINT('',#9628);
#2870=VERTEX_POINT('',#9630);
#2871=VERTEX_POINT('',#9633);
#2872=VERTEX_POINT('',#9635);
#2873=VERTEX_POINT('',#9637);
#2874=VERTEX_POINT('',#9639);
#2875=VERTEX_POINT('',#9678);
#2876=VERTEX_POINT('',#9731);
#2877=VERTEX_POINT('',#9732);
#2878=VERTEX_POINT('',#9734);
#2879=VERTEX_POINT('',#9736);
#2880=VERTEX_POINT('',#9738);
#2881=VERTEX_POINT('',#9740);
#2882=VERTEX_POINT('',#9742);
#2883=VERTEX_POINT('',#9744);
#2884=VERTEX_POINT('',#9746);
#2885=VERTEX_POINT('',#9748);
#2886=VERTEX_POINT('',#9750);
#2887=VERTEX_POINT('',#9752);
#2888=VERTEX_POINT('',#9754);
#2889=VERTEX_POINT('',#9756);
#2890=VERTEX_POINT('',#9758);
#2891=VERTEX_POINT('',#9760);
#2892=VERTEX_POINT('',#9762);
#2893=VERTEX_POINT('',#9764);
#2894=VERTEX_POINT('',#9766);
#2895=VERTEX_POINT('',#9768);
#2896=VERTEX_POINT('',#9770);
#2897=VERTEX_POINT('',#9772);
#2898=VERTEX_POINT('',#9774);
#2899=VERTEX_POINT('',#9776);
#2900=VERTEX_POINT('',#9778);
#2901=VERTEX_POINT('',#9780);
#2902=VERTEX_POINT('',#9782);
#2903=VERTEX_POINT('',#9784);
#2904=VERTEX_POINT('',#9788);
#2905=VERTEX_POINT('',#9789);
#2906=VERTEX_POINT('',#9791);
#2907=VERTEX_POINT('',#9793);
#2908=VERTEX_POINT('',#9797);
#2909=VERTEX_POINT('',#9798);
#2910=VERTEX_POINT('',#9800);
#2911=VERTEX_POINT('',#9802);
#2912=VERTEX_POINT('',#9804);
#2913=VERTEX_POINT('',#9806);
#2914=VERTEX_POINT('',#9808);
#2915=VERTEX_POINT('',#9810);
#2916=VERTEX_POINT('',#9812);
#2917=VERTEX_POINT('',#9814);
#2918=VERTEX_POINT('',#9816);
#2919=VERTEX_POINT('',#9818);
#2920=VERTEX_POINT('',#9820);
#2921=VERTEX_POINT('',#9822);
#2922=VERTEX_POINT('',#9824);
#2923=VERTEX_POINT('',#9826);
#2924=VERTEX_POINT('',#9828);
#2925=VERTEX_POINT('',#9830);
#2926=VERTEX_POINT('',#9832);
#2927=VERTEX_POINT('',#9834);
#2928=VERTEX_POINT('',#9836);
#2929=VERTEX_POINT('',#9838);
#2930=VERTEX_POINT('',#9840);
#2931=VERTEX_POINT('',#9842);
#2932=VERTEX_POINT('',#9844);
#2933=VERTEX_POINT('',#9849);
#2934=VERTEX_POINT('',#9850);
#2935=VERTEX_POINT('',#9852);
#2936=VERTEX_POINT('',#9854);
#2937=VERTEX_POINT('',#9858);
#2938=VERTEX_POINT('',#9859);
#2939=VERTEX_POINT('',#9861);
#2940=VERTEX_POINT('',#9863);
#2941=VERTEX_POINT('',#9867);
#2942=VERTEX_POINT('',#9868);
#2943=VERTEX_POINT('',#9870);
#2944=VERTEX_POINT('',#9872);
#2945=VERTEX_POINT('',#9876);
#2946=VERTEX_POINT('',#9877);
#2947=VERTEX_POINT('',#9879);
#2948=VERTEX_POINT('',#9881);
#2949=VERTEX_POINT('',#9885);
#2950=VERTEX_POINT('',#9886);
#2951=VERTEX_POINT('',#9888);
#2952=VERTEX_POINT('',#9891);
#2953=VERTEX_POINT('',#9893);
#2954=VERTEX_POINT('',#9898);
#2955=VERTEX_POINT('',#9900);
#2956=VERTEX_POINT('',#9904);
#2957=VERTEX_POINT('',#9906);
#2958=VERTEX_POINT('',#9914);
#2959=VERTEX_POINT('',#9915);
#2960=VERTEX_POINT('',#9917);
#2961=VERTEX_POINT('',#9919);
#2962=VERTEX_POINT('',#9921);
#2963=VERTEX_POINT('',#9925);
#2964=VERTEX_POINT('',#9928);
#2965=VERTEX_POINT('',#9930);
#2966=VERTEX_POINT('',#9932);
#2967=VERTEX_POINT('',#9936);
#2968=VERTEX_POINT('',#9938);
#2969=VERTEX_POINT('',#9940);
#2970=VERTEX_POINT('',#9944);
#2971=VERTEX_POINT('',#9945);
#2972=VERTEX_POINT('',#9947);
#2973=VERTEX_POINT('',#9949);
#2974=VERTEX_POINT('',#9951);
#2975=VERTEX_POINT('',#9955);
#2976=VERTEX_POINT('',#9958);
#2977=VERTEX_POINT('',#9960);
#2978=VERTEX_POINT('',#9962);
#2979=VERTEX_POINT('',#9966);
#2980=VERTEX_POINT('',#9968);
#2981=VERTEX_POINT('',#9970);
#2982=VERTEX_POINT('',#9980);
#2983=VERTEX_POINT('',#9981);
#2984=VERTEX_POINT('',#9983);
#2985=VERTEX_POINT('',#9985);
#2986=VERTEX_POINT('',#9989);
#2987=VERTEX_POINT('',#9991);
#2988=VERTEX_POINT('',#9993);
#2989=VERTEX_POINT('',#9995);
#2990=VERTEX_POINT('',#9997);
#2991=VERTEX_POINT('',#10000);
#2992=VERTEX_POINT('',#10002);
#2993=VERTEX_POINT('',#10004);
#2994=VERTEX_POINT('',#10006);
#2995=VERTEX_POINT('',#10010);
#2996=VERTEX_POINT('',#10014);
#2997=VERTEX_POINT('',#10018);
#2998=VERTEX_POINT('',#10019);
#2999=VERTEX_POINT('',#10021);
#3000=VERTEX_POINT('',#10023);
#3001=VERTEX_POINT('',#10025);
#3002=VERTEX_POINT('',#10027);
#3003=VERTEX_POINT('',#10029);
#3004=VERTEX_POINT('',#10031);
#3005=VERTEX_POINT('',#10033);
#3006=VERTEX_POINT('',#10035);
#3007=VERTEX_POINT('',#10038);
#3008=VERTEX_POINT('',#10042);
#3009=VERTEX_POINT('',#10044);
#3010=VERTEX_POINT('',#10048);
#3011=VERTEX_POINT('',#10050);
#3012=VERTEX_POINT('',#10052);
#3013=VERTEX_POINT('',#10054);
#3014=VERTEX_POINT('',#10056);
#3015=VERTEX_POINT('',#10059);
#3016=VERTEX_POINT('',#10061);
#3017=VERTEX_POINT('',#10063);
#3018=VERTEX_POINT('',#10065);
#3019=VERTEX_POINT('',#10073);
#3020=VERTEX_POINT('',#10074);
#3021=VERTEX_POINT('',#10076);
#3022=VERTEX_POINT('',#10078);
#3023=VERTEX_POINT('',#10080);
#3024=VERTEX_POINT('',#10082);
#3025=VERTEX_POINT('',#10084);
#3026=VERTEX_POINT('',#10086);
#3027=VERTEX_POINT('',#10088);
#3028=VERTEX_POINT('',#10090);
#3029=VERTEX_POINT('',#10093);
#3030=VERTEX_POINT('',#10097);
#3031=VERTEX_POINT('',#10099);
#3032=VERTEX_POINT('',#10103);
#3033=VERTEX_POINT('',#10105);
#3034=VERTEX_POINT('',#10107);
#3035=VERTEX_POINT('',#10109);
#3036=VERTEX_POINT('',#10112);
#3037=VERTEX_POINT('',#10114);
#3038=VERTEX_POINT('',#10116);
#3039=VERTEX_POINT('',#10118);
#3040=VERTEX_POINT('',#10139);
#3041=VERTEX_POINT('',#10141);
#3042=VERTEX_POINT('',#10146);
#3043=VERTEX_POINT('',#10148);
#3044=VERTEX_POINT('',#10162);
#3045=VERTEX_POINT('',#10164);
#3046=VERTEX_POINT('',#10168);
#3047=VERTEX_POINT('',#10191);
#3048=VERTEX_POINT('',#10250);
#3049=VERTEX_POINT('',#10251);
#3050=VERTEX_POINT('',#10253);
#3051=VERTEX_POINT('',#10255);
#3052=VERTEX_POINT('',#10259);
#3053=VERTEX_POINT('',#10260);
#3054=VERTEX_POINT('',#10262);
#3055=VERTEX_POINT('',#10264);
#3056=VERTEX_POINT('',#10268);
#3057=VERTEX_POINT('',#10269);
#3058=VERTEX_POINT('',#10271);
#3059=VERTEX_POINT('',#10273);
#3060=VERTEX_POINT('',#10275);
#3061=VERTEX_POINT('',#10279);
#3062=VERTEX_POINT('',#10280);
#3063=VERTEX_POINT('',#10282);
#3064=VERTEX_POINT('',#10284);
#3065=VERTEX_POINT('',#10289);
#3066=VERTEX_POINT('',#10290);
#3067=VERTEX_POINT('',#10292);
#3068=VERTEX_POINT('',#10294);
#3069=VERTEX_POINT('',#10296);
#3070=VERTEX_POINT('',#10300);
#3071=VERTEX_POINT('',#10302);
#3072=VERTEX_POINT('',#10304);
#3073=VERTEX_POINT('',#10307);
#3074=VERTEX_POINT('',#10311);
#3075=VERTEX_POINT('',#10313);
#3076=VERTEX_POINT('',#10315);
#3077=VERTEX_POINT('',#10319);
#3078=VERTEX_POINT('',#10320);
#3079=VERTEX_POINT('',#10322);
#3080=VERTEX_POINT('',#10324);
#3081=VERTEX_POINT('',#10326);
#3082=VERTEX_POINT('',#10330);
#3083=VERTEX_POINT('',#10332);
#3084=VERTEX_POINT('',#10334);
#3085=VERTEX_POINT('',#10337);
#3086=VERTEX_POINT('',#10341);
#3087=VERTEX_POINT('',#10343);
#3088=VERTEX_POINT('',#10345);
#3089=VERTEX_POINT('',#10357);
#3090=VERTEX_POINT('',#10358);
#3091=VERTEX_POINT('',#10360);
#3092=VERTEX_POINT('',#10363);
#3093=VERTEX_POINT('',#10365);
#3094=VERTEX_POINT('',#10367);
#3095=VERTEX_POINT('',#10369);
#3096=VERTEX_POINT('',#10371);
#3097=VERTEX_POINT('',#10373);
#3098=VERTEX_POINT('',#10375);
#3099=VERTEX_POINT('',#10377);
#3100=VERTEX_POINT('',#10381);
#3101=VERTEX_POINT('',#10383);
#3102=VERTEX_POINT('',#10387);
#3103=VERTEX_POINT('',#10389);
#3104=VERTEX_POINT('',#10391);
#3105=VERTEX_POINT('',#10393);
#3106=VERTEX_POINT('',#10395);
#3107=VERTEX_POINT('',#10398);
#3108=VERTEX_POINT('',#10400);
#3109=VERTEX_POINT('',#10402);
#3110=VERTEX_POINT('',#10404);
#3111=VERTEX_POINT('',#10412);
#3112=VERTEX_POINT('',#10413);
#3113=VERTEX_POINT('',#10415);
#3114=VERTEX_POINT('',#10418);
#3115=VERTEX_POINT('',#10420);
#3116=VERTEX_POINT('',#10422);
#3117=VERTEX_POINT('',#10424);
#3118=VERTEX_POINT('',#10426);
#3119=VERTEX_POINT('',#10428);
#3120=VERTEX_POINT('',#10430);
#3121=VERTEX_POINT('',#10432);
#3122=VERTEX_POINT('',#10436);
#3123=VERTEX_POINT('',#10438);
#3124=VERTEX_POINT('',#10442);
#3125=VERTEX_POINT('',#10444);
#3126=VERTEX_POINT('',#10446);
#3127=VERTEX_POINT('',#10448);
#3128=VERTEX_POINT('',#10450);
#3129=VERTEX_POINT('',#10453);
#3130=VERTEX_POINT('',#10455);
#3131=VERTEX_POINT('',#10457);
#3132=VERTEX_POINT('',#10496);
#3133=VERTEX_POINT('',#10570);
#3134=VERTEX_POINT('',#10572);
#3135=VERTEX_POINT('',#10576);
#3136=VERTEX_POINT('',#10578);
#3137=VERTEX_POINT('',#10585);
#3138=VERTEX_POINT('',#10586);
#3139=VERTEX_POINT('',#10588);
#3140=VERTEX_POINT('',#10590);
#3141=VERTEX_POINT('',#10594);
#3142=VERTEX_POINT('',#10596);
#3143=VERTEX_POINT('',#10600);
#3144=VERTEX_POINT('',#10602);
#3145=VERTEX_POINT('',#10609);
#3146=VERTEX_POINT('',#10610);
#3147=VERTEX_POINT('',#10612);
#3148=VERTEX_POINT('',#10614);
#3149=VERTEX_POINT('',#10618);
#3150=VERTEX_POINT('',#10619);
#3151=VERTEX_POINT('',#10621);
#3152=VERTEX_POINT('',#10623);
#3153=VERTEX_POINT('',#10636);
#3154=VERTEX_POINT('',#10638);
#3155=VERTEX_POINT('',#10642);
#3156=VERTEX_POINT('',#10643);
#3157=VERTEX_POINT('',#10645);
#3158=VERTEX_POINT('',#10647);
#3159=VERTEX_POINT('',#10651);
#3160=VERTEX_POINT('',#10652);
#3161=VERTEX_POINT('',#10654);
#3162=VERTEX_POINT('',#10656);
#3163=VERTEX_POINT('',#10660);
#3164=VERTEX_POINT('',#10661);
#3165=VERTEX_POINT('',#10663);
#3166=VERTEX_POINT('',#10665);
#3167=VERTEX_POINT('',#10669);
#3168=VERTEX_POINT('',#10670);
#3169=VERTEX_POINT('',#10672);
#3170=VERTEX_POINT('',#10676);
#3171=VERTEX_POINT('',#10680);
#3172=VERTEX_POINT('',#10682);
#3173=VERTEX_POINT('',#10693);
#3174=VERTEX_POINT('',#10697);
#3175=EDGE_CURVE('',#2616,#2616,#2373,.T.);
#3176=EDGE_CURVE('',#2616,#2617,#1139,.T.);
#3177=EDGE_CURVE('',#2617,#2617,#2374,.T.);
#3178=EDGE_CURVE('',#2618,#2619,#1140,.T.);
#3179=EDGE_CURVE('',#2620,#2618,#1141,.T.);
#3180=EDGE_CURVE('',#2621,#2620,#1142,.T.);
#3181=EDGE_CURVE('',#2622,#2621,#1143,.T.);
#3182=EDGE_CURVE('',#2623,#2622,#1144,.T.);
#3183=EDGE_CURVE('',#2623,#2624,#1145,.T.);
#3184=EDGE_CURVE('',#2624,#2625,#1146,.T.);
#3185=EDGE_CURVE('',#2625,#2626,#1147,.T.);
#3186=EDGE_CURVE('',#2626,#2627,#1148,.T.);
#3187=EDGE_CURVE('',#2628,#2627,#1149,.T.);
#3188=EDGE_CURVE('',#2629,#2628,#1150,.T.);
#3189=EDGE_CURVE('',#2630,#2629,#1151,.T.);
#3190=EDGE_CURVE('',#2630,#2631,#1152,.T.);
#3191=EDGE_CURVE('',#2631,#2632,#1153,.T.);
#3192=EDGE_CURVE('',#2632,#2633,#1154,.T.);
#3193=EDGE_CURVE('',#2633,#2634,#1155,.T.);
#3194=EDGE_CURVE('',#2634,#2635,#1156,.T.);
#3195=EDGE_CURVE('',#2636,#2635,#1157,.T.);
#3196=EDGE_CURVE('',#2636,#2637,#1158,.T.);
#3197=EDGE_CURVE('',#2637,#2638,#1159,.T.);
#3198=EDGE_CURVE('',#2638,#2639,#1160,.T.);
#3199=EDGE_CURVE('',#2639,#2640,#1161,.T.);
#3200=EDGE_CURVE('',#2641,#2640,#1162,.T.);
#3201=EDGE_CURVE('',#2642,#2641,#1163,.T.);
#3202=EDGE_CURVE('',#2643,#2642,#1164,.T.);
#3203=EDGE_CURVE('',#2644,#2643,#1165,.T.);
#3204=EDGE_CURVE('',#2645,#2644,#1166,.T.);
#3205=EDGE_CURVE('',#2645,#2619,#1167,.T.);
#3206=EDGE_CURVE('',#2646,#2647,#1168,.T.);
#3207=EDGE_CURVE('',#2647,#2648,#1169,.T.);
#3208=EDGE_CURVE('',#2649,#2648,#1170,.T.);
#3209=EDGE_CURVE('',#2646,#2649,#1171,.T.);
#3210=EDGE_CURVE('',#2650,#2651,#1172,.T.);
#3211=EDGE_CURVE('',#2651,#2652,#1173,.T.);
#3212=EDGE_CURVE('',#2653,#2652,#1174,.T.);
#3213=EDGE_CURVE('',#2653,#2650,#1175,.T.);
#3214=EDGE_CURVE('',#2654,#2655,#1176,.T.);
#3215=EDGE_CURVE('',#2656,#2655,#1177,.T.);
#3216=EDGE_CURVE('',#2656,#2657,#1178,.T.);
#3217=EDGE_CURVE('',#2657,#2654,#1179,.T.);
#3218=EDGE_CURVE('',#2658,#2659,#1180,.T.);
#3219=EDGE_CURVE('',#2659,#2660,#1181,.T.);
#3220=EDGE_CURVE('',#2660,#2661,#1182,.T.);
#3221=EDGE_CURVE('',#2661,#2658,#1183,.T.);
#3222=EDGE_CURVE('',#2662,#2663,#1184,.T.);
#3223=EDGE_CURVE('',#2664,#2662,#1185,.T.);
#3224=EDGE_CURVE('',#2665,#2664,#1186,.T.);
#3225=EDGE_CURVE('',#2665,#2663,#1187,.T.);
#3226=EDGE_CURVE('',#2666,#2667,#1188,.T.);
#3227=EDGE_CURVE('',#2667,#2668,#2375,.T.);
#3228=EDGE_CURVE('',#2668,#2669,#1189,.T.);
#3229=EDGE_CURVE('',#2669,#2670,#1190,.T.);
#3230=EDGE_CURVE('',#2671,#2670,#2376,.T.);
#3231=EDGE_CURVE('',#2672,#2671,#1191,.T.);
#3232=EDGE_CURVE('',#2673,#2672,#1192,.T.);
#3233=EDGE_CURVE('',#2673,#2674,#2377,.T.);
#3234=EDGE_CURVE('',#2675,#2674,#1193,.T.);
#3235=EDGE_CURVE('',#2675,#2676,#1194,.T.);
#3236=EDGE_CURVE('',#2676,#2677,#1195,.T.);
#3237=EDGE_CURVE('',#2677,#2678,#1196,.T.);
#3238=EDGE_CURVE('',#2678,#2679,#1197,.T.);
#3239=EDGE_CURVE('',#2679,#2680,#1198,.T.);
#3240=EDGE_CURVE('',#2680,#2681,#1199,.T.);
#3241=EDGE_CURVE('',#2682,#2681,#1200,.T.);
#3242=EDGE_CURVE('',#2682,#2683,#1201,.T.);
#3243=EDGE_CURVE('',#2683,#2684,#1202,.T.);
#3244=EDGE_CURVE('',#2685,#2684,#1203,.T.);
#3245=EDGE_CURVE('',#2685,#2686,#1204,.T.);
#3246=EDGE_CURVE('',#2687,#2686,#1205,.T.);
#3247=EDGE_CURVE('',#2688,#2687,#1206,.T.);
#3248=EDGE_CURVE('',#2689,#2688,#1207,.T.);
#3249=EDGE_CURVE('',#2689,#2690,#1208,.T.);
#3250=EDGE_CURVE('',#2691,#2690,#1209,.T.);
#3251=EDGE_CURVE('',#2666,#2691,#1210,.T.);
#3252=EDGE_CURVE('',#2664,#2662,#2378,.T.);
#3253=EDGE_CURVE('',#2692,#2693,#1211,.T.);
#3254=EDGE_CURVE('',#2693,#2694,#1212,.T.);
#3255=EDGE_CURVE('',#2694,#2695,#1213,.T.);
#3256=EDGE_CURVE('',#2695,#2692,#1214,.T.);
#3257=EDGE_CURVE('',#2668,#2696,#1215,.T.);
#3258=EDGE_CURVE('',#2696,#2697,#1216,.T.);
#3259=EDGE_CURVE('',#2697,#2673,#1217,.T.);
#3260=EDGE_CURVE('',#2698,#2672,#1218,.T.);
#3261=EDGE_CURVE('',#2699,#2698,#1219,.T.);
#3262=EDGE_CURVE('',#2699,#2669,#1220,.T.);
#3263=EDGE_CURVE('',#2700,#2699,#1221,.T.);
#3264=EDGE_CURVE('',#2701,#2698,#1222,.T.);
#3265=EDGE_CURVE('',#2700,#2701,#2379,.T.);
#3266=EDGE_CURVE('',#2702,#2703,#1223,.T.);
#3267=EDGE_CURVE('',#2703,#2675,#1224,.T.);
#3268=EDGE_CURVE('',#2674,#2702,#1225,.T.);
#3269=EDGE_CURVE('',#2700,#2670,#1226,.T.);
#3270=EDGE_CURVE('',#2701,#2671,#1227,.T.);
#3271=EDGE_CURVE('',#2704,#2705,#1228,.T.);
#3272=EDGE_CURVE('',#2705,#2706,#1229,.T.);
#3273=EDGE_CURVE('',#2706,#2707,#1230,.T.);
#3274=EDGE_CURVE('',#2707,#2708,#1231,.T.);
#3275=EDGE_CURVE('',#2708,#2704,#1232,.T.);
#3276=EDGE_CURVE('',#2704,#2709,#1233,.T.);
#3277=EDGE_CURVE('',#2709,#2710,#1234,.T.);
#3278=EDGE_CURVE('',#2710,#2711,#2380,.T.);
#3279=EDGE_CURVE('',#2618,#2711,#1235,.T.);
#3280=EDGE_CURVE('',#2619,#2712,#1236,.T.);
#3281=EDGE_CURVE('',#2712,#2705,#2381,.T.);
#3282=EDGE_CURVE('',#2709,#2713,#1237,.T.);
#3283=EDGE_CURVE('',#2713,#2714,#1238,.T.);
#3284=EDGE_CURVE('',#2714,#2715,#1239,.T.);
#3285=EDGE_CURVE('',#2715,#2710,#1240,.T.);
#3286=EDGE_CURVE('',#2716,#2717,#1241,.T.);
#3287=EDGE_CURVE('',#2717,#2718,#1242,.T.);
#3288=EDGE_CURVE('',#2718,#2719,#1243,.T.);
#3289=EDGE_CURVE('',#2719,#2720,#1244,.T.);
#3290=EDGE_CURVE('',#2720,#2716,#1245,.T.);
#3291=EDGE_CURVE('',#2716,#2721,#1246,.T.);
#3292=EDGE_CURVE('',#2721,#2722,#1247,.T.);
#3293=EDGE_CURVE('',#2722,#2723,#2382,.T.);
#3294=EDGE_CURVE('',#2643,#2723,#1248,.T.);
#3295=EDGE_CURVE('',#2642,#2724,#1249,.T.);
#3296=EDGE_CURVE('',#2724,#2717,#2383,.T.);
#3297=EDGE_CURVE('',#2721,#2725,#1250,.T.);
#3298=EDGE_CURVE('',#2725,#2726,#1251,.T.);
#3299=EDGE_CURVE('',#2726,#2727,#1252,.T.);
#3300=EDGE_CURVE('',#2727,#2722,#1253,.T.);
#3301=EDGE_CURVE('',#2708,#2678,#217,.T.);
#3302=EDGE_CURVE('',#2677,#2713,#218,.T.);
#3303=EDGE_CURVE('',#2720,#2682,#219,.T.);
#3304=EDGE_CURVE('',#2681,#2725,#220,.T.);
#3305=EDGE_CURVE('',#2728,#2729,#1254,.T.);
#3306=EDGE_CURVE('',#2728,#2730,#1255,.T.);
#3307=EDGE_CURVE('',#2730,#2731,#1256,.T.);
#3308=EDGE_CURVE('',#2729,#2731,#1257,.T.);
#3309=EDGE_CURVE('',#2732,#2641,#1258,.T.);
#3310=EDGE_CURVE('',#2732,#2733,#2384,.T.);
#3311=EDGE_CURVE('',#2733,#2734,#1259,.T.);
#3312=EDGE_CURVE('',#2734,#2735,#2385,.T.);
#3313=EDGE_CURVE('',#2735,#2736,#1260,.T.);
#3314=EDGE_CURVE('',#2729,#2736,#1261,.T.);
#3315=EDGE_CURVE('',#2731,#2737,#2386,.T.);
#3316=EDGE_CURVE('',#2737,#2738,#1262,.T.);
#3317=EDGE_CURVE('',#2738,#2739,#2387,.T.);
#3318=EDGE_CURVE('',#2739,#2740,#1263,.T.);
#3319=EDGE_CURVE('',#2740,#2724,#1264,.T.);
#3320=EDGE_CURVE('',#2741,#2640,#1265,.T.);
#3321=EDGE_CURVE('',#2741,#2732,#1266,.T.);
#3322=EDGE_CURVE('',#2742,#2736,#1267,.T.);
#3323=EDGE_CURVE('',#2728,#2742,#1268,.T.);
#3324=EDGE_CURVE('',#2743,#2744,#1269,.T.);
#3325=EDGE_CURVE('',#2744,#2745,#2388,.T.);
#3326=EDGE_CURVE('',#2745,#2644,#1270,.T.);
#3327=EDGE_CURVE('',#2723,#2746,#1271,.T.);
#3328=EDGE_CURVE('',#2746,#2747,#1272,.T.);
#3329=EDGE_CURVE('',#2747,#2748,#2389,.T.);
#3330=EDGE_CURVE('',#2748,#2749,#1273,.T.);
#3331=EDGE_CURVE('',#2749,#2750,#2390,.T.);
#3332=EDGE_CURVE('',#2751,#2750,#1274,.T.);
#3333=EDGE_CURVE('',#2752,#2751,#1275,.T.);
#3334=EDGE_CURVE('',#2752,#2753,#1276,.T.);
#3335=EDGE_CURVE('',#2753,#2743,#2391,.T.);
#3336=EDGE_CURVE('',#2750,#2754,#1277,.T.);
#3337=EDGE_CURVE('',#2755,#2754,#1278,.T.);
#3338=EDGE_CURVE('',#2751,#2755,#1279,.T.);
#3339=EDGE_CURVE('',#2756,#2645,#1280,.T.);
#3340=EDGE_CURVE('',#2756,#2757,#2392,.T.);
#3341=EDGE_CURVE('',#2757,#2758,#1281,.T.);
#3342=EDGE_CURVE('',#2758,#2759,#2393,.T.);
#3343=EDGE_CURVE('',#2759,#2760,#1282,.T.);
#3344=EDGE_CURVE('',#2755,#2760,#1283,.T.);
#3345=EDGE_CURVE('',#2754,#2761,#2394,.T.);
#3346=EDGE_CURVE('',#2761,#2762,#1284,.T.);
#3347=EDGE_CURVE('',#2762,#2763,#2395,.T.);
#3348=EDGE_CURVE('',#2763,#2764,#1285,.T.);
#3349=EDGE_CURVE('',#2764,#2712,#1286,.T.);
#3350=EDGE_CURVE('',#2745,#2756,#1287,.T.);
#3351=EDGE_CURVE('',#2752,#2760,#1288,.T.);
#3352=EDGE_CURVE('',#2765,#2766,#1289,.T.);
#3353=EDGE_CURVE('',#2766,#2767,#2396,.T.);
#3354=EDGE_CURVE('',#2767,#2620,#1290,.T.);
#3355=EDGE_CURVE('',#2711,#2768,#1291,.T.);
#3356=EDGE_CURVE('',#2768,#2769,#1292,.T.);
#3357=EDGE_CURVE('',#2769,#2770,#2397,.T.);
#3358=EDGE_CURVE('',#2770,#2771,#1293,.T.);
#3359=EDGE_CURVE('',#2771,#2772,#2398,.T.);
#3360=EDGE_CURVE('',#2773,#2772,#1294,.T.);
#3361=EDGE_CURVE('',#2774,#2773,#1295,.T.);
#3362=EDGE_CURVE('',#2774,#2775,#1296,.T.);
#3363=EDGE_CURVE('',#2775,#2765,#2399,.T.);
#3364=EDGE_CURVE('',#2772,#2776,#1297,.T.);
#3365=EDGE_CURVE('',#2777,#2776,#1298,.T.);
#3366=EDGE_CURVE('',#2773,#2777,#1299,.T.);
#3367=EDGE_CURVE('',#2778,#2621,#1300,.T.);
#3368=EDGE_CURVE('',#2778,#2779,#2400,.T.);
#3369=EDGE_CURVE('',#2780,#2779,#1301,.T.);
#3370=EDGE_CURVE('',#2780,#2781,#2401,.T.);
#3371=EDGE_CURVE('',#2782,#2781,#1302,.T.);
#3372=EDGE_CURVE('',#2777,#2782,#1303,.T.);
#3373=EDGE_CURVE('',#2776,#2783,#2402,.T.);
#3374=EDGE_CURVE('',#2784,#2783,#1304,.T.);
#3375=EDGE_CURVE('',#2784,#2785,#2403,.T.);
#3376=EDGE_CURVE('',#2622,#2785,#1305,.T.);
#3377=EDGE_CURVE('',#2767,#2778,#1306,.T.);
#3378=EDGE_CURVE('',#2782,#2774,#1307,.T.);
#3379=EDGE_CURVE('',#2785,#2769,#1308,.T.);
#3380=EDGE_CURVE('',#2768,#2623,#2404,.T.);
#3381=EDGE_CURVE('',#2783,#2771,#1309,.T.);
#3382=EDGE_CURVE('',#2770,#2784,#1310,.T.);
#3383=EDGE_CURVE('',#2763,#2747,#1311,.T.);
#3384=EDGE_CURVE('',#2746,#2653,#2405,.T.);
#3385=EDGE_CURVE('',#2652,#2764,#2406,.T.);
#3386=EDGE_CURVE('',#2748,#2762,#1312,.T.);
#3387=EDGE_CURVE('',#2761,#2749,#1313,.T.);
#3388=EDGE_CURVE('',#2737,#2786,#1314,.T.);
#3389=EDGE_CURVE('',#2786,#2787,#1315,.T.);
#3390=EDGE_CURVE('',#2787,#2738,#1316,.T.);
#3391=EDGE_CURVE('',#2739,#2788,#1317,.T.);
#3392=EDGE_CURVE('',#2788,#2789,#1318,.T.);
#3393=EDGE_CURVE('',#2649,#2789,#2407,.T.);
#3394=EDGE_CURVE('',#2648,#2740,#2408,.T.);
#3395=EDGE_CURVE('',#2781,#2775,#1319,.T.);
#3396=EDGE_CURVE('',#2779,#2766,#1320,.T.);
#3397=EDGE_CURVE('',#2765,#2780,#1321,.T.);
#3398=EDGE_CURVE('',#2759,#2753,#1322,.T.);
#3399=EDGE_CURVE('',#2757,#2744,#1323,.T.);
#3400=EDGE_CURVE('',#2743,#2758,#1324,.T.);
#3401=EDGE_CURVE('',#2733,#2790,#1325,.T.);
#3402=EDGE_CURVE('',#2790,#2791,#1326,.T.);
#3403=EDGE_CURVE('',#2791,#2734,#1327,.T.);
#3404=EDGE_CURVE('',#2735,#2792,#1328,.T.);
#3405=EDGE_CURVE('',#2792,#2742,#1329,.T.);
#3406=EDGE_CURVE('',#2741,#2790,#2409,.T.);
#3407=EDGE_CURVE('',#2791,#2792,#2410,.T.);
#3408=EDGE_CURVE('',#2730,#2786,#2411,.T.);
#3409=EDGE_CURVE('',#2787,#2788,#2412,.T.);
#3410=EDGE_CURVE('',#2696,#2627,#2413,.T.);
#3411=EDGE_CURVE('',#2626,#2697,#2414,.T.);
#3412=EDGE_CURVE('',#2793,#2625,#221,.T.);
#3413=EDGE_CURVE('',#2793,#2703,#222,.T.);
#3414=EDGE_CURVE('',#2702,#2626,#2415,.T.);
#3415=EDGE_CURVE('',#2624,#2715,#2416,.T.);
#3416=EDGE_CURVE('',#2694,#2793,#223,.T.);
#3417=EDGE_CURVE('',#2695,#2624,#2417,.T.);
#3418=EDGE_CURVE('',#2695,#2715,#2418,.T.);
#3419=EDGE_CURVE('',#2692,#2714,#2419,.T.);
#3420=EDGE_CURVE('',#2675,#2693,#224,.T.);
#3421=EDGE_CURVE('',#2676,#2692,#2420,.T.);
#3422=EDGE_CURVE('',#2676,#2714,#2421,.T.);
#3423=EDGE_CURVE('',#2726,#2680,#2422,.T.);
#3424=EDGE_CURVE('',#2726,#2659,#2423,.T.);
#3425=EDGE_CURVE('',#2659,#2680,#2424,.T.);
#3426=EDGE_CURVE('',#2679,#2707,#2425,.T.);
#3427=EDGE_CURVE('',#2660,#2679,#2426,.T.);
#3428=EDGE_CURVE('',#2727,#2658,#2427,.T.);
#3429=EDGE_CURVE('',#2650,#2727,#2428,.T.);
#3430=EDGE_CURVE('',#2660,#2707,#2429,.T.);
#3431=EDGE_CURVE('',#2650,#2658,#2430,.T.);
#3432=EDGE_CURVE('',#2661,#2706,#2431,.T.);
#3433=EDGE_CURVE('',#2651,#2661,#2432,.T.);
#3434=EDGE_CURVE('',#2651,#2706,#2433,.T.);
#3435=EDGE_CURVE('',#2683,#2719,#2434,.T.);
#3436=EDGE_CURVE('',#2656,#2684,#2435,.T.);
#3437=EDGE_CURVE('',#2657,#2683,#2436,.T.);
#3438=EDGE_CURVE('',#2657,#2719,#2437,.T.);
#3439=EDGE_CURVE('',#2654,#2718,#2438,.T.);
#3440=EDGE_CURVE('',#2646,#2655,#2439,.T.);
#3441=EDGE_CURVE('',#2647,#2654,#2440,.T.);
#3442=EDGE_CURVE('',#2647,#2718,#2441,.T.);
#3443=EDGE_CURVE('',#2794,#2795,#1330,.T.);
#3444=EDGE_CURVE('',#2796,#2794,#1331,.T.);
#3445=EDGE_CURVE('',#2796,#2797,#1332,.T.);
#3446=EDGE_CURVE('',#2795,#2797,#1333,.T.);
#3447=EDGE_CURVE('',#2798,#2799,#1334,.T.);
#3448=EDGE_CURVE('',#2800,#2798,#1335,.T.);
#3449=EDGE_CURVE('',#2801,#2800,#1336,.T.);
#3450=EDGE_CURVE('',#2799,#2801,#1337,.T.);
#3451=EDGE_CURVE('',#2802,#2803,#1338,.T.);
#3452=EDGE_CURVE('',#2802,#2804,#1339,.T.);
#3453=EDGE_CURVE('',#2805,#2804,#1340,.T.);
#3454=EDGE_CURVE('',#2803,#2805,#1341,.T.);
#3455=EDGE_CURVE('',#2666,#2806,#1342,.T.);
#3456=EDGE_CURVE('',#2807,#2806,#1343,.T.);
#3457=EDGE_CURVE('',#2807,#2667,#1344,.T.);
#3458=EDGE_CURVE('',#2808,#2809,#1345,.T.);
#3459=EDGE_CURVE('',#2810,#2808,#1346,.T.);
#3460=EDGE_CURVE('',#2811,#2810,#1347,.T.);
#3461=EDGE_CURVE('',#2812,#2811,#1348,.T.);
#3462=EDGE_CURVE('',#2809,#2812,#1349,.T.);
#3463=EDGE_CURVE('',#2813,#2809,#2442,.T.);
#3464=EDGE_CURVE('',#2635,#2813,#1350,.T.);
#3465=EDGE_CURVE('',#2634,#2814,#1351,.T.);
#3466=EDGE_CURVE('',#2815,#2814,#2443,.T.);
#3467=EDGE_CURVE('',#2816,#2815,#1352,.T.);
#3468=EDGE_CURVE('',#2808,#2816,#1353,.T.);
#3469=EDGE_CURVE('',#2816,#2817,#1354,.T.);
#3470=EDGE_CURVE('',#2818,#2815,#1355,.T.);
#3471=EDGE_CURVE('',#2819,#2818,#1356,.T.);
#3472=EDGE_CURVE('',#2817,#2819,#1357,.T.);
#3473=EDGE_CURVE('',#2820,#2821,#1358,.T.);
#3474=EDGE_CURVE('',#2822,#2820,#1359,.T.);
#3475=EDGE_CURVE('',#2823,#2822,#1360,.T.);
#3476=EDGE_CURVE('',#2824,#2823,#1361,.T.);
#3477=EDGE_CURVE('',#2821,#2824,#1362,.T.);
#3478=EDGE_CURVE('',#2825,#2821,#2444,.T.);
#3479=EDGE_CURVE('',#2639,#2825,#1363,.T.);
#3480=EDGE_CURVE('',#2638,#2826,#1364,.T.);
#3481=EDGE_CURVE('',#2827,#2826,#2445,.T.);
#3482=EDGE_CURVE('',#2828,#2827,#1365,.T.);
#3483=EDGE_CURVE('',#2820,#2828,#1366,.T.);
#3484=EDGE_CURVE('',#2828,#2829,#1367,.T.);
#3485=EDGE_CURVE('',#2830,#2827,#1368,.T.);
#3486=EDGE_CURVE('',#2831,#2830,#1369,.T.);
#3487=EDGE_CURVE('',#2829,#2831,#1370,.T.);
#3488=EDGE_CURVE('',#2690,#2817,#225,.T.);
#3489=EDGE_CURVE('',#2810,#2689,#226,.T.);
#3490=EDGE_CURVE('',#2686,#2829,#227,.T.);
#3491=EDGE_CURVE('',#2822,#2685,#228,.T.);
#3492=EDGE_CURVE('',#2789,#2825,#1371,.T.);
#3493=EDGE_CURVE('',#2832,#2833,#1372,.T.);
#3494=EDGE_CURVE('',#2834,#2832,#2446,.T.);
#3495=EDGE_CURVE('',#2835,#2834,#1373,.T.);
#3496=EDGE_CURVE('',#2835,#2836,#1374,.T.);
#3497=EDGE_CURVE('',#2836,#2837,#1375,.T.);
#3498=EDGE_CURVE('',#2838,#2837,#2447,.T.);
#3499=EDGE_CURVE('',#2839,#2838,#1376,.T.);
#3500=EDGE_CURVE('',#2840,#2839,#2448,.T.);
#3501=EDGE_CURVE('',#2841,#2840,#1377,.T.);
#3502=EDGE_CURVE('',#2826,#2841,#1378,.T.);
#3503=EDGE_CURVE('',#2842,#2637,#1379,.T.);
#3504=EDGE_CURVE('',#2833,#2842,#2449,.T.);
#3505=EDGE_CURVE('',#2836,#2843,#1380,.T.);
#3506=EDGE_CURVE('',#2843,#2844,#1381,.T.);
#3507=EDGE_CURVE('',#2837,#2844,#1382,.T.);
#3508=EDGE_CURVE('',#2845,#2636,#1383,.T.);
#3509=EDGE_CURVE('',#2846,#2813,#1384,.T.);
#3510=EDGE_CURVE('',#2847,#2846,#1385,.T.);
#3511=EDGE_CURVE('',#2848,#2847,#2450,.T.);
#3512=EDGE_CURVE('',#2849,#2848,#1386,.T.);
#3513=EDGE_CURVE('',#2844,#2849,#2451,.T.);
#3514=EDGE_CURVE('',#2843,#2850,#1387,.T.);
#3515=EDGE_CURVE('',#2851,#2850,#1388,.T.);
#3516=EDGE_CURVE('',#2852,#2851,#2452,.T.);
#3517=EDGE_CURVE('',#2853,#2852,#1389,.T.);
#3518=EDGE_CURVE('',#2845,#2853,#2453,.T.);
#3519=EDGE_CURVE('',#2842,#2845,#1390,.T.);
#3520=EDGE_CURVE('',#2835,#2850,#1391,.T.);
#3521=EDGE_CURVE('',#2854,#2855,#1392,.T.);
#3522=EDGE_CURVE('',#2856,#2854,#2454,.T.);
#3523=EDGE_CURVE('',#2857,#2856,#1393,.T.);
#3524=EDGE_CURVE('',#2857,#2858,#1394,.T.);
#3525=EDGE_CURVE('',#2858,#2859,#1395,.T.);
#3526=EDGE_CURVE('',#2860,#2859,#2455,.T.);
#3527=EDGE_CURVE('',#2861,#2860,#1396,.T.);
#3528=EDGE_CURVE('',#2862,#2861,#2456,.T.);
#3529=EDGE_CURVE('',#2863,#2862,#1397,.T.);
#3530=EDGE_CURVE('',#2814,#2863,#1398,.T.);
#3531=EDGE_CURVE('',#2864,#2633,#1399,.T.);
#3532=EDGE_CURVE('',#2855,#2864,#2457,.T.);
#3533=EDGE_CURVE('',#2858,#2865,#1400,.T.);
#3534=EDGE_CURVE('',#2865,#2866,#1401,.T.);
#3535=EDGE_CURVE('',#2859,#2866,#1402,.T.);
#3536=EDGE_CURVE('',#2867,#2632,#1403,.T.);
#3537=EDGE_CURVE('',#2631,#2868,#1404,.T.);
#3538=EDGE_CURVE('',#2869,#2868,#2458,.T.);
#3539=EDGE_CURVE('',#2869,#2870,#1405,.T.);
#3540=EDGE_CURVE('',#2866,#2870,#2459,.T.);
#3541=EDGE_CURVE('',#2865,#2871,#1406,.T.);
#3542=EDGE_CURVE('',#2871,#2872,#1407,.T.);
#3543=EDGE_CURVE('',#2873,#2872,#2460,.T.);
#3544=EDGE_CURVE('',#2873,#2874,#1408,.T.);
#3545=EDGE_CURVE('',#2867,#2874,#2461,.T.);
#3546=EDGE_CURVE('',#2864,#2867,#1409,.T.);
#3547=EDGE_CURVE('',#2871,#2857,#1410,.T.);
#3548=EDGE_CURVE('',#2863,#2630,#2462,.T.);
#3549=EDGE_CURVE('',#2868,#2862,#1411,.T.);
#3550=EDGE_CURVE('',#2861,#2869,#1412,.T.);
#3551=EDGE_CURVE('',#2870,#2860,#1413,.T.);
#3552=EDGE_CURVE('',#2797,#2846,#2463,.T.);
#3553=EDGE_CURVE('',#2841,#2796,#2464,.T.);
#3554=EDGE_CURVE('',#2847,#2840,#1414,.T.);
#3555=EDGE_CURVE('',#2849,#2838,#1415,.T.);
#3556=EDGE_CURVE('',#2839,#2848,#1416,.T.);
#3557=EDGE_CURVE('',#2872,#2856,#1417,.T.);
#3558=EDGE_CURVE('',#2854,#2873,#1418,.T.);
#3559=EDGE_CURVE('',#2874,#2855,#1419,.T.);
#3560=EDGE_CURVE('',#2851,#2834,#1420,.T.);
#3561=EDGE_CURVE('',#2832,#2852,#1421,.T.);
#3562=EDGE_CURVE('',#2853,#2833,#1422,.T.);
#3563=EDGE_CURVE('',#2806,#2875,#229,.T.);
#3564=EDGE_CURVE('',#2875,#2628,#230,.T.);
#3565=EDGE_CURVE('',#2627,#2807,#2465,.T.);
#3566=EDGE_CURVE('',#2629,#2818,#2466,.T.);
#3567=EDGE_CURVE('',#2875,#2802,#231,.T.);
#3568=EDGE_CURVE('',#2803,#2629,#2467,.T.);
#3569=EDGE_CURVE('',#2803,#2818,#2468,.T.);
#3570=EDGE_CURVE('',#2805,#2819,#2469,.T.);
#3571=EDGE_CURVE('',#2804,#2666,#232,.T.);
#3572=EDGE_CURVE('',#2691,#2805,#2470,.T.);
#3573=EDGE_CURVE('',#2691,#2819,#2471,.T.);
#3574=EDGE_CURVE('',#2831,#2687,#2472,.T.);
#3575=EDGE_CURVE('',#2831,#2799,#2473,.T.);
#3576=EDGE_CURVE('',#2799,#2687,#2474,.T.);
#3577=EDGE_CURVE('',#2688,#2811,#2475,.T.);
#3578=EDGE_CURVE('',#2801,#2688,#2476,.T.);
#3579=EDGE_CURVE('',#2830,#2798,#2477,.T.);
#3580=EDGE_CURVE('',#2794,#2830,#2478,.T.);
#3581=EDGE_CURVE('',#2801,#2811,#2479,.T.);
#3582=EDGE_CURVE('',#2794,#2798,#2480,.T.);
#3583=EDGE_CURVE('',#2800,#2812,#2481,.T.);
#3584=EDGE_CURVE('',#2795,#2800,#2482,.T.);
#3585=EDGE_CURVE('',#2795,#2812,#2483,.T.);
#3586=EDGE_CURVE('',#2684,#2823,#2484,.T.);
#3587=EDGE_CURVE('',#2656,#2823,#2485,.T.);
#3588=EDGE_CURVE('',#2655,#2824,#2486,.T.);
#3589=EDGE_CURVE('',#2646,#2824,#2487,.T.);
#3590=EDGE_CURVE('',#2876,#2877,#1423,.T.);
#3591=EDGE_CURVE('',#2878,#2877,#1424,.T.);
#3592=EDGE_CURVE('',#2878,#2879,#1425,.T.);
#3593=EDGE_CURVE('',#2879,#2880,#1426,.T.);
#3594=EDGE_CURVE('',#2880,#2881,#1427,.T.);
#3595=EDGE_CURVE('',#2881,#2882,#1428,.T.);
#3596=EDGE_CURVE('',#2882,#2883,#1429,.T.);
#3597=EDGE_CURVE('',#2884,#2883,#1430,.T.);
#3598=EDGE_CURVE('',#2885,#2884,#1431,.T.);
#3599=EDGE_CURVE('',#2886,#2885,#1432,.T.);
#3600=EDGE_CURVE('',#2887,#2886,#1433,.T.);
#3601=EDGE_CURVE('',#2887,#2888,#1434,.T.);
#3602=EDGE_CURVE('',#2889,#2888,#1435,.T.);
#3603=EDGE_CURVE('',#2890,#2889,#1436,.T.);
#3604=EDGE_CURVE('',#2891,#2890,#1437,.T.);
#3605=EDGE_CURVE('',#2892,#2891,#1438,.T.);
#3606=EDGE_CURVE('',#2893,#2892,#1439,.T.);
#3607=EDGE_CURVE('',#2893,#2894,#1440,.T.);
#3608=EDGE_CURVE('',#2894,#2895,#1441,.T.);
#3609=EDGE_CURVE('',#2895,#2896,#1442,.T.);
#3610=EDGE_CURVE('',#2897,#2896,#1443,.T.);
#3611=EDGE_CURVE('',#2898,#2897,#1444,.T.);
#3612=EDGE_CURVE('',#2899,#2898,#1445,.T.);
#3613=EDGE_CURVE('',#2900,#2899,#1446,.T.);
#3614=EDGE_CURVE('',#2900,#2901,#1447,.T.);
#3615=EDGE_CURVE('',#2901,#2902,#1448,.T.);
#3616=EDGE_CURVE('',#2902,#2903,#1449,.T.);
#3617=EDGE_CURVE('',#2903,#2876,#1450,.T.);
#3618=EDGE_CURVE('',#2904,#2905,#1451,.T.);
#3619=EDGE_CURVE('',#2904,#2906,#1452,.T.);
#3620=EDGE_CURVE('',#2906,#2907,#1453,.T.);
#3621=EDGE_CURVE('',#2905,#2907,#1454,.T.);
#3622=EDGE_CURVE('',#2908,#2909,#1455,.T.);
#3623=EDGE_CURVE('',#2909,#2910,#2488,.T.);
#3624=EDGE_CURVE('',#2910,#2911,#1456,.T.);
#3625=EDGE_CURVE('',#2911,#2912,#1457,.T.);
#3626=EDGE_CURVE('',#2912,#2913,#2489,.T.);
#3627=EDGE_CURVE('',#2914,#2913,#1458,.T.);
#3628=EDGE_CURVE('',#2915,#2914,#1459,.T.);
#3629=EDGE_CURVE('',#2915,#2916,#1460,.T.);
#3630=EDGE_CURVE('',#2916,#2917,#1461,.T.);
#3631=EDGE_CURVE('',#2917,#2918,#1462,.T.);
#3632=EDGE_CURVE('',#2918,#2919,#1463,.T.);
#3633=EDGE_CURVE('',#2919,#2920,#1464,.T.);
#3634=EDGE_CURVE('',#2920,#2921,#1465,.T.);
#3635=EDGE_CURVE('',#2921,#2922,#1466,.T.);
#3636=EDGE_CURVE('',#2923,#2922,#1467,.T.);
#3637=EDGE_CURVE('',#2923,#2924,#1468,.T.);
#3638=EDGE_CURVE('',#2925,#2924,#1469,.T.);
#3639=EDGE_CURVE('',#2926,#2925,#1470,.T.);
#3640=EDGE_CURVE('',#2926,#2927,#1471,.T.);
#3641=EDGE_CURVE('',#2928,#2927,#1472,.T.);
#3642=EDGE_CURVE('',#2929,#2928,#1473,.T.);
#3643=EDGE_CURVE('',#2930,#2929,#1474,.T.);
#3644=EDGE_CURVE('',#2930,#2931,#1475,.T.);
#3645=EDGE_CURVE('',#2932,#2931,#1476,.T.);
#3646=EDGE_CURVE('',#2908,#2932,#1477,.T.);
#3647=EDGE_CURVE('',#2663,#2665,#2490,.T.);
#3648=EDGE_CURVE('',#2933,#2934,#1478,.T.);
#3649=EDGE_CURVE('',#2935,#2933,#1479,.T.);
#3650=EDGE_CURVE('',#2935,#2936,#1480,.T.);
#3651=EDGE_CURVE('',#2934,#2936,#1481,.T.);
#3652=EDGE_CURVE('',#2937,#2938,#1482,.T.);
#3653=EDGE_CURVE('',#2939,#2937,#1483,.T.);
#3654=EDGE_CURVE('',#2940,#2939,#1484,.T.);
#3655=EDGE_CURVE('',#2940,#2938,#1485,.T.);
#3656=EDGE_CURVE('',#2941,#2942,#1486,.T.);
#3657=EDGE_CURVE('',#2943,#2941,#1487,.T.);
#3658=EDGE_CURVE('',#2944,#2943,#1488,.T.);
#3659=EDGE_CURVE('',#2942,#2944,#1489,.T.);
#3660=EDGE_CURVE('',#2945,#2946,#1490,.T.);
#3661=EDGE_CURVE('',#2945,#2947,#1491,.T.);
#3662=EDGE_CURVE('',#2948,#2947,#1492,.T.);
#3663=EDGE_CURVE('',#2946,#2948,#1493,.T.);
#3664=EDGE_CURVE('',#2949,#2950,#1494,.T.);
#3665=EDGE_CURVE('',#2949,#2951,#1495,.T.);
#3666=EDGE_CURVE('',#2951,#2915,#1496,.T.);
#3667=EDGE_CURVE('',#2952,#2914,#1497,.T.);
#3668=EDGE_CURVE('',#2952,#2953,#1498,.T.);
#3669=EDGE_CURVE('',#2953,#2911,#1499,.T.);
#3670=EDGE_CURVE('',#2910,#2950,#1500,.T.);
#3671=EDGE_CURVE('',#2954,#2952,#1501,.T.);
#3672=EDGE_CURVE('',#2954,#2955,#2491,.T.);
#3673=EDGE_CURVE('',#2955,#2953,#1502,.T.);
#3674=EDGE_CURVE('',#2908,#2956,#1503,.T.);
#3675=EDGE_CURVE('',#2957,#2956,#1504,.T.);
#3676=EDGE_CURVE('',#2957,#2909,#1505,.T.);
#3677=EDGE_CURVE('',#2955,#2912,#1506,.T.);
#3678=EDGE_CURVE('',#2954,#2913,#1507,.T.);
#3679=EDGE_CURVE('',#2958,#2959,#1508,.T.);
#3680=EDGE_CURVE('',#2960,#2958,#1509,.T.);
#3681=EDGE_CURVE('',#2961,#2960,#1510,.T.);
#3682=EDGE_CURVE('',#2962,#2961,#1511,.T.);
#3683=EDGE_CURVE('',#2959,#2962,#1512,.T.);
#3684=EDGE_CURVE('',#2963,#2959,#2492,.T.);
#3685=EDGE_CURVE('',#2877,#2963,#1513,.T.);
#3686=EDGE_CURVE('',#2876,#2964,#1514,.T.);
#3687=EDGE_CURVE('',#2965,#2964,#2493,.T.);
#3688=EDGE_CURVE('',#2966,#2965,#1515,.T.);
#3689=EDGE_CURVE('',#2958,#2966,#1516,.T.);
#3690=EDGE_CURVE('',#2966,#2967,#1517,.T.);
#3691=EDGE_CURVE('',#2968,#2965,#1518,.T.);
#3692=EDGE_CURVE('',#2969,#2968,#1519,.T.);
#3693=EDGE_CURVE('',#2967,#2969,#1520,.T.);
#3694=EDGE_CURVE('',#2970,#2971,#1521,.T.);
#3695=EDGE_CURVE('',#2972,#2970,#1522,.T.);
#3696=EDGE_CURVE('',#2973,#2972,#1523,.T.);
#3697=EDGE_CURVE('',#2974,#2973,#1524,.T.);
#3698=EDGE_CURVE('',#2971,#2974,#1525,.T.);
#3699=EDGE_CURVE('',#2975,#2971,#2494,.T.);
#3700=EDGE_CURVE('',#2881,#2975,#1526,.T.);
#3701=EDGE_CURVE('',#2880,#2976,#1527,.T.);
#3702=EDGE_CURVE('',#2977,#2976,#2495,.T.);
#3703=EDGE_CURVE('',#2978,#2977,#1528,.T.);
#3704=EDGE_CURVE('',#2970,#2978,#1529,.T.);
#3705=EDGE_CURVE('',#2978,#2979,#1530,.T.);
#3706=EDGE_CURVE('',#2980,#2977,#1531,.T.);
#3707=EDGE_CURVE('',#2981,#2980,#1532,.T.);
#3708=EDGE_CURVE('',#2979,#2981,#1533,.T.);
#3709=EDGE_CURVE('',#2931,#2967,#233,.T.);
#3710=EDGE_CURVE('',#2960,#2930,#234,.T.);
#3711=EDGE_CURVE('',#2927,#2979,#235,.T.);
#3712=EDGE_CURVE('',#2972,#2926,#236,.T.);
#3713=EDGE_CURVE('',#2982,#2983,#1534,.T.);
#3714=EDGE_CURVE('',#2983,#2984,#1535,.T.);
#3715=EDGE_CURVE('',#2985,#2984,#1536,.T.);
#3716=EDGE_CURVE('',#2982,#2985,#1537,.T.);
#3717=EDGE_CURVE('',#2986,#2882,#1538,.T.);
#3718=EDGE_CURVE('',#2987,#2975,#1539,.T.);
#3719=EDGE_CURVE('',#2988,#2987,#1540,.T.);
#3720=EDGE_CURVE('',#2989,#2988,#2496,.T.);
#3721=EDGE_CURVE('',#2990,#2989,#1541,.T.);
#3722=EDGE_CURVE('',#2984,#2990,#2497,.T.);
#3723=EDGE_CURVE('',#2983,#2991,#1542,.T.);
#3724=EDGE_CURVE('',#2992,#2991,#1543,.T.);
#3725=EDGE_CURVE('',#2993,#2992,#2498,.T.);
#3726=EDGE_CURVE('',#2994,#2993,#1544,.T.);
#3727=EDGE_CURVE('',#2986,#2994,#2499,.T.);
#3728=EDGE_CURVE('',#2995,#2986,#1545,.T.);
#3729=EDGE_CURVE('',#2995,#2883,#1546,.T.);
#3730=EDGE_CURVE('',#2996,#2991,#1547,.T.);
#3731=EDGE_CURVE('',#2982,#2996,#1548,.T.);
#3732=EDGE_CURVE('',#2997,#2998,#1549,.T.);
#3733=EDGE_CURVE('',#2999,#2997,#2500,.T.);
#3734=EDGE_CURVE('',#3000,#2999,#1550,.T.);
#3735=EDGE_CURVE('',#3000,#3001,#1551,.T.);
#3736=EDGE_CURVE('',#3001,#3002,#1552,.T.);
#3737=EDGE_CURVE('',#3003,#3002,#2501,.T.);
#3738=EDGE_CURVE('',#3004,#3003,#1553,.T.);
#3739=EDGE_CURVE('',#3005,#3004,#2502,.T.);
#3740=EDGE_CURVE('',#3006,#3005,#1554,.T.);
#3741=EDGE_CURVE('',#2976,#3006,#1555,.T.);
#3742=EDGE_CURVE('',#3007,#2879,#1556,.T.);
#3743=EDGE_CURVE('',#2998,#3007,#2503,.T.);
#3744=EDGE_CURVE('',#3001,#3008,#1557,.T.);
#3745=EDGE_CURVE('',#3008,#3009,#1558,.T.);
#3746=EDGE_CURVE('',#3002,#3009,#1559,.T.);
#3747=EDGE_CURVE('',#3010,#2878,#1560,.T.);
#3748=EDGE_CURVE('',#3011,#2963,#1561,.T.);
#3749=EDGE_CURVE('',#3012,#3011,#1562,.T.);
#3750=EDGE_CURVE('',#3013,#3012,#2504,.T.);
#3751=EDGE_CURVE('',#3014,#3013,#1563,.T.);
#3752=EDGE_CURVE('',#3009,#3014,#2505,.T.);
#3753=EDGE_CURVE('',#3008,#3015,#1564,.T.);
#3754=EDGE_CURVE('',#3016,#3015,#1565,.T.);
#3755=EDGE_CURVE('',#3017,#3016,#2506,.T.);
#3756=EDGE_CURVE('',#3018,#3017,#1566,.T.);
#3757=EDGE_CURVE('',#3010,#3018,#2507,.T.);
#3758=EDGE_CURVE('',#3007,#3010,#1567,.T.);
#3759=EDGE_CURVE('',#3000,#3015,#1568,.T.);
#3760=EDGE_CURVE('',#3019,#3020,#1569,.T.);
#3761=EDGE_CURVE('',#3021,#3019,#2508,.T.);
#3762=EDGE_CURVE('',#3022,#3021,#1570,.T.);
#3763=EDGE_CURVE('',#3022,#3023,#1571,.T.);
#3764=EDGE_CURVE('',#3023,#3024,#1572,.T.);
#3765=EDGE_CURVE('',#3025,#3024,#2509,.T.);
#3766=EDGE_CURVE('',#3026,#3025,#1573,.T.);
#3767=EDGE_CURVE('',#3027,#3026,#2510,.T.);
#3768=EDGE_CURVE('',#3028,#3027,#1574,.T.);
#3769=EDGE_CURVE('',#2964,#3028,#1575,.T.);
#3770=EDGE_CURVE('',#3029,#2903,#1576,.T.);
#3771=EDGE_CURVE('',#3020,#3029,#2511,.T.);
#3772=EDGE_CURVE('',#3023,#3030,#1577,.T.);
#3773=EDGE_CURVE('',#3030,#3031,#1578,.T.);
#3774=EDGE_CURVE('',#3024,#3031,#1579,.T.);
#3775=EDGE_CURVE('',#3032,#2902,#1580,.T.);
#3776=EDGE_CURVE('',#2901,#3033,#1581,.T.);
#3777=EDGE_CURVE('',#3034,#3033,#2512,.T.);
#3778=EDGE_CURVE('',#3034,#3035,#1582,.T.);
#3779=EDGE_CURVE('',#3031,#3035,#2513,.T.);
#3780=EDGE_CURVE('',#3030,#3036,#1583,.T.);
#3781=EDGE_CURVE('',#3036,#3037,#1584,.T.);
#3782=EDGE_CURVE('',#3038,#3037,#2514,.T.);
#3783=EDGE_CURVE('',#3038,#3039,#1585,.T.);
#3784=EDGE_CURVE('',#3032,#3039,#2515,.T.);
#3785=EDGE_CURVE('',#3029,#3032,#1586,.T.);
#3786=EDGE_CURVE('',#3036,#3022,#1587,.T.);
#3787=EDGE_CURVE('',#3028,#2900,#2516,.T.);
#3788=EDGE_CURVE('',#3033,#3027,#1588,.T.);
#3789=EDGE_CURVE('',#3026,#3034,#1589,.T.);
#3790=EDGE_CURVE('',#3035,#3025,#1590,.T.);
#3791=EDGE_CURVE('',#2936,#3011,#2517,.T.);
#3792=EDGE_CURVE('',#3006,#2935,#2518,.T.);
#3793=EDGE_CURVE('',#3012,#3005,#1591,.T.);
#3794=EDGE_CURVE('',#3014,#3003,#1592,.T.);
#3795=EDGE_CURVE('',#3004,#3013,#1593,.T.);
#3796=EDGE_CURVE('',#3040,#2989,#1594,.T.);
#3797=EDGE_CURVE('',#3041,#3040,#1595,.T.);
#3798=EDGE_CURVE('',#2990,#3041,#1596,.T.);
#3799=EDGE_CURVE('',#2907,#2987,#2519,.T.);
#3800=EDGE_CURVE('',#2906,#3042,#2520,.T.);
#3801=EDGE_CURVE('',#3043,#3042,#1597,.T.);
#3802=EDGE_CURVE('',#2988,#3043,#1598,.T.);
#3803=EDGE_CURVE('',#3037,#3021,#1599,.T.);
#3804=EDGE_CURVE('',#3019,#3038,#1600,.T.);
#3805=EDGE_CURVE('',#3039,#3020,#1601,.T.);
#3806=EDGE_CURVE('',#3016,#2999,#1602,.T.);
#3807=EDGE_CURVE('',#2997,#3017,#1603,.T.);
#3808=EDGE_CURVE('',#3018,#2998,#1604,.T.);
#3809=EDGE_CURVE('',#3044,#2993,#1605,.T.);
#3810=EDGE_CURVE('',#3045,#3044,#1606,.T.);
#3811=EDGE_CURVE('',#2994,#3045,#1607,.T.);
#3812=EDGE_CURVE('',#3046,#2996,#1608,.T.);
#3813=EDGE_CURVE('',#2992,#3046,#1609,.T.);
#3814=EDGE_CURVE('',#2995,#3045,#2521,.T.);
#3815=EDGE_CURVE('',#3044,#3046,#2522,.T.);
#3816=EDGE_CURVE('',#2985,#3041,#2523,.T.);
#3817=EDGE_CURVE('',#3040,#3043,#2524,.T.);
#3818=EDGE_CURVE('',#2896,#2949,#2525,.T.);
#3819=EDGE_CURVE('',#2950,#2897,#2526,.T.);
#3820=EDGE_CURVE('',#2956,#3047,#237,.T.);
#3821=EDGE_CURVE('',#3047,#2898,#238,.T.);
#3822=EDGE_CURVE('',#2897,#2957,#2527,.T.);
#3823=EDGE_CURVE('',#2899,#2968,#2528,.T.);
#3824=EDGE_CURVE('',#3047,#2945,#239,.T.);
#3825=EDGE_CURVE('',#2946,#2899,#2529,.T.);
#3826=EDGE_CURVE('',#2946,#2968,#2530,.T.);
#3827=EDGE_CURVE('',#2948,#2969,#2531,.T.);
#3828=EDGE_CURVE('',#2947,#2908,#240,.T.);
#3829=EDGE_CURVE('',#2932,#2948,#2532,.T.);
#3830=EDGE_CURVE('',#2932,#2969,#2533,.T.);
#3831=EDGE_CURVE('',#2981,#2928,#2534,.T.);
#3832=EDGE_CURVE('',#2981,#2942,#2535,.T.);
#3833=EDGE_CURVE('',#2942,#2928,#2536,.T.);
#3834=EDGE_CURVE('',#2929,#2961,#2537,.T.);
#3835=EDGE_CURVE('',#2944,#2929,#2538,.T.);
#3836=EDGE_CURVE('',#2980,#2941,#2539,.T.);
#3837=EDGE_CURVE('',#2933,#2980,#2540,.T.);
#3838=EDGE_CURVE('',#2944,#2961,#2541,.T.);
#3839=EDGE_CURVE('',#2933,#2941,#2542,.T.);
#3840=EDGE_CURVE('',#2943,#2962,#2543,.T.);
#3841=EDGE_CURVE('',#2934,#2943,#2544,.T.);
#3842=EDGE_CURVE('',#2934,#2962,#2545,.T.);
#3843=EDGE_CURVE('',#2925,#2973,#2546,.T.);
#3844=EDGE_CURVE('',#2939,#2925,#2547,.T.);
#3845=EDGE_CURVE('',#2940,#2924,#2548,.T.);
#3846=EDGE_CURVE('',#2939,#2973,#2549,.T.);
#3847=EDGE_CURVE('',#2937,#2974,#2550,.T.);
#3848=EDGE_CURVE('',#2905,#2937,#2551,.T.);
#3849=EDGE_CURVE('',#2904,#2938,#2552,.T.);
#3850=EDGE_CURVE('',#2905,#2974,#2553,.T.);
#3851=EDGE_CURVE('',#3048,#3049,#1610,.T.);
#3852=EDGE_CURVE('',#3049,#3050,#1611,.T.);
#3853=EDGE_CURVE('',#3051,#3050,#1612,.T.);
#3854=EDGE_CURVE('',#3051,#3048,#1613,.T.);
#3855=EDGE_CURVE('',#3052,#3053,#1614,.T.);
#3856=EDGE_CURVE('',#3053,#3054,#1615,.T.);
#3857=EDGE_CURVE('',#3054,#3055,#1616,.T.);
#3858=EDGE_CURVE('',#3055,#3052,#1617,.T.);
#3859=EDGE_CURVE('',#3056,#3057,#1618,.T.);
#3860=EDGE_CURVE('',#3057,#3058,#1619,.T.);
#3861=EDGE_CURVE('',#3058,#3059,#1620,.T.);
#3862=EDGE_CURVE('',#3059,#3060,#1621,.T.);
#3863=EDGE_CURVE('',#3060,#3056,#1622,.T.);
#3864=EDGE_CURVE('',#3061,#3062,#1623,.T.);
#3865=EDGE_CURVE('',#3062,#3063,#1624,.T.);
#3866=EDGE_CURVE('',#3063,#3064,#1625,.T.);
#3867=EDGE_CURVE('',#3064,#3061,#1626,.T.);
#3868=EDGE_CURVE('',#3065,#3066,#1627,.T.);
#3869=EDGE_CURVE('',#3066,#3067,#1628,.T.);
#3870=EDGE_CURVE('',#3067,#3068,#1629,.T.);
#3871=EDGE_CURVE('',#3068,#3069,#1630,.T.);
#3872=EDGE_CURVE('',#3069,#3065,#1631,.T.);
#3873=EDGE_CURVE('',#3065,#3070,#1632,.T.);
#3874=EDGE_CURVE('',#3070,#3071,#1633,.T.);
#3875=EDGE_CURVE('',#3071,#3072,#2554,.T.);
#3876=EDGE_CURVE('',#2889,#3072,#1634,.T.);
#3877=EDGE_CURVE('',#2888,#3073,#1635,.T.);
#3878=EDGE_CURVE('',#3073,#3066,#2555,.T.);
#3879=EDGE_CURVE('',#3070,#3074,#1636,.T.);
#3880=EDGE_CURVE('',#3074,#3075,#1637,.T.);
#3881=EDGE_CURVE('',#3075,#3076,#1638,.T.);
#3882=EDGE_CURVE('',#3076,#3071,#1639,.T.);
#3883=EDGE_CURVE('',#3077,#3078,#1640,.T.);
#3884=EDGE_CURVE('',#3078,#3079,#1641,.T.);
#3885=EDGE_CURVE('',#3079,#3080,#1642,.T.);
#3886=EDGE_CURVE('',#3080,#3081,#1643,.T.);
#3887=EDGE_CURVE('',#3081,#3077,#1644,.T.);
#3888=EDGE_CURVE('',#3077,#3082,#1645,.T.);
#3889=EDGE_CURVE('',#3082,#3083,#1646,.T.);
#3890=EDGE_CURVE('',#3083,#3084,#2556,.T.);
#3891=EDGE_CURVE('',#2885,#3084,#1647,.T.);
#3892=EDGE_CURVE('',#2884,#3085,#1648,.T.);
#3893=EDGE_CURVE('',#3085,#3078,#2557,.T.);
#3894=EDGE_CURVE('',#3082,#3086,#1649,.T.);
#3895=EDGE_CURVE('',#3086,#3087,#1650,.T.);
#3896=EDGE_CURVE('',#3087,#3088,#1651,.T.);
#3897=EDGE_CURVE('',#3088,#3083,#1652,.T.);
#3898=EDGE_CURVE('',#3069,#2919,#241,.T.);
#3899=EDGE_CURVE('',#2918,#3074,#242,.T.);
#3900=EDGE_CURVE('',#3081,#2923,#243,.T.);
#3901=EDGE_CURVE('',#2922,#3086,#244,.T.);
#3902=EDGE_CURVE('',#3042,#3085,#1653,.T.);
#3903=EDGE_CURVE('',#3089,#3090,#1654,.T.);
#3904=EDGE_CURVE('',#3090,#3091,#2558,.T.);
#3905=EDGE_CURVE('',#3091,#2886,#1655,.T.);
#3906=EDGE_CURVE('',#3084,#3092,#1656,.T.);
#3907=EDGE_CURVE('',#3092,#3093,#1657,.T.);
#3908=EDGE_CURVE('',#3093,#3094,#2559,.T.);
#3909=EDGE_CURVE('',#3094,#3095,#1658,.T.);
#3910=EDGE_CURVE('',#3095,#3096,#2560,.T.);
#3911=EDGE_CURVE('',#3097,#3096,#1659,.T.);
#3912=EDGE_CURVE('',#3098,#3097,#1660,.T.);
#3913=EDGE_CURVE('',#3098,#3099,#1661,.T.);
#3914=EDGE_CURVE('',#3099,#3089,#2561,.T.);
#3915=EDGE_CURVE('',#3096,#3100,#1662,.T.);
#3916=EDGE_CURVE('',#3101,#3100,#1663,.T.);
#3917=EDGE_CURVE('',#3097,#3101,#1664,.T.);
#3918=EDGE_CURVE('',#3102,#2887,#1665,.T.);
#3919=EDGE_CURVE('',#3102,#3103,#2562,.T.);
#3920=EDGE_CURVE('',#3103,#3104,#1666,.T.);
#3921=EDGE_CURVE('',#3104,#3105,#2563,.T.);
#3922=EDGE_CURVE('',#3105,#3106,#1667,.T.);
#3923=EDGE_CURVE('',#3101,#3106,#1668,.T.);
#3924=EDGE_CURVE('',#3100,#3107,#2564,.T.);
#3925=EDGE_CURVE('',#3107,#3108,#1669,.T.);
#3926=EDGE_CURVE('',#3108,#3109,#2565,.T.);
#3927=EDGE_CURVE('',#3109,#3110,#1670,.T.);
#3928=EDGE_CURVE('',#3110,#3073,#1671,.T.);
#3929=EDGE_CURVE('',#3091,#3102,#1672,.T.);
#3930=EDGE_CURVE('',#3098,#3106,#1673,.T.);
#3931=EDGE_CURVE('',#3111,#3112,#1674,.T.);
#3932=EDGE_CURVE('',#3112,#3113,#2566,.T.);
#3933=EDGE_CURVE('',#3113,#2890,#1675,.T.);
#3934=EDGE_CURVE('',#3072,#3114,#1676,.T.);
#3935=EDGE_CURVE('',#3114,#3115,#1677,.T.);
#3936=EDGE_CURVE('',#3115,#3116,#2567,.T.);
#3937=EDGE_CURVE('',#3116,#3117,#1678,.T.);
#3938=EDGE_CURVE('',#3117,#3118,#2568,.T.);
#3939=EDGE_CURVE('',#3119,#3118,#1679,.T.);
#3940=EDGE_CURVE('',#3120,#3119,#1680,.T.);
#3941=EDGE_CURVE('',#3120,#3121,#1681,.T.);
#3942=EDGE_CURVE('',#3121,#3111,#2569,.T.);
#3943=EDGE_CURVE('',#3118,#3122,#1682,.T.);
#3944=EDGE_CURVE('',#3123,#3122,#1683,.T.);
#3945=EDGE_CURVE('',#3119,#3123,#1684,.T.);
#3946=EDGE_CURVE('',#3124,#2891,#1685,.T.);
#3947=EDGE_CURVE('',#3124,#3125,#2570,.T.);
#3948=EDGE_CURVE('',#3126,#3125,#1686,.T.);
#3949=EDGE_CURVE('',#3126,#3127,#2571,.T.);
#3950=EDGE_CURVE('',#3128,#3127,#1687,.T.);
#3951=EDGE_CURVE('',#3123,#3128,#1688,.T.);
#3952=EDGE_CURVE('',#3122,#3129,#2572,.T.);
#3953=EDGE_CURVE('',#3130,#3129,#1689,.T.);
#3954=EDGE_CURVE('',#3130,#3131,#2573,.T.);
#3955=EDGE_CURVE('',#2892,#3131,#1690,.T.);
#3956=EDGE_CURVE('',#3113,#3124,#1691,.T.);
#3957=EDGE_CURVE('',#3128,#3120,#1692,.T.);
#3958=EDGE_CURVE('',#3131,#3115,#1693,.T.);
#3959=EDGE_CURVE('',#3114,#2893,#2574,.T.);
#3960=EDGE_CURVE('',#3129,#3117,#1694,.T.);
#3961=EDGE_CURVE('',#3116,#3130,#1695,.T.);
#3962=EDGE_CURVE('',#3109,#3093,#1696,.T.);
#3963=EDGE_CURVE('',#3092,#3051,#2575,.T.);
#3964=EDGE_CURVE('',#3050,#3110,#2576,.T.);
#3965=EDGE_CURVE('',#3094,#3108,#1697,.T.);
#3966=EDGE_CURVE('',#3107,#3095,#1698,.T.);
#3967=EDGE_CURVE('',#3127,#3121,#1699,.T.);
#3968=EDGE_CURVE('',#3125,#3112,#1700,.T.);
#3969=EDGE_CURVE('',#3111,#3126,#1701,.T.);
#3970=EDGE_CURVE('',#3105,#3099,#1702,.T.);
#3971=EDGE_CURVE('',#3103,#3090,#1703,.T.);
#3972=EDGE_CURVE('',#3089,#3104,#1704,.T.);
#3973=EDGE_CURVE('',#3132,#2895,#245,.T.);
#3974=EDGE_CURVE('',#3132,#3062,#246,.T.);
#3975=EDGE_CURVE('',#3061,#2896,#2577,.T.);
#3976=EDGE_CURVE('',#2894,#3076,#2578,.T.);
#3977=EDGE_CURVE('',#3058,#3132,#247,.T.);
#3978=EDGE_CURVE('',#3059,#2894,#2579,.T.);
#3979=EDGE_CURVE('',#3059,#3076,#2580,.T.);
#3980=EDGE_CURVE('',#3060,#3075,#2581,.T.);
#3981=EDGE_CURVE('',#2916,#3056,#248,.T.);
#3982=EDGE_CURVE('',#2917,#3060,#2582,.T.);
#3983=EDGE_CURVE('',#2917,#3075,#2583,.T.);
#3984=EDGE_CURVE('',#3087,#2921,#2584,.T.);
#3985=EDGE_CURVE('',#3087,#3053,#2585,.T.);
#3986=EDGE_CURVE('',#3053,#2921,#2586,.T.);
#3987=EDGE_CURVE('',#2920,#3068,#2587,.T.);
#3988=EDGE_CURVE('',#3054,#2920,#2588,.T.);
#3989=EDGE_CURVE('',#3088,#3052,#2589,.T.);
#3990=EDGE_CURVE('',#3048,#3088,#2590,.T.);
#3991=EDGE_CURVE('',#3054,#3068,#2591,.T.);
#3992=EDGE_CURVE('',#3048,#3052,#2592,.T.);
#3993=EDGE_CURVE('',#3055,#3067,#2593,.T.);
#3994=EDGE_CURVE('',#3049,#3055,#2594,.T.);
#3995=EDGE_CURVE('',#3049,#3067,#2595,.T.);
#3996=EDGE_CURVE('',#2924,#3080,#2596,.T.);
#3997=EDGE_CURVE('',#2940,#3080,#2597,.T.);
#3998=EDGE_CURVE('',#2938,#3079,#2598,.T.);
#3999=EDGE_CURVE('',#2904,#3079,#2599,.T.);
#4000=EDGE_CURVE('',#3063,#3057,#249,.T.);
#4001=EDGE_CURVE('',#2951,#3064,#250,.T.);
#4002=EDGE_CURVE('',#2696,#2807,#2600,.T.);
#4003=EDGE_CURVE('',#3061,#2949,#2601,.T.);
#4004=EDGE_CURVE('',#2702,#2697,#2602,.T.);
#4005=EDGE_CURVE('',#2950,#2957,#2603,.T.);
#4006=EDGE_CURVE('',#3133,#3133,#2604,.T.);
#4007=EDGE_CURVE('',#3133,#3134,#1705,.T.);
#4008=EDGE_CURVE('',#3134,#3134,#2605,.T.);
#4009=EDGE_CURVE('',#3135,#3135,#2606,.T.);
#4010=EDGE_CURVE('',#3135,#3136,#1706,.T.);
#4011=EDGE_CURVE('',#3136,#3136,#2607,.T.);
#4012=EDGE_CURVE('',#3137,#3138,#1707,.T.);
#4013=EDGE_CURVE('',#3139,#3137,#1708,.T.);
#4014=EDGE_CURVE('',#3139,#3140,#1709,.T.);
#4015=EDGE_CURVE('',#3140,#3138,#1710,.T.);
#4016=EDGE_CURVE('',#3141,#3137,#1711,.T.);
#4017=EDGE_CURVE('',#3142,#3141,#1712,.T.);
#4018=EDGE_CURVE('',#3142,#3139,#1713,.T.);
#4019=EDGE_CURVE('',#3143,#3141,#1714,.T.);
#4020=EDGE_CURVE('',#3144,#3143,#1715,.T.);
#4021=EDGE_CURVE('',#3144,#3142,#1716,.T.);
#4022=EDGE_CURVE('',#3138,#3143,#1717,.T.);
#4023=EDGE_CURVE('',#3140,#3144,#1718,.T.);
#4024=EDGE_CURVE('',#3145,#3146,#1719,.T.);
#4025=EDGE_CURVE('',#3146,#3147,#1720,.T.);
#4026=EDGE_CURVE('',#3147,#3148,#1721,.T.);
#4027=EDGE_CURVE('',#3148,#3145,#1722,.T.);
#4028=EDGE_CURVE('',#3149,#3150,#1723,.T.);
#4029=EDGE_CURVE('',#3151,#3149,#1724,.T.);
#4030=EDGE_CURVE('',#3152,#3151,#1725,.T.);
#4031=EDGE_CURVE('',#3150,#3152,#1726,.T.);
#4032=EDGE_CURVE('',#3147,#3150,#1727,.T.);
#4033=EDGE_CURVE('',#3146,#3149,#1728,.T.);
#4034=EDGE_CURVE('',#3145,#3151,#1729,.T.);
#4035=EDGE_CURVE('',#3148,#3152,#1730,.T.);
#4036=EDGE_CURVE('',#3153,#3153,#2608,.T.);
#4037=EDGE_CURVE('',#3153,#3154,#1731,.T.);
#4038=EDGE_CURVE('',#3154,#3154,#2609,.T.);
#4039=EDGE_CURVE('',#3155,#3156,#1732,.T.);
#4040=EDGE_CURVE('',#3156,#3157,#1733,.T.);
#4041=EDGE_CURVE('',#3158,#3157,#1734,.T.);
#4042=EDGE_CURVE('',#3158,#3155,#1735,.T.);
#4043=EDGE_CURVE('',#3159,#3160,#1736,.T.);
#4044=EDGE_CURVE('',#3159,#3161,#1737,.T.);
#4045=EDGE_CURVE('',#3161,#3162,#1738,.T.);
#4046=EDGE_CURVE('',#3162,#3160,#1739,.T.);
#4047=EDGE_CURVE('',#3163,#3164,#1740,.T.);
#4048=EDGE_CURVE('',#3163,#3165,#1741,.T.);
#4049=EDGE_CURVE('',#3165,#3166,#1742,.T.);
#4050=EDGE_CURVE('',#3164,#3166,#1743,.T.);
#4051=EDGE_CURVE('',#3167,#3168,#1744,.T.);
#4052=EDGE_CURVE('',#3167,#3169,#1745,.T.);
#4053=EDGE_CURVE('',#3164,#3169,#1746,.T.);
#4054=EDGE_CURVE('',#3166,#3155,#1747,.T.);
#4055=EDGE_CURVE('',#3170,#3158,#1748,.T.);
#4056=EDGE_CURVE('',#3168,#3170,#1749,.T.);
#4057=EDGE_CURVE('',#3171,#3169,#1750,.T.);
#4058=EDGE_CURVE('',#3172,#3171,#2610,.T.);
#4059=EDGE_CURVE('',#3170,#3172,#1751,.T.);
#4060=EDGE_CURVE('',#3157,#3159,#2611,.T.);
#4061=EDGE_CURVE('',#3160,#3163,#2612,.T.);
#4062=EDGE_CURVE('',#3161,#3156,#2613,.T.);
#4063=EDGE_CURVE('',#3165,#3162,#2614,.T.);
#4064=EDGE_CURVE('',#3173,#3167,#1752,.T.);
#4065=EDGE_CURVE('',#3173,#3171,#1753,.T.);
#4066=EDGE_CURVE('',#3174,#3173,#2615,.T.);
#4067=EDGE_CURVE('',#3174,#3172,#1754,.T.);
#4068=EDGE_CURVE('',#3168,#3174,#1755,.T.);
#4069=ORIENTED_EDGE('',*,*,#3175,.T.);
#4070=ORIENTED_EDGE('',*,*,#3176,.T.);
#4071=ORIENTED_EDGE('',*,*,#3177,.F.);
#4072=ORIENTED_EDGE('',*,*,#3176,.F.);
#4073=ORIENTED_EDGE('',*,*,#3178,.F.);
#4074=ORIENTED_EDGE('',*,*,#3179,.F.);
#4075=ORIENTED_EDGE('',*,*,#3180,.F.);
#4076=ORIENTED_EDGE('',*,*,#3181,.F.);
#4077=ORIENTED_EDGE('',*,*,#3182,.F.);
#4078=ORIENTED_EDGE('',*,*,#3183,.T.);
#4079=ORIENTED_EDGE('',*,*,#3184,.T.);
#4080=ORIENTED_EDGE('',*,*,#3185,.T.);
#4081=ORIENTED_EDGE('',*,*,#3186,.T.);
#4082=ORIENTED_EDGE('',*,*,#3187,.F.);
#4083=ORIENTED_EDGE('',*,*,#3188,.F.);
#4084=ORIENTED_EDGE('',*,*,#3189,.F.);
#4085=ORIENTED_EDGE('',*,*,#3190,.T.);
#4086=ORIENTED_EDGE('',*,*,#3191,.T.);
#4087=ORIENTED_EDGE('',*,*,#3192,.T.);
#4088=ORIENTED_EDGE('',*,*,#3193,.T.);
#4089=ORIENTED_EDGE('',*,*,#3194,.T.);
#4090=ORIENTED_EDGE('',*,*,#3195,.F.);
#4091=ORIENTED_EDGE('',*,*,#3196,.T.);
#4092=ORIENTED_EDGE('',*,*,#3197,.T.);
#4093=ORIENTED_EDGE('',*,*,#3198,.T.);
#4094=ORIENTED_EDGE('',*,*,#3199,.T.);
#4095=ORIENTED_EDGE('',*,*,#3200,.F.);
#4096=ORIENTED_EDGE('',*,*,#3201,.F.);
#4097=ORIENTED_EDGE('',*,*,#3202,.F.);
#4098=ORIENTED_EDGE('',*,*,#3203,.F.);
#4099=ORIENTED_EDGE('',*,*,#3204,.F.);
#4100=ORIENTED_EDGE('',*,*,#3205,.T.);
#4101=ORIENTED_EDGE('',*,*,#3206,.T.);
#4102=ORIENTED_EDGE('',*,*,#3207,.T.);
#4103=ORIENTED_EDGE('',*,*,#3208,.F.);
#4104=ORIENTED_EDGE('',*,*,#3209,.F.);
#4105=ORIENTED_EDGE('',*,*,#3210,.T.);
#4106=ORIENTED_EDGE('',*,*,#3211,.T.);
#4107=ORIENTED_EDGE('',*,*,#3212,.F.);
#4108=ORIENTED_EDGE('',*,*,#3213,.T.);
#4109=ORIENTED_EDGE('',*,*,#3214,.T.);
#4110=ORIENTED_EDGE('',*,*,#3215,.F.);
#4111=ORIENTED_EDGE('',*,*,#3216,.T.);
#4112=ORIENTED_EDGE('',*,*,#3217,.T.);
#4113=ORIENTED_EDGE('',*,*,#3218,.T.);
#4114=ORIENTED_EDGE('',*,*,#3219,.T.);
#4115=ORIENTED_EDGE('',*,*,#3220,.T.);
#4116=ORIENTED_EDGE('',*,*,#3221,.T.);
#4117=ORIENTED_EDGE('',*,*,#3222,.F.);
#4118=ORIENTED_EDGE('',*,*,#3223,.F.);
#4119=ORIENTED_EDGE('',*,*,#3224,.F.);
#4120=ORIENTED_EDGE('',*,*,#3225,.T.);
#4121=ORIENTED_EDGE('',*,*,#3226,.T.);
#4122=ORIENTED_EDGE('',*,*,#3227,.T.);
#4123=ORIENTED_EDGE('',*,*,#3228,.T.);
#4124=ORIENTED_EDGE('',*,*,#3229,.T.);
#4125=ORIENTED_EDGE('',*,*,#3230,.F.);
#4126=ORIENTED_EDGE('',*,*,#3231,.F.);
#4127=ORIENTED_EDGE('',*,*,#3232,.F.);
#4128=ORIENTED_EDGE('',*,*,#3233,.T.);
#4129=ORIENTED_EDGE('',*,*,#3234,.F.);
#4130=ORIENTED_EDGE('',*,*,#3235,.T.);
#4131=ORIENTED_EDGE('',*,*,#3236,.T.);
#4132=ORIENTED_EDGE('',*,*,#3237,.T.);
#4133=ORIENTED_EDGE('',*,*,#3238,.T.);
#4134=ORIENTED_EDGE('',*,*,#3239,.T.);
#4135=ORIENTED_EDGE('',*,*,#3240,.T.);
#4136=ORIENTED_EDGE('',*,*,#3241,.F.);
#4137=ORIENTED_EDGE('',*,*,#3242,.T.);
#4138=ORIENTED_EDGE('',*,*,#3243,.T.);
#4139=ORIENTED_EDGE('',*,*,#3244,.F.);
#4140=ORIENTED_EDGE('',*,*,#3245,.T.);
#4141=ORIENTED_EDGE('',*,*,#3246,.F.);
#4142=ORIENTED_EDGE('',*,*,#3247,.F.);
#4143=ORIENTED_EDGE('',*,*,#3248,.F.);
#4144=ORIENTED_EDGE('',*,*,#3249,.T.);
#4145=ORIENTED_EDGE('',*,*,#3250,.F.);
#4146=ORIENTED_EDGE('',*,*,#3251,.F.);
#4147=ORIENTED_EDGE('',*,*,#3252,.F.);
#4148=ORIENTED_EDGE('',*,*,#3223,.T.);
#4149=ORIENTED_EDGE('',*,*,#3253,.T.);
#4150=ORIENTED_EDGE('',*,*,#3254,.T.);
#4151=ORIENTED_EDGE('',*,*,#3255,.T.);
#4152=ORIENTED_EDGE('',*,*,#3256,.T.);
#4153=ORIENTED_EDGE('',*,*,#3228,.F.);
#4154=ORIENTED_EDGE('',*,*,#3257,.T.);
#4155=ORIENTED_EDGE('',*,*,#3258,.T.);
#4156=ORIENTED_EDGE('',*,*,#3259,.T.);
#4157=ORIENTED_EDGE('',*,*,#3232,.T.);
#4158=ORIENTED_EDGE('',*,*,#3260,.F.);
#4159=ORIENTED_EDGE('',*,*,#3261,.F.);
#4160=ORIENTED_EDGE('',*,*,#3262,.T.);
#4161=ORIENTED_EDGE('',*,*,#3263,.T.);
#4162=ORIENTED_EDGE('',*,*,#3261,.T.);
#4163=ORIENTED_EDGE('',*,*,#3264,.F.);
#4164=ORIENTED_EDGE('',*,*,#3265,.F.);
#4165=ORIENTED_EDGE('',*,*,#3175,.F.);
#4166=ORIENTED_EDGE('',*,*,#3266,.T.);
#4167=ORIENTED_EDGE('',*,*,#3267,.T.);
#4168=ORIENTED_EDGE('',*,*,#3234,.T.);
#4169=ORIENTED_EDGE('',*,*,#3268,.T.);
#4170=ORIENTED_EDGE('',*,*,#3230,.T.);
#4171=ORIENTED_EDGE('',*,*,#3269,.F.);
#4172=ORIENTED_EDGE('',*,*,#3265,.T.);
#4173=ORIENTED_EDGE('',*,*,#3270,.T.);
#4174=ORIENTED_EDGE('',*,*,#3231,.T.);
#4175=ORIENTED_EDGE('',*,*,#3270,.F.);
#4176=ORIENTED_EDGE('',*,*,#3264,.T.);
#4177=ORIENTED_EDGE('',*,*,#3260,.T.);
#4178=ORIENTED_EDGE('',*,*,#3271,.T.);
#4179=ORIENTED_EDGE('',*,*,#3272,.T.);
#4180=ORIENTED_EDGE('',*,*,#3273,.T.);
#4181=ORIENTED_EDGE('',*,*,#3274,.T.);
#4182=ORIENTED_EDGE('',*,*,#3275,.T.);
#4183=ORIENTED_EDGE('',*,*,#3271,.F.);
#4184=ORIENTED_EDGE('',*,*,#3276,.T.);
#4185=ORIENTED_EDGE('',*,*,#3277,.T.);
#4186=ORIENTED_EDGE('',*,*,#3278,.T.);
#4187=ORIENTED_EDGE('',*,*,#3279,.F.);
#4188=ORIENTED_EDGE('',*,*,#3178,.T.);
#4189=ORIENTED_EDGE('',*,*,#3280,.T.);
#4190=ORIENTED_EDGE('',*,*,#3281,.T.);
#4191=ORIENTED_EDGE('',*,*,#3282,.T.);
#4192=ORIENTED_EDGE('',*,*,#3283,.T.);
#4193=ORIENTED_EDGE('',*,*,#3284,.T.);
#4194=ORIENTED_EDGE('',*,*,#3285,.T.);
#4195=ORIENTED_EDGE('',*,*,#3277,.F.);
#4196=ORIENTED_EDGE('',*,*,#3286,.T.);
#4197=ORIENTED_EDGE('',*,*,#3287,.T.);
#4198=ORIENTED_EDGE('',*,*,#3288,.T.);
#4199=ORIENTED_EDGE('',*,*,#3289,.T.);
#4200=ORIENTED_EDGE('',*,*,#3290,.T.);
#4201=ORIENTED_EDGE('',*,*,#3286,.F.);
#4202=ORIENTED_EDGE('',*,*,#3291,.T.);
#4203=ORIENTED_EDGE('',*,*,#3292,.T.);
#4204=ORIENTED_EDGE('',*,*,#3293,.T.);
#4205=ORIENTED_EDGE('',*,*,#3294,.F.);
#4206=ORIENTED_EDGE('',*,*,#3202,.T.);
#4207=ORIENTED_EDGE('',*,*,#3295,.T.);
#4208=ORIENTED_EDGE('',*,*,#3296,.T.);
#4209=ORIENTED_EDGE('',*,*,#3297,.T.);
#4210=ORIENTED_EDGE('',*,*,#3298,.T.);
#4211=ORIENTED_EDGE('',*,*,#3299,.T.);
#4212=ORIENTED_EDGE('',*,*,#3300,.T.);
#4213=ORIENTED_EDGE('',*,*,#3292,.F.);
#4214=ORIENTED_EDGE('',*,*,#3275,.F.);
#4215=ORIENTED_EDGE('',*,*,#3301,.T.);
#4216=ORIENTED_EDGE('',*,*,#3237,.F.);
#4217=ORIENTED_EDGE('',*,*,#3302,.T.);
#4218=ORIENTED_EDGE('',*,*,#3282,.F.);
#4219=ORIENTED_EDGE('',*,*,#3276,.F.);
#4220=ORIENTED_EDGE('',*,*,#3290,.F.);
#4221=ORIENTED_EDGE('',*,*,#3303,.T.);
#4222=ORIENTED_EDGE('',*,*,#3241,.T.);
#4223=ORIENTED_EDGE('',*,*,#3304,.T.);
#4224=ORIENTED_EDGE('',*,*,#3297,.F.);
#4225=ORIENTED_EDGE('',*,*,#3291,.F.);
#4226=ORIENTED_EDGE('',*,*,#3305,.F.);
#4227=ORIENTED_EDGE('',*,*,#3306,.T.);
#4228=ORIENTED_EDGE('',*,*,#3307,.T.);
#4229=ORIENTED_EDGE('',*,*,#3308,.F.);
#4230=ORIENTED_EDGE('',*,*,#3309,.F.);
#4231=ORIENTED_EDGE('',*,*,#3310,.T.);
#4232=ORIENTED_EDGE('',*,*,#3311,.T.);
#4233=ORIENTED_EDGE('',*,*,#3312,.T.);
#4234=ORIENTED_EDGE('',*,*,#3313,.T.);
#4235=ORIENTED_EDGE('',*,*,#3314,.F.);
#4236=ORIENTED_EDGE('',*,*,#3308,.T.);
#4237=ORIENTED_EDGE('',*,*,#3315,.T.);
#4238=ORIENTED_EDGE('',*,*,#3316,.T.);
#4239=ORIENTED_EDGE('',*,*,#3317,.T.);
#4240=ORIENTED_EDGE('',*,*,#3318,.T.);
#4241=ORIENTED_EDGE('',*,*,#3319,.T.);
#4242=ORIENTED_EDGE('',*,*,#3295,.F.);
#4243=ORIENTED_EDGE('',*,*,#3201,.T.);
#4244=ORIENTED_EDGE('',*,*,#3200,.T.);
#4245=ORIENTED_EDGE('',*,*,#3320,.F.);
#4246=ORIENTED_EDGE('',*,*,#3321,.T.);
#4247=ORIENTED_EDGE('',*,*,#3309,.T.);
#4248=ORIENTED_EDGE('',*,*,#3322,.F.);
#4249=ORIENTED_EDGE('',*,*,#3323,.F.);
#4250=ORIENTED_EDGE('',*,*,#3305,.T.);
#4251=ORIENTED_EDGE('',*,*,#3314,.T.);
#4252=ORIENTED_EDGE('',*,*,#3324,.T.);
#4253=ORIENTED_EDGE('',*,*,#3325,.T.);
#4254=ORIENTED_EDGE('',*,*,#3326,.T.);
#4255=ORIENTED_EDGE('',*,*,#3203,.T.);
#4256=ORIENTED_EDGE('',*,*,#3294,.T.);
#4257=ORIENTED_EDGE('',*,*,#3327,.T.);
#4258=ORIENTED_EDGE('',*,*,#3328,.T.);
#4259=ORIENTED_EDGE('',*,*,#3329,.T.);
#4260=ORIENTED_EDGE('',*,*,#3330,.T.);
#4261=ORIENTED_EDGE('',*,*,#3331,.T.);
#4262=ORIENTED_EDGE('',*,*,#3332,.F.);
#4263=ORIENTED_EDGE('',*,*,#3333,.F.);
#4264=ORIENTED_EDGE('',*,*,#3334,.T.);
#4265=ORIENTED_EDGE('',*,*,#3335,.T.);
#4266=ORIENTED_EDGE('',*,*,#3332,.T.);
#4267=ORIENTED_EDGE('',*,*,#3336,.T.);
#4268=ORIENTED_EDGE('',*,*,#3337,.F.);
#4269=ORIENTED_EDGE('',*,*,#3338,.F.);
#4270=ORIENTED_EDGE('',*,*,#3339,.F.);
#4271=ORIENTED_EDGE('',*,*,#3340,.T.);
#4272=ORIENTED_EDGE('',*,*,#3341,.T.);
#4273=ORIENTED_EDGE('',*,*,#3342,.T.);
#4274=ORIENTED_EDGE('',*,*,#3343,.T.);
#4275=ORIENTED_EDGE('',*,*,#3344,.F.);
#4276=ORIENTED_EDGE('',*,*,#3337,.T.);
#4277=ORIENTED_EDGE('',*,*,#3345,.T.);
#4278=ORIENTED_EDGE('',*,*,#3346,.T.);
#4279=ORIENTED_EDGE('',*,*,#3347,.T.);
#4280=ORIENTED_EDGE('',*,*,#3348,.T.);
#4281=ORIENTED_EDGE('',*,*,#3349,.T.);
#4282=ORIENTED_EDGE('',*,*,#3280,.F.);
#4283=ORIENTED_EDGE('',*,*,#3205,.F.);
#4284=ORIENTED_EDGE('',*,*,#3326,.F.);
#4285=ORIENTED_EDGE('',*,*,#3350,.T.);
#4286=ORIENTED_EDGE('',*,*,#3339,.T.);
#4287=ORIENTED_EDGE('',*,*,#3204,.T.);
#4288=ORIENTED_EDGE('',*,*,#3344,.T.);
#4289=ORIENTED_EDGE('',*,*,#3351,.F.);
#4290=ORIENTED_EDGE('',*,*,#3333,.T.);
#4291=ORIENTED_EDGE('',*,*,#3338,.T.);
#4292=ORIENTED_EDGE('',*,*,#3352,.T.);
#4293=ORIENTED_EDGE('',*,*,#3353,.T.);
#4294=ORIENTED_EDGE('',*,*,#3354,.T.);
#4295=ORIENTED_EDGE('',*,*,#3179,.T.);
#4296=ORIENTED_EDGE('',*,*,#3279,.T.);
#4297=ORIENTED_EDGE('',*,*,#3355,.T.);
#4298=ORIENTED_EDGE('',*,*,#3356,.T.);
#4299=ORIENTED_EDGE('',*,*,#3357,.T.);
#4300=ORIENTED_EDGE('',*,*,#3358,.T.);
#4301=ORIENTED_EDGE('',*,*,#3359,.T.);
#4302=ORIENTED_EDGE('',*,*,#3360,.F.);
#4303=ORIENTED_EDGE('',*,*,#3361,.F.);
#4304=ORIENTED_EDGE('',*,*,#3362,.T.);
#4305=ORIENTED_EDGE('',*,*,#3363,.T.);
#4306=ORIENTED_EDGE('',*,*,#3360,.T.);
#4307=ORIENTED_EDGE('',*,*,#3364,.T.);
#4308=ORIENTED_EDGE('',*,*,#3365,.F.);
#4309=ORIENTED_EDGE('',*,*,#3366,.F.);
#4310=ORIENTED_EDGE('',*,*,#3367,.F.);
#4311=ORIENTED_EDGE('',*,*,#3368,.T.);
#4312=ORIENTED_EDGE('',*,*,#3369,.F.);
#4313=ORIENTED_EDGE('',*,*,#3370,.T.);
#4314=ORIENTED_EDGE('',*,*,#3371,.F.);
#4315=ORIENTED_EDGE('',*,*,#3372,.F.);
#4316=ORIENTED_EDGE('',*,*,#3365,.T.);
#4317=ORIENTED_EDGE('',*,*,#3373,.T.);
#4318=ORIENTED_EDGE('',*,*,#3374,.F.);
#4319=ORIENTED_EDGE('',*,*,#3375,.T.);
#4320=ORIENTED_EDGE('',*,*,#3376,.F.);
#4321=ORIENTED_EDGE('',*,*,#3181,.T.);
#4322=ORIENTED_EDGE('',*,*,#3354,.F.);
#4323=ORIENTED_EDGE('',*,*,#3377,.T.);
#4324=ORIENTED_EDGE('',*,*,#3367,.T.);
#4325=ORIENTED_EDGE('',*,*,#3180,.T.);
#4326=ORIENTED_EDGE('',*,*,#3372,.T.);
#4327=ORIENTED_EDGE('',*,*,#3378,.T.);
#4328=ORIENTED_EDGE('',*,*,#3361,.T.);
#4329=ORIENTED_EDGE('',*,*,#3366,.T.);
#4330=ORIENTED_EDGE('',*,*,#3376,.T.);
#4331=ORIENTED_EDGE('',*,*,#3379,.T.);
#4332=ORIENTED_EDGE('',*,*,#3356,.F.);
#4333=ORIENTED_EDGE('',*,*,#3380,.T.);
#4334=ORIENTED_EDGE('',*,*,#3182,.T.);
#4335=ORIENTED_EDGE('',*,*,#3374,.T.);
#4336=ORIENTED_EDGE('',*,*,#3381,.T.);
#4337=ORIENTED_EDGE('',*,*,#3358,.F.);
#4338=ORIENTED_EDGE('',*,*,#3382,.T.);
#4339=ORIENTED_EDGE('',*,*,#3348,.F.);
#4340=ORIENTED_EDGE('',*,*,#3383,.T.);
#4341=ORIENTED_EDGE('',*,*,#3328,.F.);
#4342=ORIENTED_EDGE('',*,*,#3384,.T.);
#4343=ORIENTED_EDGE('',*,*,#3212,.T.);
#4344=ORIENTED_EDGE('',*,*,#3385,.T.);
#4345=ORIENTED_EDGE('',*,*,#3330,.F.);
#4346=ORIENTED_EDGE('',*,*,#3386,.T.);
#4347=ORIENTED_EDGE('',*,*,#3346,.F.);
#4348=ORIENTED_EDGE('',*,*,#3387,.T.);
#4349=ORIENTED_EDGE('',*,*,#3316,.F.);
#4350=ORIENTED_EDGE('',*,*,#3388,.T.);
#4351=ORIENTED_EDGE('',*,*,#3389,.T.);
#4352=ORIENTED_EDGE('',*,*,#3390,.T.);
#4353=ORIENTED_EDGE('',*,*,#3318,.F.);
#4354=ORIENTED_EDGE('',*,*,#3391,.T.);
#4355=ORIENTED_EDGE('',*,*,#3392,.T.);
#4356=ORIENTED_EDGE('',*,*,#3393,.F.);
#4357=ORIENTED_EDGE('',*,*,#3208,.T.);
#4358=ORIENTED_EDGE('',*,*,#3394,.T.);
#4359=ORIENTED_EDGE('',*,*,#3371,.T.);
#4360=ORIENTED_EDGE('',*,*,#3395,.T.);
#4361=ORIENTED_EDGE('',*,*,#3362,.F.);
#4362=ORIENTED_EDGE('',*,*,#3378,.F.);
#4363=ORIENTED_EDGE('',*,*,#3369,.T.);
#4364=ORIENTED_EDGE('',*,*,#3396,.T.);
#4365=ORIENTED_EDGE('',*,*,#3352,.F.);
#4366=ORIENTED_EDGE('',*,*,#3397,.T.);
#4367=ORIENTED_EDGE('',*,*,#3343,.F.);
#4368=ORIENTED_EDGE('',*,*,#3398,.T.);
#4369=ORIENTED_EDGE('',*,*,#3334,.F.);
#4370=ORIENTED_EDGE('',*,*,#3351,.T.);
#4371=ORIENTED_EDGE('',*,*,#3341,.F.);
#4372=ORIENTED_EDGE('',*,*,#3399,.T.);
#4373=ORIENTED_EDGE('',*,*,#3324,.F.);
#4374=ORIENTED_EDGE('',*,*,#3400,.T.);
#4375=ORIENTED_EDGE('',*,*,#3311,.F.);
#4376=ORIENTED_EDGE('',*,*,#3401,.T.);
#4377=ORIENTED_EDGE('',*,*,#3402,.T.);
#4378=ORIENTED_EDGE('',*,*,#3403,.T.);
#4379=ORIENTED_EDGE('',*,*,#3313,.F.);
#4380=ORIENTED_EDGE('',*,*,#3404,.T.);
#4381=ORIENTED_EDGE('',*,*,#3405,.T.);
#4382=ORIENTED_EDGE('',*,*,#3322,.T.);
#4383=ORIENTED_EDGE('',*,*,#3353,.F.);
#4384=ORIENTED_EDGE('',*,*,#3396,.F.);
#4385=ORIENTED_EDGE('',*,*,#3368,.F.);
#4386=ORIENTED_EDGE('',*,*,#3377,.F.);
#4387=ORIENTED_EDGE('',*,*,#3325,.F.);
#4388=ORIENTED_EDGE('',*,*,#3399,.F.);
#4389=ORIENTED_EDGE('',*,*,#3340,.F.);
#4390=ORIENTED_EDGE('',*,*,#3350,.F.);
#4391=ORIENTED_EDGE('',*,*,#3321,.F.);
#4392=ORIENTED_EDGE('',*,*,#3406,.T.);
#4393=ORIENTED_EDGE('',*,*,#3401,.F.);
#4394=ORIENTED_EDGE('',*,*,#3310,.F.);
#4395=ORIENTED_EDGE('',*,*,#3403,.F.);
#4396=ORIENTED_EDGE('',*,*,#3407,.T.);
#4397=ORIENTED_EDGE('',*,*,#3404,.F.);
#4398=ORIENTED_EDGE('',*,*,#3312,.F.);
#4399=ORIENTED_EDGE('',*,*,#3335,.F.);
#4400=ORIENTED_EDGE('',*,*,#3398,.F.);
#4401=ORIENTED_EDGE('',*,*,#3342,.F.);
#4402=ORIENTED_EDGE('',*,*,#3400,.F.);
#4403=ORIENTED_EDGE('',*,*,#3363,.F.);
#4404=ORIENTED_EDGE('',*,*,#3395,.F.);
#4405=ORIENTED_EDGE('',*,*,#3370,.F.);
#4406=ORIENTED_EDGE('',*,*,#3397,.F.);
#4407=ORIENTED_EDGE('',*,*,#3359,.F.);
#4408=ORIENTED_EDGE('',*,*,#3381,.F.);
#4409=ORIENTED_EDGE('',*,*,#3373,.F.);
#4410=ORIENTED_EDGE('',*,*,#3364,.F.);
#4411=ORIENTED_EDGE('',*,*,#3357,.F.);
#4412=ORIENTED_EDGE('',*,*,#3379,.F.);
#4413=ORIENTED_EDGE('',*,*,#3375,.F.);
#4414=ORIENTED_EDGE('',*,*,#3382,.F.);
#4415=ORIENTED_EDGE('',*,*,#3329,.F.);
#4416=ORIENTED_EDGE('',*,*,#3383,.F.);
#4417=ORIENTED_EDGE('',*,*,#3347,.F.);
#4418=ORIENTED_EDGE('',*,*,#3386,.F.);
#4419=ORIENTED_EDGE('',*,*,#3331,.F.);
#4420=ORIENTED_EDGE('',*,*,#3387,.F.);
#4421=ORIENTED_EDGE('',*,*,#3345,.F.);
#4422=ORIENTED_EDGE('',*,*,#3336,.F.);
#4423=ORIENTED_EDGE('',*,*,#3307,.F.);
#4424=ORIENTED_EDGE('',*,*,#3408,.T.);
#4425=ORIENTED_EDGE('',*,*,#3388,.F.);
#4426=ORIENTED_EDGE('',*,*,#3315,.F.);
#4427=ORIENTED_EDGE('',*,*,#3390,.F.);
#4428=ORIENTED_EDGE('',*,*,#3409,.T.);
#4429=ORIENTED_EDGE('',*,*,#3391,.F.);
#4430=ORIENTED_EDGE('',*,*,#3317,.F.);
#4431=ORIENTED_EDGE('',*,*,#3258,.F.);
#4432=ORIENTED_EDGE('',*,*,#3410,.T.);
#4433=ORIENTED_EDGE('',*,*,#3186,.F.);
#4434=ORIENTED_EDGE('',*,*,#3411,.T.);
#4435=ORIENTED_EDGE('',*,*,#3412,.F.);
#4436=ORIENTED_EDGE('',*,*,#3413,.T.);
#4437=ORIENTED_EDGE('',*,*,#3266,.F.);
#4438=ORIENTED_EDGE('',*,*,#3414,.T.);
#4439=ORIENTED_EDGE('',*,*,#3185,.F.);
#4440=ORIENTED_EDGE('',*,*,#3278,.F.);
#4441=ORIENTED_EDGE('',*,*,#3285,.F.);
#4442=ORIENTED_EDGE('',*,*,#3415,.F.);
#4443=ORIENTED_EDGE('',*,*,#3183,.F.);
#4444=ORIENTED_EDGE('',*,*,#3380,.F.);
#4445=ORIENTED_EDGE('',*,*,#3355,.F.);
#4446=ORIENTED_EDGE('',*,*,#3255,.F.);
#4447=ORIENTED_EDGE('',*,*,#3416,.T.);
#4448=ORIENTED_EDGE('',*,*,#3412,.T.);
#4449=ORIENTED_EDGE('',*,*,#3184,.F.);
#4450=ORIENTED_EDGE('',*,*,#3417,.F.);
#4451=ORIENTED_EDGE('',*,*,#3417,.T.);
#4452=ORIENTED_EDGE('',*,*,#3415,.T.);
#4453=ORIENTED_EDGE('',*,*,#3418,.F.);
#4454=ORIENTED_EDGE('',*,*,#3418,.T.);
#4455=ORIENTED_EDGE('',*,*,#3284,.F.);
#4456=ORIENTED_EDGE('',*,*,#3419,.F.);
#4457=ORIENTED_EDGE('',*,*,#3256,.F.);
#4458=ORIENTED_EDGE('',*,*,#3235,.F.);
#4459=ORIENTED_EDGE('',*,*,#3420,.T.);
#4460=ORIENTED_EDGE('',*,*,#3253,.F.);
#4461=ORIENTED_EDGE('',*,*,#3421,.F.);
#4462=ORIENTED_EDGE('',*,*,#3421,.T.);
#4463=ORIENTED_EDGE('',*,*,#3419,.T.);
#4464=ORIENTED_EDGE('',*,*,#3422,.F.);
#4465=ORIENTED_EDGE('',*,*,#3302,.F.);
#4466=ORIENTED_EDGE('',*,*,#3236,.F.);
#4467=ORIENTED_EDGE('',*,*,#3422,.T.);
#4468=ORIENTED_EDGE('',*,*,#3283,.F.);
#4469=ORIENTED_EDGE('',*,*,#3423,.F.);
#4470=ORIENTED_EDGE('',*,*,#3298,.F.);
#4471=ORIENTED_EDGE('',*,*,#3304,.F.);
#4472=ORIENTED_EDGE('',*,*,#3240,.F.);
#4473=ORIENTED_EDGE('',*,*,#3424,.F.);
#4474=ORIENTED_EDGE('',*,*,#3423,.T.);
#4475=ORIENTED_EDGE('',*,*,#3425,.F.);
#4476=ORIENTED_EDGE('',*,*,#3301,.F.);
#4477=ORIENTED_EDGE('',*,*,#3274,.F.);
#4478=ORIENTED_EDGE('',*,*,#3426,.F.);
#4479=ORIENTED_EDGE('',*,*,#3238,.F.);
#4480=ORIENTED_EDGE('',*,*,#3425,.T.);
#4481=ORIENTED_EDGE('',*,*,#3239,.F.);
#4482=ORIENTED_EDGE('',*,*,#3427,.F.);
#4483=ORIENTED_EDGE('',*,*,#3219,.F.);
#4484=ORIENTED_EDGE('',*,*,#3424,.T.);
#4485=ORIENTED_EDGE('',*,*,#3218,.F.);
#4486=ORIENTED_EDGE('',*,*,#3428,.F.);
#4487=ORIENTED_EDGE('',*,*,#3299,.F.);
#4488=ORIENTED_EDGE('',*,*,#3293,.F.);
#4489=ORIENTED_EDGE('',*,*,#3300,.F.);
#4490=ORIENTED_EDGE('',*,*,#3429,.F.);
#4491=ORIENTED_EDGE('',*,*,#3213,.F.);
#4492=ORIENTED_EDGE('',*,*,#3384,.F.);
#4493=ORIENTED_EDGE('',*,*,#3327,.F.);
#4494=ORIENTED_EDGE('',*,*,#3427,.T.);
#4495=ORIENTED_EDGE('',*,*,#3426,.T.);
#4496=ORIENTED_EDGE('',*,*,#3430,.F.);
#4497=ORIENTED_EDGE('',*,*,#3429,.T.);
#4498=ORIENTED_EDGE('',*,*,#3428,.T.);
#4499=ORIENTED_EDGE('',*,*,#3431,.F.);
#4500=ORIENTED_EDGE('',*,*,#3430,.T.);
#4501=ORIENTED_EDGE('',*,*,#3273,.F.);
#4502=ORIENTED_EDGE('',*,*,#3432,.F.);
#4503=ORIENTED_EDGE('',*,*,#3220,.F.);
#4504=ORIENTED_EDGE('',*,*,#3431,.T.);
#4505=ORIENTED_EDGE('',*,*,#3221,.F.);
#4506=ORIENTED_EDGE('',*,*,#3433,.F.);
#4507=ORIENTED_EDGE('',*,*,#3210,.F.);
#4508=ORIENTED_EDGE('',*,*,#3433,.T.);
#4509=ORIENTED_EDGE('',*,*,#3432,.T.);
#4510=ORIENTED_EDGE('',*,*,#3434,.F.);
#4511=ORIENTED_EDGE('',*,*,#3385,.F.);
#4512=ORIENTED_EDGE('',*,*,#3211,.F.);
#4513=ORIENTED_EDGE('',*,*,#3434,.T.);
#4514=ORIENTED_EDGE('',*,*,#3272,.F.);
#4515=ORIENTED_EDGE('',*,*,#3281,.F.);
#4516=ORIENTED_EDGE('',*,*,#3349,.F.);
#4517=ORIENTED_EDGE('',*,*,#3303,.F.);
#4518=ORIENTED_EDGE('',*,*,#3289,.F.);
#4519=ORIENTED_EDGE('',*,*,#3435,.F.);
#4520=ORIENTED_EDGE('',*,*,#3242,.F.);
#4521=ORIENTED_EDGE('',*,*,#3216,.F.);
#4522=ORIENTED_EDGE('',*,*,#3436,.T.);
#4523=ORIENTED_EDGE('',*,*,#3243,.F.);
#4524=ORIENTED_EDGE('',*,*,#3437,.F.);
#4525=ORIENTED_EDGE('',*,*,#3437,.T.);
#4526=ORIENTED_EDGE('',*,*,#3435,.T.);
#4527=ORIENTED_EDGE('',*,*,#3438,.F.);
#4528=ORIENTED_EDGE('',*,*,#3438,.T.);
#4529=ORIENTED_EDGE('',*,*,#3288,.F.);
#4530=ORIENTED_EDGE('',*,*,#3439,.F.);
#4531=ORIENTED_EDGE('',*,*,#3217,.F.);
#4532=ORIENTED_EDGE('',*,*,#3206,.F.);
#4533=ORIENTED_EDGE('',*,*,#3440,.T.);
#4534=ORIENTED_EDGE('',*,*,#3214,.F.);
#4535=ORIENTED_EDGE('',*,*,#3441,.F.);
#4536=ORIENTED_EDGE('',*,*,#3441,.T.);
#4537=ORIENTED_EDGE('',*,*,#3439,.T.);
#4538=ORIENTED_EDGE('',*,*,#3442,.F.);
#4539=ORIENTED_EDGE('',*,*,#3394,.F.);
#4540=ORIENTED_EDGE('',*,*,#3207,.F.);
#4541=ORIENTED_EDGE('',*,*,#3442,.T.);
#4542=ORIENTED_EDGE('',*,*,#3287,.F.);
#4543=ORIENTED_EDGE('',*,*,#3296,.F.);
#4544=ORIENTED_EDGE('',*,*,#3319,.F.);
#4545=ORIENTED_EDGE('',*,*,#3443,.F.);
#4546=ORIENTED_EDGE('',*,*,#3444,.F.);
#4547=ORIENTED_EDGE('',*,*,#3445,.T.);
#4548=ORIENTED_EDGE('',*,*,#3446,.F.);
#4549=ORIENTED_EDGE('',*,*,#3447,.F.);
#4550=ORIENTED_EDGE('',*,*,#3448,.F.);
#4551=ORIENTED_EDGE('',*,*,#3449,.F.);
#4552=ORIENTED_EDGE('',*,*,#3450,.F.);
#4553=ORIENTED_EDGE('',*,*,#3451,.F.);
#4554=ORIENTED_EDGE('',*,*,#3452,.T.);
#4555=ORIENTED_EDGE('',*,*,#3453,.F.);
#4556=ORIENTED_EDGE('',*,*,#3454,.F.);
#4557=ORIENTED_EDGE('',*,*,#3226,.F.);
#4558=ORIENTED_EDGE('',*,*,#3455,.T.);
#4559=ORIENTED_EDGE('',*,*,#3456,.F.);
#4560=ORIENTED_EDGE('',*,*,#3457,.T.);
#4561=ORIENTED_EDGE('',*,*,#3229,.F.);
#4562=ORIENTED_EDGE('',*,*,#3262,.F.);
#4563=ORIENTED_EDGE('',*,*,#3263,.F.);
#4564=ORIENTED_EDGE('',*,*,#3269,.T.);
#4565=ORIENTED_EDGE('',*,*,#3458,.F.);
#4566=ORIENTED_EDGE('',*,*,#3459,.F.);
#4567=ORIENTED_EDGE('',*,*,#3460,.F.);
#4568=ORIENTED_EDGE('',*,*,#3461,.F.);
#4569=ORIENTED_EDGE('',*,*,#3462,.F.);
#4570=ORIENTED_EDGE('',*,*,#3458,.T.);
#4571=ORIENTED_EDGE('',*,*,#3463,.F.);
#4572=ORIENTED_EDGE('',*,*,#3464,.F.);
#4573=ORIENTED_EDGE('',*,*,#3194,.F.);
#4574=ORIENTED_EDGE('',*,*,#3465,.T.);
#4575=ORIENTED_EDGE('',*,*,#3466,.F.);
#4576=ORIENTED_EDGE('',*,*,#3467,.F.);
#4577=ORIENTED_EDGE('',*,*,#3468,.F.);
#4578=ORIENTED_EDGE('',*,*,#3469,.F.);
#4579=ORIENTED_EDGE('',*,*,#3467,.T.);
#4580=ORIENTED_EDGE('',*,*,#3470,.F.);
#4581=ORIENTED_EDGE('',*,*,#3471,.F.);
#4582=ORIENTED_EDGE('',*,*,#3472,.F.);
#4583=ORIENTED_EDGE('',*,*,#3473,.F.);
#4584=ORIENTED_EDGE('',*,*,#3474,.F.);
#4585=ORIENTED_EDGE('',*,*,#3475,.F.);
#4586=ORIENTED_EDGE('',*,*,#3476,.F.);
#4587=ORIENTED_EDGE('',*,*,#3477,.F.);
#4588=ORIENTED_EDGE('',*,*,#3473,.T.);
#4589=ORIENTED_EDGE('',*,*,#3478,.F.);
#4590=ORIENTED_EDGE('',*,*,#3479,.F.);
#4591=ORIENTED_EDGE('',*,*,#3198,.F.);
#4592=ORIENTED_EDGE('',*,*,#3480,.T.);
#4593=ORIENTED_EDGE('',*,*,#3481,.F.);
#4594=ORIENTED_EDGE('',*,*,#3482,.F.);
#4595=ORIENTED_EDGE('',*,*,#3483,.F.);
#4596=ORIENTED_EDGE('',*,*,#3484,.F.);
#4597=ORIENTED_EDGE('',*,*,#3482,.T.);
#4598=ORIENTED_EDGE('',*,*,#3485,.F.);
#4599=ORIENTED_EDGE('',*,*,#3486,.F.);
#4600=ORIENTED_EDGE('',*,*,#3487,.F.);
#4601=ORIENTED_EDGE('',*,*,#3459,.T.);
#4602=ORIENTED_EDGE('',*,*,#3468,.T.);
#4603=ORIENTED_EDGE('',*,*,#3469,.T.);
#4604=ORIENTED_EDGE('',*,*,#3488,.F.);
#4605=ORIENTED_EDGE('',*,*,#3249,.F.);
#4606=ORIENTED_EDGE('',*,*,#3489,.F.);
#4607=ORIENTED_EDGE('',*,*,#3474,.T.);
#4608=ORIENTED_EDGE('',*,*,#3483,.T.);
#4609=ORIENTED_EDGE('',*,*,#3484,.T.);
#4610=ORIENTED_EDGE('',*,*,#3490,.F.);
#4611=ORIENTED_EDGE('',*,*,#3245,.F.);
#4612=ORIENTED_EDGE('',*,*,#3491,.F.);
#4613=ORIENTED_EDGE('',*,*,#3320,.T.);
#4614=ORIENTED_EDGE('',*,*,#3199,.F.);
#4615=ORIENTED_EDGE('',*,*,#3479,.T.);
#4616=ORIENTED_EDGE('',*,*,#3492,.F.);
#4617=ORIENTED_EDGE('',*,*,#3392,.F.);
#4618=ORIENTED_EDGE('',*,*,#3409,.F.);
#4619=ORIENTED_EDGE('',*,*,#3389,.F.);
#4620=ORIENTED_EDGE('',*,*,#3408,.F.);
#4621=ORIENTED_EDGE('',*,*,#3306,.F.);
#4622=ORIENTED_EDGE('',*,*,#3323,.T.);
#4623=ORIENTED_EDGE('',*,*,#3405,.F.);
#4624=ORIENTED_EDGE('',*,*,#3407,.F.);
#4625=ORIENTED_EDGE('',*,*,#3402,.F.);
#4626=ORIENTED_EDGE('',*,*,#3406,.F.);
#4627=ORIENTED_EDGE('',*,*,#3493,.F.);
#4628=ORIENTED_EDGE('',*,*,#3494,.F.);
#4629=ORIENTED_EDGE('',*,*,#3495,.F.);
#4630=ORIENTED_EDGE('',*,*,#3496,.T.);
#4631=ORIENTED_EDGE('',*,*,#3497,.T.);
#4632=ORIENTED_EDGE('',*,*,#3498,.F.);
#4633=ORIENTED_EDGE('',*,*,#3499,.F.);
#4634=ORIENTED_EDGE('',*,*,#3500,.F.);
#4635=ORIENTED_EDGE('',*,*,#3501,.F.);
#4636=ORIENTED_EDGE('',*,*,#3502,.F.);
#4637=ORIENTED_EDGE('',*,*,#3480,.F.);
#4638=ORIENTED_EDGE('',*,*,#3197,.F.);
#4639=ORIENTED_EDGE('',*,*,#3503,.F.);
#4640=ORIENTED_EDGE('',*,*,#3504,.F.);
#4641=ORIENTED_EDGE('',*,*,#3497,.F.);
#4642=ORIENTED_EDGE('',*,*,#3505,.T.);
#4643=ORIENTED_EDGE('',*,*,#3506,.T.);
#4644=ORIENTED_EDGE('',*,*,#3507,.F.);
#4645=ORIENTED_EDGE('',*,*,#3508,.T.);
#4646=ORIENTED_EDGE('',*,*,#3195,.T.);
#4647=ORIENTED_EDGE('',*,*,#3464,.T.);
#4648=ORIENTED_EDGE('',*,*,#3509,.F.);
#4649=ORIENTED_EDGE('',*,*,#3510,.F.);
#4650=ORIENTED_EDGE('',*,*,#3511,.F.);
#4651=ORIENTED_EDGE('',*,*,#3512,.F.);
#4652=ORIENTED_EDGE('',*,*,#3513,.F.);
#4653=ORIENTED_EDGE('',*,*,#3506,.F.);
#4654=ORIENTED_EDGE('',*,*,#3514,.T.);
#4655=ORIENTED_EDGE('',*,*,#3515,.F.);
#4656=ORIENTED_EDGE('',*,*,#3516,.F.);
#4657=ORIENTED_EDGE('',*,*,#3517,.F.);
#4658=ORIENTED_EDGE('',*,*,#3518,.F.);
#4659=ORIENTED_EDGE('',*,*,#3503,.T.);
#4660=ORIENTED_EDGE('',*,*,#3196,.F.);
#4661=ORIENTED_EDGE('',*,*,#3508,.F.);
#4662=ORIENTED_EDGE('',*,*,#3519,.F.);
#4663=ORIENTED_EDGE('',*,*,#3514,.F.);
#4664=ORIENTED_EDGE('',*,*,#3505,.F.);
#4665=ORIENTED_EDGE('',*,*,#3496,.F.);
#4666=ORIENTED_EDGE('',*,*,#3520,.T.);
#4667=ORIENTED_EDGE('',*,*,#3521,.F.);
#4668=ORIENTED_EDGE('',*,*,#3522,.F.);
#4669=ORIENTED_EDGE('',*,*,#3523,.F.);
#4670=ORIENTED_EDGE('',*,*,#3524,.T.);
#4671=ORIENTED_EDGE('',*,*,#3525,.T.);
#4672=ORIENTED_EDGE('',*,*,#3526,.F.);
#4673=ORIENTED_EDGE('',*,*,#3527,.F.);
#4674=ORIENTED_EDGE('',*,*,#3528,.F.);
#4675=ORIENTED_EDGE('',*,*,#3529,.F.);
#4676=ORIENTED_EDGE('',*,*,#3530,.F.);
#4677=ORIENTED_EDGE('',*,*,#3465,.F.);
#4678=ORIENTED_EDGE('',*,*,#3193,.F.);
#4679=ORIENTED_EDGE('',*,*,#3531,.F.);
#4680=ORIENTED_EDGE('',*,*,#3532,.F.);
#4681=ORIENTED_EDGE('',*,*,#3525,.F.);
#4682=ORIENTED_EDGE('',*,*,#3533,.T.);
#4683=ORIENTED_EDGE('',*,*,#3534,.T.);
#4684=ORIENTED_EDGE('',*,*,#3535,.F.);
#4685=ORIENTED_EDGE('',*,*,#3536,.T.);
#4686=ORIENTED_EDGE('',*,*,#3191,.F.);
#4687=ORIENTED_EDGE('',*,*,#3537,.T.);
#4688=ORIENTED_EDGE('',*,*,#3538,.F.);
#4689=ORIENTED_EDGE('',*,*,#3539,.T.);
#4690=ORIENTED_EDGE('',*,*,#3540,.F.);
#4691=ORIENTED_EDGE('',*,*,#3534,.F.);
#4692=ORIENTED_EDGE('',*,*,#3541,.T.);
#4693=ORIENTED_EDGE('',*,*,#3542,.T.);
#4694=ORIENTED_EDGE('',*,*,#3543,.F.);
#4695=ORIENTED_EDGE('',*,*,#3544,.T.);
#4696=ORIENTED_EDGE('',*,*,#3545,.F.);
#4697=ORIENTED_EDGE('',*,*,#3531,.T.);
#4698=ORIENTED_EDGE('',*,*,#3192,.F.);
#4699=ORIENTED_EDGE('',*,*,#3536,.F.);
#4700=ORIENTED_EDGE('',*,*,#3546,.F.);
#4701=ORIENTED_EDGE('',*,*,#3541,.F.);
#4702=ORIENTED_EDGE('',*,*,#3533,.F.);
#4703=ORIENTED_EDGE('',*,*,#3524,.F.);
#4704=ORIENTED_EDGE('',*,*,#3547,.F.);
#4705=ORIENTED_EDGE('',*,*,#3537,.F.);
#4706=ORIENTED_EDGE('',*,*,#3190,.F.);
#4707=ORIENTED_EDGE('',*,*,#3548,.F.);
#4708=ORIENTED_EDGE('',*,*,#3529,.T.);
#4709=ORIENTED_EDGE('',*,*,#3549,.F.);
#4710=ORIENTED_EDGE('',*,*,#3539,.F.);
#4711=ORIENTED_EDGE('',*,*,#3550,.F.);
#4712=ORIENTED_EDGE('',*,*,#3527,.T.);
#4713=ORIENTED_EDGE('',*,*,#3551,.F.);
#4714=ORIENTED_EDGE('',*,*,#3510,.T.);
#4715=ORIENTED_EDGE('',*,*,#3552,.F.);
#4716=ORIENTED_EDGE('',*,*,#3445,.F.);
#4717=ORIENTED_EDGE('',*,*,#3553,.F.);
#4718=ORIENTED_EDGE('',*,*,#3501,.T.);
#4719=ORIENTED_EDGE('',*,*,#3554,.F.);
#4720=ORIENTED_EDGE('',*,*,#3499,.T.);
#4721=ORIENTED_EDGE('',*,*,#3555,.F.);
#4722=ORIENTED_EDGE('',*,*,#3512,.T.);
#4723=ORIENTED_EDGE('',*,*,#3556,.F.);
#4724=ORIENTED_EDGE('',*,*,#3542,.F.);
#4725=ORIENTED_EDGE('',*,*,#3547,.T.);
#4726=ORIENTED_EDGE('',*,*,#3523,.T.);
#4727=ORIENTED_EDGE('',*,*,#3557,.F.);
#4728=ORIENTED_EDGE('',*,*,#3544,.F.);
#4729=ORIENTED_EDGE('',*,*,#3558,.F.);
#4730=ORIENTED_EDGE('',*,*,#3521,.T.);
#4731=ORIENTED_EDGE('',*,*,#3559,.F.);
#4732=ORIENTED_EDGE('',*,*,#3515,.T.);
#4733=ORIENTED_EDGE('',*,*,#3520,.F.);
#4734=ORIENTED_EDGE('',*,*,#3495,.T.);
#4735=ORIENTED_EDGE('',*,*,#3560,.F.);
#4736=ORIENTED_EDGE('',*,*,#3517,.T.);
#4737=ORIENTED_EDGE('',*,*,#3561,.F.);
#4738=ORIENTED_EDGE('',*,*,#3493,.T.);
#4739=ORIENTED_EDGE('',*,*,#3562,.F.);
#4740=ORIENTED_EDGE('',*,*,#3532,.T.);
#4741=ORIENTED_EDGE('',*,*,#3546,.T.);
#4742=ORIENTED_EDGE('',*,*,#3545,.T.);
#4743=ORIENTED_EDGE('',*,*,#3559,.T.);
#4744=ORIENTED_EDGE('',*,*,#3504,.T.);
#4745=ORIENTED_EDGE('',*,*,#3519,.T.);
#4746=ORIENTED_EDGE('',*,*,#3518,.T.);
#4747=ORIENTED_EDGE('',*,*,#3562,.T.);
#4748=ORIENTED_EDGE('',*,*,#3494,.T.);
#4749=ORIENTED_EDGE('',*,*,#3561,.T.);
#4750=ORIENTED_EDGE('',*,*,#3516,.T.);
#4751=ORIENTED_EDGE('',*,*,#3560,.T.);
#4752=ORIENTED_EDGE('',*,*,#3522,.T.);
#4753=ORIENTED_EDGE('',*,*,#3558,.T.);
#4754=ORIENTED_EDGE('',*,*,#3543,.T.);
#4755=ORIENTED_EDGE('',*,*,#3557,.T.);
#4756=ORIENTED_EDGE('',*,*,#3526,.T.);
#4757=ORIENTED_EDGE('',*,*,#3535,.T.);
#4758=ORIENTED_EDGE('',*,*,#3540,.T.);
#4759=ORIENTED_EDGE('',*,*,#3551,.T.);
#4760=ORIENTED_EDGE('',*,*,#3528,.T.);
#4761=ORIENTED_EDGE('',*,*,#3550,.T.);
#4762=ORIENTED_EDGE('',*,*,#3538,.T.);
#4763=ORIENTED_EDGE('',*,*,#3549,.T.);
#4764=ORIENTED_EDGE('',*,*,#3500,.T.);
#4765=ORIENTED_EDGE('',*,*,#3556,.T.);
#4766=ORIENTED_EDGE('',*,*,#3511,.T.);
#4767=ORIENTED_EDGE('',*,*,#3554,.T.);
#4768=ORIENTED_EDGE('',*,*,#3498,.T.);
#4769=ORIENTED_EDGE('',*,*,#3507,.T.);
#4770=ORIENTED_EDGE('',*,*,#3513,.T.);
#4771=ORIENTED_EDGE('',*,*,#3555,.T.);
#4772=ORIENTED_EDGE('',*,*,#3456,.T.);
#4773=ORIENTED_EDGE('',*,*,#3563,.T.);
#4774=ORIENTED_EDGE('',*,*,#3564,.T.);
#4775=ORIENTED_EDGE('',*,*,#3187,.T.);
#4776=ORIENTED_EDGE('',*,*,#3565,.T.);
#4777=ORIENTED_EDGE('',*,*,#3466,.T.);
#4778=ORIENTED_EDGE('',*,*,#3530,.T.);
#4779=ORIENTED_EDGE('',*,*,#3548,.T.);
#4780=ORIENTED_EDGE('',*,*,#3189,.T.);
#4781=ORIENTED_EDGE('',*,*,#3566,.T.);
#4782=ORIENTED_EDGE('',*,*,#3470,.T.);
#4783=ORIENTED_EDGE('',*,*,#3564,.F.);
#4784=ORIENTED_EDGE('',*,*,#3567,.T.);
#4785=ORIENTED_EDGE('',*,*,#3451,.T.);
#4786=ORIENTED_EDGE('',*,*,#3568,.T.);
#4787=ORIENTED_EDGE('',*,*,#3188,.T.);
#4788=ORIENTED_EDGE('',*,*,#3568,.F.);
#4789=ORIENTED_EDGE('',*,*,#3569,.T.);
#4790=ORIENTED_EDGE('',*,*,#3566,.F.);
#4791=ORIENTED_EDGE('',*,*,#3569,.F.);
#4792=ORIENTED_EDGE('',*,*,#3454,.T.);
#4793=ORIENTED_EDGE('',*,*,#3570,.T.);
#4794=ORIENTED_EDGE('',*,*,#3471,.T.);
#4795=ORIENTED_EDGE('',*,*,#3453,.T.);
#4796=ORIENTED_EDGE('',*,*,#3571,.T.);
#4797=ORIENTED_EDGE('',*,*,#3251,.T.);
#4798=ORIENTED_EDGE('',*,*,#3572,.T.);
#4799=ORIENTED_EDGE('',*,*,#3572,.F.);
#4800=ORIENTED_EDGE('',*,*,#3573,.T.);
#4801=ORIENTED_EDGE('',*,*,#3570,.F.);
#4802=ORIENTED_EDGE('',*,*,#3488,.T.);
#4803=ORIENTED_EDGE('',*,*,#3472,.T.);
#4804=ORIENTED_EDGE('',*,*,#3573,.F.);
#4805=ORIENTED_EDGE('',*,*,#3250,.T.);
#4806=ORIENTED_EDGE('',*,*,#3574,.T.);
#4807=ORIENTED_EDGE('',*,*,#3246,.T.);
#4808=ORIENTED_EDGE('',*,*,#3490,.T.);
#4809=ORIENTED_EDGE('',*,*,#3487,.T.);
#4810=ORIENTED_EDGE('',*,*,#3575,.T.);
#4811=ORIENTED_EDGE('',*,*,#3576,.T.);
#4812=ORIENTED_EDGE('',*,*,#3574,.F.);
#4813=ORIENTED_EDGE('',*,*,#3489,.T.);
#4814=ORIENTED_EDGE('',*,*,#3248,.T.);
#4815=ORIENTED_EDGE('',*,*,#3577,.T.);
#4816=ORIENTED_EDGE('',*,*,#3460,.T.);
#4817=ORIENTED_EDGE('',*,*,#3576,.F.);
#4818=ORIENTED_EDGE('',*,*,#3450,.T.);
#4819=ORIENTED_EDGE('',*,*,#3578,.T.);
#4820=ORIENTED_EDGE('',*,*,#3247,.T.);
#4821=ORIENTED_EDGE('',*,*,#3575,.F.);
#4822=ORIENTED_EDGE('',*,*,#3486,.T.);
#4823=ORIENTED_EDGE('',*,*,#3579,.T.);
#4824=ORIENTED_EDGE('',*,*,#3447,.T.);
#4825=ORIENTED_EDGE('',*,*,#3481,.T.);
#4826=ORIENTED_EDGE('',*,*,#3502,.T.);
#4827=ORIENTED_EDGE('',*,*,#3553,.T.);
#4828=ORIENTED_EDGE('',*,*,#3444,.T.);
#4829=ORIENTED_EDGE('',*,*,#3580,.T.);
#4830=ORIENTED_EDGE('',*,*,#3485,.T.);
#4831=ORIENTED_EDGE('',*,*,#3578,.F.);
#4832=ORIENTED_EDGE('',*,*,#3581,.T.);
#4833=ORIENTED_EDGE('',*,*,#3577,.F.);
#4834=ORIENTED_EDGE('',*,*,#3580,.F.);
#4835=ORIENTED_EDGE('',*,*,#3582,.T.);
#4836=ORIENTED_EDGE('',*,*,#3579,.F.);
#4837=ORIENTED_EDGE('',*,*,#3581,.F.);
#4838=ORIENTED_EDGE('',*,*,#3449,.T.);
#4839=ORIENTED_EDGE('',*,*,#3583,.T.);
#4840=ORIENTED_EDGE('',*,*,#3461,.T.);
#4841=ORIENTED_EDGE('',*,*,#3582,.F.);
#4842=ORIENTED_EDGE('',*,*,#3443,.T.);
#4843=ORIENTED_EDGE('',*,*,#3584,.T.);
#4844=ORIENTED_EDGE('',*,*,#3448,.T.);
#4845=ORIENTED_EDGE('',*,*,#3584,.F.);
#4846=ORIENTED_EDGE('',*,*,#3585,.T.);
#4847=ORIENTED_EDGE('',*,*,#3583,.F.);
#4848=ORIENTED_EDGE('',*,*,#3552,.T.);
#4849=ORIENTED_EDGE('',*,*,#3509,.T.);
#4850=ORIENTED_EDGE('',*,*,#3463,.T.);
#4851=ORIENTED_EDGE('',*,*,#3462,.T.);
#4852=ORIENTED_EDGE('',*,*,#3585,.F.);
#4853=ORIENTED_EDGE('',*,*,#3446,.T.);
#4854=ORIENTED_EDGE('',*,*,#3491,.T.);
#4855=ORIENTED_EDGE('',*,*,#3244,.T.);
#4856=ORIENTED_EDGE('',*,*,#3586,.T.);
#4857=ORIENTED_EDGE('',*,*,#3475,.T.);
#4858=ORIENTED_EDGE('',*,*,#3436,.F.);
#4859=ORIENTED_EDGE('',*,*,#3587,.T.);
#4860=ORIENTED_EDGE('',*,*,#3586,.F.);
#4861=ORIENTED_EDGE('',*,*,#3587,.F.);
#4862=ORIENTED_EDGE('',*,*,#3215,.T.);
#4863=ORIENTED_EDGE('',*,*,#3588,.T.);
#4864=ORIENTED_EDGE('',*,*,#3476,.T.);
#4865=ORIENTED_EDGE('',*,*,#3440,.F.);
#4866=ORIENTED_EDGE('',*,*,#3589,.T.);
#4867=ORIENTED_EDGE('',*,*,#3588,.F.);
#4868=ORIENTED_EDGE('',*,*,#3393,.T.);
#4869=ORIENTED_EDGE('',*,*,#3492,.T.);
#4870=ORIENTED_EDGE('',*,*,#3478,.T.);
#4871=ORIENTED_EDGE('',*,*,#3477,.T.);
#4872=ORIENTED_EDGE('',*,*,#3589,.F.);
#4873=ORIENTED_EDGE('',*,*,#3209,.T.);
#4874=ORIENTED_EDGE('',*,*,#3590,.T.);
#4875=ORIENTED_EDGE('',*,*,#3591,.F.);
#4876=ORIENTED_EDGE('',*,*,#3592,.T.);
#4877=ORIENTED_EDGE('',*,*,#3593,.T.);
#4878=ORIENTED_EDGE('',*,*,#3594,.T.);
#4879=ORIENTED_EDGE('',*,*,#3595,.T.);
#4880=ORIENTED_EDGE('',*,*,#3596,.T.);
#4881=ORIENTED_EDGE('',*,*,#3597,.F.);
#4882=ORIENTED_EDGE('',*,*,#3598,.F.);
#4883=ORIENTED_EDGE('',*,*,#3599,.F.);
#4884=ORIENTED_EDGE('',*,*,#3600,.F.);
#4885=ORIENTED_EDGE('',*,*,#3601,.T.);
#4886=ORIENTED_EDGE('',*,*,#3602,.F.);
#4887=ORIENTED_EDGE('',*,*,#3603,.F.);
#4888=ORIENTED_EDGE('',*,*,#3604,.F.);
#4889=ORIENTED_EDGE('',*,*,#3605,.F.);
#4890=ORIENTED_EDGE('',*,*,#3606,.F.);
#4891=ORIENTED_EDGE('',*,*,#3607,.T.);
#4892=ORIENTED_EDGE('',*,*,#3608,.T.);
#4893=ORIENTED_EDGE('',*,*,#3609,.T.);
#4894=ORIENTED_EDGE('',*,*,#3610,.F.);
#4895=ORIENTED_EDGE('',*,*,#3611,.F.);
#4896=ORIENTED_EDGE('',*,*,#3612,.F.);
#4897=ORIENTED_EDGE('',*,*,#3613,.F.);
#4898=ORIENTED_EDGE('',*,*,#3614,.T.);
#4899=ORIENTED_EDGE('',*,*,#3615,.T.);
#4900=ORIENTED_EDGE('',*,*,#3616,.T.);
#4901=ORIENTED_EDGE('',*,*,#3617,.T.);
#4902=ORIENTED_EDGE('',*,*,#3618,.F.);
#4903=ORIENTED_EDGE('',*,*,#3619,.T.);
#4904=ORIENTED_EDGE('',*,*,#3620,.T.);
#4905=ORIENTED_EDGE('',*,*,#3621,.F.);
#4906=ORIENTED_EDGE('',*,*,#3622,.T.);
#4907=ORIENTED_EDGE('',*,*,#3623,.T.);
#4908=ORIENTED_EDGE('',*,*,#3624,.T.);
#4909=ORIENTED_EDGE('',*,*,#3625,.T.);
#4910=ORIENTED_EDGE('',*,*,#3626,.T.);
#4911=ORIENTED_EDGE('',*,*,#3627,.F.);
#4912=ORIENTED_EDGE('',*,*,#3628,.F.);
#4913=ORIENTED_EDGE('',*,*,#3629,.T.);
#4914=ORIENTED_EDGE('',*,*,#3630,.T.);
#4915=ORIENTED_EDGE('',*,*,#3631,.T.);
#4916=ORIENTED_EDGE('',*,*,#3632,.T.);
#4917=ORIENTED_EDGE('',*,*,#3633,.T.);
#4918=ORIENTED_EDGE('',*,*,#3634,.T.);
#4919=ORIENTED_EDGE('',*,*,#3635,.T.);
#4920=ORIENTED_EDGE('',*,*,#3636,.F.);
#4921=ORIENTED_EDGE('',*,*,#3637,.T.);
#4922=ORIENTED_EDGE('',*,*,#3638,.F.);
#4923=ORIENTED_EDGE('',*,*,#3639,.F.);
#4924=ORIENTED_EDGE('',*,*,#3640,.T.);
#4925=ORIENTED_EDGE('',*,*,#3641,.F.);
#4926=ORIENTED_EDGE('',*,*,#3642,.F.);
#4927=ORIENTED_EDGE('',*,*,#3643,.F.);
#4928=ORIENTED_EDGE('',*,*,#3644,.T.);
#4929=ORIENTED_EDGE('',*,*,#3645,.F.);
#4930=ORIENTED_EDGE('',*,*,#3646,.F.);
#4931=ORIENTED_EDGE('',*,*,#3647,.F.);
#4932=ORIENTED_EDGE('',*,*,#3225,.F.);
#4933=ORIENTED_EDGE('',*,*,#3648,.F.);
#4934=ORIENTED_EDGE('',*,*,#3649,.F.);
#4935=ORIENTED_EDGE('',*,*,#3650,.T.);
#4936=ORIENTED_EDGE('',*,*,#3651,.F.);
#4937=ORIENTED_EDGE('',*,*,#3652,.F.);
#4938=ORIENTED_EDGE('',*,*,#3653,.F.);
#4939=ORIENTED_EDGE('',*,*,#3654,.F.);
#4940=ORIENTED_EDGE('',*,*,#3655,.T.);
#4941=ORIENTED_EDGE('',*,*,#3656,.F.);
#4942=ORIENTED_EDGE('',*,*,#3657,.F.);
#4943=ORIENTED_EDGE('',*,*,#3658,.F.);
#4944=ORIENTED_EDGE('',*,*,#3659,.F.);
#4945=ORIENTED_EDGE('',*,*,#3660,.F.);
#4946=ORIENTED_EDGE('',*,*,#3661,.T.);
#4947=ORIENTED_EDGE('',*,*,#3662,.F.);
#4948=ORIENTED_EDGE('',*,*,#3663,.F.);
#4949=ORIENTED_EDGE('',*,*,#3664,.F.);
#4950=ORIENTED_EDGE('',*,*,#3665,.T.);
#4951=ORIENTED_EDGE('',*,*,#3666,.T.);
#4952=ORIENTED_EDGE('',*,*,#3628,.T.);
#4953=ORIENTED_EDGE('',*,*,#3667,.F.);
#4954=ORIENTED_EDGE('',*,*,#3668,.T.);
#4955=ORIENTED_EDGE('',*,*,#3669,.T.);
#4956=ORIENTED_EDGE('',*,*,#3624,.F.);
#4957=ORIENTED_EDGE('',*,*,#3670,.T.);
#4958=ORIENTED_EDGE('',*,*,#3671,.F.);
#4959=ORIENTED_EDGE('',*,*,#3672,.T.);
#4960=ORIENTED_EDGE('',*,*,#3673,.T.);
#4961=ORIENTED_EDGE('',*,*,#3668,.F.);
#4962=ORIENTED_EDGE('',*,*,#3177,.T.);
#4963=ORIENTED_EDGE('',*,*,#3622,.F.);
#4964=ORIENTED_EDGE('',*,*,#3674,.T.);
#4965=ORIENTED_EDGE('',*,*,#3675,.F.);
#4966=ORIENTED_EDGE('',*,*,#3676,.T.);
#4967=ORIENTED_EDGE('',*,*,#3626,.F.);
#4968=ORIENTED_EDGE('',*,*,#3677,.F.);
#4969=ORIENTED_EDGE('',*,*,#3672,.F.);
#4970=ORIENTED_EDGE('',*,*,#3678,.T.);
#4971=ORIENTED_EDGE('',*,*,#3625,.F.);
#4972=ORIENTED_EDGE('',*,*,#3669,.F.);
#4973=ORIENTED_EDGE('',*,*,#3673,.F.);
#4974=ORIENTED_EDGE('',*,*,#3677,.T.);
#4975=ORIENTED_EDGE('',*,*,#3679,.F.);
#4976=ORIENTED_EDGE('',*,*,#3680,.F.);
#4977=ORIENTED_EDGE('',*,*,#3681,.F.);
#4978=ORIENTED_EDGE('',*,*,#3682,.F.);
#4979=ORIENTED_EDGE('',*,*,#3683,.F.);
#4980=ORIENTED_EDGE('',*,*,#3679,.T.);
#4981=ORIENTED_EDGE('',*,*,#3684,.F.);
#4982=ORIENTED_EDGE('',*,*,#3685,.F.);
#4983=ORIENTED_EDGE('',*,*,#3590,.F.);
#4984=ORIENTED_EDGE('',*,*,#3686,.T.);
#4985=ORIENTED_EDGE('',*,*,#3687,.F.);
#4986=ORIENTED_EDGE('',*,*,#3688,.F.);
#4987=ORIENTED_EDGE('',*,*,#3689,.F.);
#4988=ORIENTED_EDGE('',*,*,#3690,.F.);
#4989=ORIENTED_EDGE('',*,*,#3688,.T.);
#4990=ORIENTED_EDGE('',*,*,#3691,.F.);
#4991=ORIENTED_EDGE('',*,*,#3692,.F.);
#4992=ORIENTED_EDGE('',*,*,#3693,.F.);
#4993=ORIENTED_EDGE('',*,*,#3694,.F.);
#4994=ORIENTED_EDGE('',*,*,#3695,.F.);
#4995=ORIENTED_EDGE('',*,*,#3696,.F.);
#4996=ORIENTED_EDGE('',*,*,#3697,.F.);
#4997=ORIENTED_EDGE('',*,*,#3698,.F.);
#4998=ORIENTED_EDGE('',*,*,#3694,.T.);
#4999=ORIENTED_EDGE('',*,*,#3699,.F.);
#5000=ORIENTED_EDGE('',*,*,#3700,.F.);
#5001=ORIENTED_EDGE('',*,*,#3594,.F.);
#5002=ORIENTED_EDGE('',*,*,#3701,.T.);
#5003=ORIENTED_EDGE('',*,*,#3702,.F.);
#5004=ORIENTED_EDGE('',*,*,#3703,.F.);
#5005=ORIENTED_EDGE('',*,*,#3704,.F.);
#5006=ORIENTED_EDGE('',*,*,#3705,.F.);
#5007=ORIENTED_EDGE('',*,*,#3703,.T.);
#5008=ORIENTED_EDGE('',*,*,#3706,.F.);
#5009=ORIENTED_EDGE('',*,*,#3707,.F.);
#5010=ORIENTED_EDGE('',*,*,#3708,.F.);
#5011=ORIENTED_EDGE('',*,*,#3680,.T.);
#5012=ORIENTED_EDGE('',*,*,#3689,.T.);
#5013=ORIENTED_EDGE('',*,*,#3690,.T.);
#5014=ORIENTED_EDGE('',*,*,#3709,.F.);
#5015=ORIENTED_EDGE('',*,*,#3644,.F.);
#5016=ORIENTED_EDGE('',*,*,#3710,.F.);
#5017=ORIENTED_EDGE('',*,*,#3695,.T.);
#5018=ORIENTED_EDGE('',*,*,#3704,.T.);
#5019=ORIENTED_EDGE('',*,*,#3705,.T.);
#5020=ORIENTED_EDGE('',*,*,#3711,.F.);
#5021=ORIENTED_EDGE('',*,*,#3640,.F.);
#5022=ORIENTED_EDGE('',*,*,#3712,.F.);
#5023=ORIENTED_EDGE('',*,*,#3713,.T.);
#5024=ORIENTED_EDGE('',*,*,#3714,.T.);
#5025=ORIENTED_EDGE('',*,*,#3715,.F.);
#5026=ORIENTED_EDGE('',*,*,#3716,.F.);
#5027=ORIENTED_EDGE('',*,*,#3717,.T.);
#5028=ORIENTED_EDGE('',*,*,#3595,.F.);
#5029=ORIENTED_EDGE('',*,*,#3700,.T.);
#5030=ORIENTED_EDGE('',*,*,#3718,.F.);
#5031=ORIENTED_EDGE('',*,*,#3719,.F.);
#5032=ORIENTED_EDGE('',*,*,#3720,.F.);
#5033=ORIENTED_EDGE('',*,*,#3721,.F.);
#5034=ORIENTED_EDGE('',*,*,#3722,.F.);
#5035=ORIENTED_EDGE('',*,*,#3714,.F.);
#5036=ORIENTED_EDGE('',*,*,#3723,.T.);
#5037=ORIENTED_EDGE('',*,*,#3724,.F.);
#5038=ORIENTED_EDGE('',*,*,#3725,.F.);
#5039=ORIENTED_EDGE('',*,*,#3726,.F.);
#5040=ORIENTED_EDGE('',*,*,#3727,.F.);
#5041=ORIENTED_EDGE('',*,*,#3596,.F.);
#5042=ORIENTED_EDGE('',*,*,#3717,.F.);
#5043=ORIENTED_EDGE('',*,*,#3728,.F.);
#5044=ORIENTED_EDGE('',*,*,#3729,.T.);
#5045=ORIENTED_EDGE('',*,*,#3730,.T.);
#5046=ORIENTED_EDGE('',*,*,#3723,.F.);
#5047=ORIENTED_EDGE('',*,*,#3713,.F.);
#5048=ORIENTED_EDGE('',*,*,#3731,.T.);
#5049=ORIENTED_EDGE('',*,*,#3732,.F.);
#5050=ORIENTED_EDGE('',*,*,#3733,.F.);
#5051=ORIENTED_EDGE('',*,*,#3734,.F.);
#5052=ORIENTED_EDGE('',*,*,#3735,.T.);
#5053=ORIENTED_EDGE('',*,*,#3736,.T.);
#5054=ORIENTED_EDGE('',*,*,#3737,.F.);
#5055=ORIENTED_EDGE('',*,*,#3738,.F.);
#5056=ORIENTED_EDGE('',*,*,#3739,.F.);
#5057=ORIENTED_EDGE('',*,*,#3740,.F.);
#5058=ORIENTED_EDGE('',*,*,#3741,.F.);
#5059=ORIENTED_EDGE('',*,*,#3701,.F.);
#5060=ORIENTED_EDGE('',*,*,#3593,.F.);
#5061=ORIENTED_EDGE('',*,*,#3742,.F.);
#5062=ORIENTED_EDGE('',*,*,#3743,.F.);
#5063=ORIENTED_EDGE('',*,*,#3736,.F.);
#5064=ORIENTED_EDGE('',*,*,#3744,.T.);
#5065=ORIENTED_EDGE('',*,*,#3745,.T.);
#5066=ORIENTED_EDGE('',*,*,#3746,.F.);
#5067=ORIENTED_EDGE('',*,*,#3747,.T.);
#5068=ORIENTED_EDGE('',*,*,#3591,.T.);
#5069=ORIENTED_EDGE('',*,*,#3685,.T.);
#5070=ORIENTED_EDGE('',*,*,#3748,.F.);
#5071=ORIENTED_EDGE('',*,*,#3749,.F.);
#5072=ORIENTED_EDGE('',*,*,#3750,.F.);
#5073=ORIENTED_EDGE('',*,*,#3751,.F.);
#5074=ORIENTED_EDGE('',*,*,#3752,.F.);
#5075=ORIENTED_EDGE('',*,*,#3745,.F.);
#5076=ORIENTED_EDGE('',*,*,#3753,.T.);
#5077=ORIENTED_EDGE('',*,*,#3754,.F.);
#5078=ORIENTED_EDGE('',*,*,#3755,.F.);
#5079=ORIENTED_EDGE('',*,*,#3756,.F.);
#5080=ORIENTED_EDGE('',*,*,#3757,.F.);
#5081=ORIENTED_EDGE('',*,*,#3742,.T.);
#5082=ORIENTED_EDGE('',*,*,#3592,.F.);
#5083=ORIENTED_EDGE('',*,*,#3747,.F.);
#5084=ORIENTED_EDGE('',*,*,#3758,.F.);
#5085=ORIENTED_EDGE('',*,*,#3753,.F.);
#5086=ORIENTED_EDGE('',*,*,#3744,.F.);
#5087=ORIENTED_EDGE('',*,*,#3735,.F.);
#5088=ORIENTED_EDGE('',*,*,#3759,.T.);
#5089=ORIENTED_EDGE('',*,*,#3760,.F.);
#5090=ORIENTED_EDGE('',*,*,#3761,.F.);
#5091=ORIENTED_EDGE('',*,*,#3762,.F.);
#5092=ORIENTED_EDGE('',*,*,#3763,.T.);
#5093=ORIENTED_EDGE('',*,*,#3764,.T.);
#5094=ORIENTED_EDGE('',*,*,#3765,.F.);
#5095=ORIENTED_EDGE('',*,*,#3766,.F.);
#5096=ORIENTED_EDGE('',*,*,#3767,.F.);
#5097=ORIENTED_EDGE('',*,*,#3768,.F.);
#5098=ORIENTED_EDGE('',*,*,#3769,.F.);
#5099=ORIENTED_EDGE('',*,*,#3686,.F.);
#5100=ORIENTED_EDGE('',*,*,#3617,.F.);
#5101=ORIENTED_EDGE('',*,*,#3770,.F.);
#5102=ORIENTED_EDGE('',*,*,#3771,.F.);
#5103=ORIENTED_EDGE('',*,*,#3764,.F.);
#5104=ORIENTED_EDGE('',*,*,#3772,.T.);
#5105=ORIENTED_EDGE('',*,*,#3773,.T.);
#5106=ORIENTED_EDGE('',*,*,#3774,.F.);
#5107=ORIENTED_EDGE('',*,*,#3775,.T.);
#5108=ORIENTED_EDGE('',*,*,#3615,.F.);
#5109=ORIENTED_EDGE('',*,*,#3776,.T.);
#5110=ORIENTED_EDGE('',*,*,#3777,.F.);
#5111=ORIENTED_EDGE('',*,*,#3778,.T.);
#5112=ORIENTED_EDGE('',*,*,#3779,.F.);
#5113=ORIENTED_EDGE('',*,*,#3773,.F.);
#5114=ORIENTED_EDGE('',*,*,#3780,.T.);
#5115=ORIENTED_EDGE('',*,*,#3781,.T.);
#5116=ORIENTED_EDGE('',*,*,#3782,.F.);
#5117=ORIENTED_EDGE('',*,*,#3783,.T.);
#5118=ORIENTED_EDGE('',*,*,#3784,.F.);
#5119=ORIENTED_EDGE('',*,*,#3770,.T.);
#5120=ORIENTED_EDGE('',*,*,#3616,.F.);
#5121=ORIENTED_EDGE('',*,*,#3775,.F.);
#5122=ORIENTED_EDGE('',*,*,#3785,.F.);
#5123=ORIENTED_EDGE('',*,*,#3780,.F.);
#5124=ORIENTED_EDGE('',*,*,#3772,.F.);
#5125=ORIENTED_EDGE('',*,*,#3763,.F.);
#5126=ORIENTED_EDGE('',*,*,#3786,.F.);
#5127=ORIENTED_EDGE('',*,*,#3776,.F.);
#5128=ORIENTED_EDGE('',*,*,#3614,.F.);
#5129=ORIENTED_EDGE('',*,*,#3787,.F.);
#5130=ORIENTED_EDGE('',*,*,#3768,.T.);
#5131=ORIENTED_EDGE('',*,*,#3788,.F.);
#5132=ORIENTED_EDGE('',*,*,#3778,.F.);
#5133=ORIENTED_EDGE('',*,*,#3789,.F.);
#5134=ORIENTED_EDGE('',*,*,#3766,.T.);
#5135=ORIENTED_EDGE('',*,*,#3790,.F.);
#5136=ORIENTED_EDGE('',*,*,#3749,.T.);
#5137=ORIENTED_EDGE('',*,*,#3791,.F.);
#5138=ORIENTED_EDGE('',*,*,#3650,.F.);
#5139=ORIENTED_EDGE('',*,*,#3792,.F.);
#5140=ORIENTED_EDGE('',*,*,#3740,.T.);
#5141=ORIENTED_EDGE('',*,*,#3793,.F.);
#5142=ORIENTED_EDGE('',*,*,#3738,.T.);
#5143=ORIENTED_EDGE('',*,*,#3794,.F.);
#5144=ORIENTED_EDGE('',*,*,#3751,.T.);
#5145=ORIENTED_EDGE('',*,*,#3795,.F.);
#5146=ORIENTED_EDGE('',*,*,#3721,.T.);
#5147=ORIENTED_EDGE('',*,*,#3796,.F.);
#5148=ORIENTED_EDGE('',*,*,#3797,.F.);
#5149=ORIENTED_EDGE('',*,*,#3798,.F.);
#5150=ORIENTED_EDGE('',*,*,#3719,.T.);
#5151=ORIENTED_EDGE('',*,*,#3799,.F.);
#5152=ORIENTED_EDGE('',*,*,#3620,.F.);
#5153=ORIENTED_EDGE('',*,*,#3800,.T.);
#5154=ORIENTED_EDGE('',*,*,#3801,.F.);
#5155=ORIENTED_EDGE('',*,*,#3802,.F.);
#5156=ORIENTED_EDGE('',*,*,#3781,.F.);
#5157=ORIENTED_EDGE('',*,*,#3786,.T.);
#5158=ORIENTED_EDGE('',*,*,#3762,.T.);
#5159=ORIENTED_EDGE('',*,*,#3803,.F.);
#5160=ORIENTED_EDGE('',*,*,#3783,.F.);
#5161=ORIENTED_EDGE('',*,*,#3804,.F.);
#5162=ORIENTED_EDGE('',*,*,#3760,.T.);
#5163=ORIENTED_EDGE('',*,*,#3805,.F.);
#5164=ORIENTED_EDGE('',*,*,#3754,.T.);
#5165=ORIENTED_EDGE('',*,*,#3759,.F.);
#5166=ORIENTED_EDGE('',*,*,#3734,.T.);
#5167=ORIENTED_EDGE('',*,*,#3806,.F.);
#5168=ORIENTED_EDGE('',*,*,#3756,.T.);
#5169=ORIENTED_EDGE('',*,*,#3807,.F.);
#5170=ORIENTED_EDGE('',*,*,#3732,.T.);
#5171=ORIENTED_EDGE('',*,*,#3808,.F.);
#5172=ORIENTED_EDGE('',*,*,#3726,.T.);
#5173=ORIENTED_EDGE('',*,*,#3809,.F.);
#5174=ORIENTED_EDGE('',*,*,#3810,.F.);
#5175=ORIENTED_EDGE('',*,*,#3811,.F.);
#5176=ORIENTED_EDGE('',*,*,#3724,.T.);
#5177=ORIENTED_EDGE('',*,*,#3730,.F.);
#5178=ORIENTED_EDGE('',*,*,#3812,.F.);
#5179=ORIENTED_EDGE('',*,*,#3813,.F.);
#5180=ORIENTED_EDGE('',*,*,#3771,.T.);
#5181=ORIENTED_EDGE('',*,*,#3785,.T.);
#5182=ORIENTED_EDGE('',*,*,#3784,.T.);
#5183=ORIENTED_EDGE('',*,*,#3805,.T.);
#5184=ORIENTED_EDGE('',*,*,#3743,.T.);
#5185=ORIENTED_EDGE('',*,*,#3758,.T.);
#5186=ORIENTED_EDGE('',*,*,#3757,.T.);
#5187=ORIENTED_EDGE('',*,*,#3808,.T.);
#5188=ORIENTED_EDGE('',*,*,#3728,.T.);
#5189=ORIENTED_EDGE('',*,*,#3727,.T.);
#5190=ORIENTED_EDGE('',*,*,#3811,.T.);
#5191=ORIENTED_EDGE('',*,*,#3814,.F.);
#5192=ORIENTED_EDGE('',*,*,#3809,.T.);
#5193=ORIENTED_EDGE('',*,*,#3725,.T.);
#5194=ORIENTED_EDGE('',*,*,#3813,.T.);
#5195=ORIENTED_EDGE('',*,*,#3815,.F.);
#5196=ORIENTED_EDGE('',*,*,#3733,.T.);
#5197=ORIENTED_EDGE('',*,*,#3807,.T.);
#5198=ORIENTED_EDGE('',*,*,#3755,.T.);
#5199=ORIENTED_EDGE('',*,*,#3806,.T.);
#5200=ORIENTED_EDGE('',*,*,#3761,.T.);
#5201=ORIENTED_EDGE('',*,*,#3804,.T.);
#5202=ORIENTED_EDGE('',*,*,#3782,.T.);
#5203=ORIENTED_EDGE('',*,*,#3803,.T.);
#5204=ORIENTED_EDGE('',*,*,#3765,.T.);
#5205=ORIENTED_EDGE('',*,*,#3774,.T.);
#5206=ORIENTED_EDGE('',*,*,#3779,.T.);
#5207=ORIENTED_EDGE('',*,*,#3790,.T.);
#5208=ORIENTED_EDGE('',*,*,#3767,.T.);
#5209=ORIENTED_EDGE('',*,*,#3789,.T.);
#5210=ORIENTED_EDGE('',*,*,#3777,.T.);
#5211=ORIENTED_EDGE('',*,*,#3788,.T.);
#5212=ORIENTED_EDGE('',*,*,#3739,.T.);
#5213=ORIENTED_EDGE('',*,*,#3795,.T.);
#5214=ORIENTED_EDGE('',*,*,#3750,.T.);
#5215=ORIENTED_EDGE('',*,*,#3793,.T.);
#5216=ORIENTED_EDGE('',*,*,#3737,.T.);
#5217=ORIENTED_EDGE('',*,*,#3746,.T.);
#5218=ORIENTED_EDGE('',*,*,#3752,.T.);
#5219=ORIENTED_EDGE('',*,*,#3794,.T.);
#5220=ORIENTED_EDGE('',*,*,#3715,.T.);
#5221=ORIENTED_EDGE('',*,*,#3722,.T.);
#5222=ORIENTED_EDGE('',*,*,#3798,.T.);
#5223=ORIENTED_EDGE('',*,*,#3816,.F.);
#5224=ORIENTED_EDGE('',*,*,#3796,.T.);
#5225=ORIENTED_EDGE('',*,*,#3720,.T.);
#5226=ORIENTED_EDGE('',*,*,#3802,.T.);
#5227=ORIENTED_EDGE('',*,*,#3817,.F.);
#5228=ORIENTED_EDGE('',*,*,#3610,.T.);
#5229=ORIENTED_EDGE('',*,*,#3818,.T.);
#5230=ORIENTED_EDGE('',*,*,#3664,.T.);
#5231=ORIENTED_EDGE('',*,*,#3819,.T.);
#5232=ORIENTED_EDGE('',*,*,#3675,.T.);
#5233=ORIENTED_EDGE('',*,*,#3820,.T.);
#5234=ORIENTED_EDGE('',*,*,#3821,.T.);
#5235=ORIENTED_EDGE('',*,*,#3611,.T.);
#5236=ORIENTED_EDGE('',*,*,#3822,.T.);
#5237=ORIENTED_EDGE('',*,*,#3687,.T.);
#5238=ORIENTED_EDGE('',*,*,#3769,.T.);
#5239=ORIENTED_EDGE('',*,*,#3787,.T.);
#5240=ORIENTED_EDGE('',*,*,#3613,.T.);
#5241=ORIENTED_EDGE('',*,*,#3823,.T.);
#5242=ORIENTED_EDGE('',*,*,#3691,.T.);
#5243=ORIENTED_EDGE('',*,*,#3821,.F.);
#5244=ORIENTED_EDGE('',*,*,#3824,.T.);
#5245=ORIENTED_EDGE('',*,*,#3660,.T.);
#5246=ORIENTED_EDGE('',*,*,#3825,.T.);
#5247=ORIENTED_EDGE('',*,*,#3612,.T.);
#5248=ORIENTED_EDGE('',*,*,#3825,.F.);
#5249=ORIENTED_EDGE('',*,*,#3826,.T.);
#5250=ORIENTED_EDGE('',*,*,#3823,.F.);
#5251=ORIENTED_EDGE('',*,*,#3826,.F.);
#5252=ORIENTED_EDGE('',*,*,#3663,.T.);
#5253=ORIENTED_EDGE('',*,*,#3827,.T.);
#5254=ORIENTED_EDGE('',*,*,#3692,.T.);
#5255=ORIENTED_EDGE('',*,*,#3662,.T.);
#5256=ORIENTED_EDGE('',*,*,#3828,.T.);
#5257=ORIENTED_EDGE('',*,*,#3646,.T.);
#5258=ORIENTED_EDGE('',*,*,#3829,.T.);
#5259=ORIENTED_EDGE('',*,*,#3829,.F.);
#5260=ORIENTED_EDGE('',*,*,#3830,.T.);
#5261=ORIENTED_EDGE('',*,*,#3827,.F.);
#5262=ORIENTED_EDGE('',*,*,#3709,.T.);
#5263=ORIENTED_EDGE('',*,*,#3693,.T.);
#5264=ORIENTED_EDGE('',*,*,#3830,.F.);
#5265=ORIENTED_EDGE('',*,*,#3645,.T.);
#5266=ORIENTED_EDGE('',*,*,#3831,.T.);
#5267=ORIENTED_EDGE('',*,*,#3641,.T.);
#5268=ORIENTED_EDGE('',*,*,#3711,.T.);
#5269=ORIENTED_EDGE('',*,*,#3708,.T.);
#5270=ORIENTED_EDGE('',*,*,#3832,.T.);
#5271=ORIENTED_EDGE('',*,*,#3833,.T.);
#5272=ORIENTED_EDGE('',*,*,#3831,.F.);
#5273=ORIENTED_EDGE('',*,*,#3710,.T.);
#5274=ORIENTED_EDGE('',*,*,#3643,.T.);
#5275=ORIENTED_EDGE('',*,*,#3834,.T.);
#5276=ORIENTED_EDGE('',*,*,#3681,.T.);
#5277=ORIENTED_EDGE('',*,*,#3833,.F.);
#5278=ORIENTED_EDGE('',*,*,#3659,.T.);
#5279=ORIENTED_EDGE('',*,*,#3835,.T.);
#5280=ORIENTED_EDGE('',*,*,#3642,.T.);
#5281=ORIENTED_EDGE('',*,*,#3832,.F.);
#5282=ORIENTED_EDGE('',*,*,#3707,.T.);
#5283=ORIENTED_EDGE('',*,*,#3836,.T.);
#5284=ORIENTED_EDGE('',*,*,#3656,.T.);
#5285=ORIENTED_EDGE('',*,*,#3702,.T.);
#5286=ORIENTED_EDGE('',*,*,#3741,.T.);
#5287=ORIENTED_EDGE('',*,*,#3792,.T.);
#5288=ORIENTED_EDGE('',*,*,#3649,.T.);
#5289=ORIENTED_EDGE('',*,*,#3837,.T.);
#5290=ORIENTED_EDGE('',*,*,#3706,.T.);
#5291=ORIENTED_EDGE('',*,*,#3835,.F.);
#5292=ORIENTED_EDGE('',*,*,#3838,.T.);
#5293=ORIENTED_EDGE('',*,*,#3834,.F.);
#5294=ORIENTED_EDGE('',*,*,#3837,.F.);
#5295=ORIENTED_EDGE('',*,*,#3839,.T.);
#5296=ORIENTED_EDGE('',*,*,#3836,.F.);
#5297=ORIENTED_EDGE('',*,*,#3838,.F.);
#5298=ORIENTED_EDGE('',*,*,#3658,.T.);
#5299=ORIENTED_EDGE('',*,*,#3840,.T.);
#5300=ORIENTED_EDGE('',*,*,#3682,.T.);
#5301=ORIENTED_EDGE('',*,*,#3839,.F.);
#5302=ORIENTED_EDGE('',*,*,#3648,.T.);
#5303=ORIENTED_EDGE('',*,*,#3841,.T.);
#5304=ORIENTED_EDGE('',*,*,#3657,.T.);
#5305=ORIENTED_EDGE('',*,*,#3841,.F.);
#5306=ORIENTED_EDGE('',*,*,#3842,.T.);
#5307=ORIENTED_EDGE('',*,*,#3840,.F.);
#5308=ORIENTED_EDGE('',*,*,#3791,.T.);
#5309=ORIENTED_EDGE('',*,*,#3748,.T.);
#5310=ORIENTED_EDGE('',*,*,#3684,.T.);
#5311=ORIENTED_EDGE('',*,*,#3683,.T.);
#5312=ORIENTED_EDGE('',*,*,#3842,.F.);
#5313=ORIENTED_EDGE('',*,*,#3651,.T.);
#5314=ORIENTED_EDGE('',*,*,#3712,.T.);
#5315=ORIENTED_EDGE('',*,*,#3639,.T.);
#5316=ORIENTED_EDGE('',*,*,#3843,.T.);
#5317=ORIENTED_EDGE('',*,*,#3696,.T.);
#5318=ORIENTED_EDGE('',*,*,#3654,.T.);
#5319=ORIENTED_EDGE('',*,*,#3844,.T.);
#5320=ORIENTED_EDGE('',*,*,#3638,.T.);
#5321=ORIENTED_EDGE('',*,*,#3845,.F.);
#5322=ORIENTED_EDGE('',*,*,#3844,.F.);
#5323=ORIENTED_EDGE('',*,*,#3846,.T.);
#5324=ORIENTED_EDGE('',*,*,#3843,.F.);
#5325=ORIENTED_EDGE('',*,*,#3846,.F.);
#5326=ORIENTED_EDGE('',*,*,#3653,.T.);
#5327=ORIENTED_EDGE('',*,*,#3847,.T.);
#5328=ORIENTED_EDGE('',*,*,#3697,.T.);
#5329=ORIENTED_EDGE('',*,*,#3618,.T.);
#5330=ORIENTED_EDGE('',*,*,#3848,.T.);
#5331=ORIENTED_EDGE('',*,*,#3652,.T.);
#5332=ORIENTED_EDGE('',*,*,#3849,.F.);
#5333=ORIENTED_EDGE('',*,*,#3848,.F.);
#5334=ORIENTED_EDGE('',*,*,#3850,.T.);
#5335=ORIENTED_EDGE('',*,*,#3847,.F.);
#5336=ORIENTED_EDGE('',*,*,#3799,.T.);
#5337=ORIENTED_EDGE('',*,*,#3718,.T.);
#5338=ORIENTED_EDGE('',*,*,#3699,.T.);
#5339=ORIENTED_EDGE('',*,*,#3698,.T.);
#5340=ORIENTED_EDGE('',*,*,#3850,.F.);
#5341=ORIENTED_EDGE('',*,*,#3621,.T.);
#5342=ORIENTED_EDGE('',*,*,#3851,.T.);
#5343=ORIENTED_EDGE('',*,*,#3852,.T.);
#5344=ORIENTED_EDGE('',*,*,#3853,.F.);
#5345=ORIENTED_EDGE('',*,*,#3854,.T.);
#5346=ORIENTED_EDGE('',*,*,#3855,.T.);
#5347=ORIENTED_EDGE('',*,*,#3856,.T.);
#5348=ORIENTED_EDGE('',*,*,#3857,.T.);
#5349=ORIENTED_EDGE('',*,*,#3858,.T.);
#5350=ORIENTED_EDGE('',*,*,#3859,.T.);
#5351=ORIENTED_EDGE('',*,*,#3860,.T.);
#5352=ORIENTED_EDGE('',*,*,#3861,.T.);
#5353=ORIENTED_EDGE('',*,*,#3862,.T.);
#5354=ORIENTED_EDGE('',*,*,#3863,.T.);
#5355=ORIENTED_EDGE('',*,*,#3864,.T.);
#5356=ORIENTED_EDGE('',*,*,#3865,.T.);
#5357=ORIENTED_EDGE('',*,*,#3866,.T.);
#5358=ORIENTED_EDGE('',*,*,#3867,.T.);
#5359=ORIENTED_EDGE('',*,*,#3627,.T.);
#5360=ORIENTED_EDGE('',*,*,#3678,.F.);
#5361=ORIENTED_EDGE('',*,*,#3671,.T.);
#5362=ORIENTED_EDGE('',*,*,#3667,.T.);
#5363=ORIENTED_EDGE('',*,*,#3868,.T.);
#5364=ORIENTED_EDGE('',*,*,#3869,.T.);
#5365=ORIENTED_EDGE('',*,*,#3870,.T.);
#5366=ORIENTED_EDGE('',*,*,#3871,.T.);
#5367=ORIENTED_EDGE('',*,*,#3872,.T.);
#5368=ORIENTED_EDGE('',*,*,#3868,.F.);
#5369=ORIENTED_EDGE('',*,*,#3873,.T.);
#5370=ORIENTED_EDGE('',*,*,#3874,.T.);
#5371=ORIENTED_EDGE('',*,*,#3875,.T.);
#5372=ORIENTED_EDGE('',*,*,#3876,.F.);
#5373=ORIENTED_EDGE('',*,*,#3602,.T.);
#5374=ORIENTED_EDGE('',*,*,#3877,.T.);
#5375=ORIENTED_EDGE('',*,*,#3878,.T.);
#5376=ORIENTED_EDGE('',*,*,#3879,.T.);
#5377=ORIENTED_EDGE('',*,*,#3880,.T.);
#5378=ORIENTED_EDGE('',*,*,#3881,.T.);
#5379=ORIENTED_EDGE('',*,*,#3882,.T.);
#5380=ORIENTED_EDGE('',*,*,#3874,.F.);
#5381=ORIENTED_EDGE('',*,*,#3883,.T.);
#5382=ORIENTED_EDGE('',*,*,#3884,.T.);
#5383=ORIENTED_EDGE('',*,*,#3885,.T.);
#5384=ORIENTED_EDGE('',*,*,#3886,.T.);
#5385=ORIENTED_EDGE('',*,*,#3887,.T.);
#5386=ORIENTED_EDGE('',*,*,#3883,.F.);
#5387=ORIENTED_EDGE('',*,*,#3888,.T.);
#5388=ORIENTED_EDGE('',*,*,#3889,.T.);
#5389=ORIENTED_EDGE('',*,*,#3890,.T.);
#5390=ORIENTED_EDGE('',*,*,#3891,.F.);
#5391=ORIENTED_EDGE('',*,*,#3598,.T.);
#5392=ORIENTED_EDGE('',*,*,#3892,.T.);
#5393=ORIENTED_EDGE('',*,*,#3893,.T.);
#5394=ORIENTED_EDGE('',*,*,#3894,.T.);
#5395=ORIENTED_EDGE('',*,*,#3895,.T.);
#5396=ORIENTED_EDGE('',*,*,#3896,.T.);
#5397=ORIENTED_EDGE('',*,*,#3897,.T.);
#5398=ORIENTED_EDGE('',*,*,#3889,.F.);
#5399=ORIENTED_EDGE('',*,*,#3872,.F.);
#5400=ORIENTED_EDGE('',*,*,#3898,.T.);
#5401=ORIENTED_EDGE('',*,*,#3632,.F.);
#5402=ORIENTED_EDGE('',*,*,#3899,.T.);
#5403=ORIENTED_EDGE('',*,*,#3879,.F.);
#5404=ORIENTED_EDGE('',*,*,#3873,.F.);
#5405=ORIENTED_EDGE('',*,*,#3887,.F.);
#5406=ORIENTED_EDGE('',*,*,#3900,.T.);
#5407=ORIENTED_EDGE('',*,*,#3636,.T.);
#5408=ORIENTED_EDGE('',*,*,#3901,.T.);
#5409=ORIENTED_EDGE('',*,*,#3894,.F.);
#5410=ORIENTED_EDGE('',*,*,#3888,.F.);
#5411=ORIENTED_EDGE('',*,*,#3729,.F.);
#5412=ORIENTED_EDGE('',*,*,#3814,.T.);
#5413=ORIENTED_EDGE('',*,*,#3810,.T.);
#5414=ORIENTED_EDGE('',*,*,#3815,.T.);
#5415=ORIENTED_EDGE('',*,*,#3812,.T.);
#5416=ORIENTED_EDGE('',*,*,#3731,.F.);
#5417=ORIENTED_EDGE('',*,*,#3716,.T.);
#5418=ORIENTED_EDGE('',*,*,#3816,.T.);
#5419=ORIENTED_EDGE('',*,*,#3797,.T.);
#5420=ORIENTED_EDGE('',*,*,#3817,.T.);
#5421=ORIENTED_EDGE('',*,*,#3801,.T.);
#5422=ORIENTED_EDGE('',*,*,#3902,.T.);
#5423=ORIENTED_EDGE('',*,*,#3892,.F.);
#5424=ORIENTED_EDGE('',*,*,#3597,.T.);
#5425=ORIENTED_EDGE('',*,*,#3903,.T.);
#5426=ORIENTED_EDGE('',*,*,#3904,.T.);
#5427=ORIENTED_EDGE('',*,*,#3905,.T.);
#5428=ORIENTED_EDGE('',*,*,#3599,.T.);
#5429=ORIENTED_EDGE('',*,*,#3891,.T.);
#5430=ORIENTED_EDGE('',*,*,#3906,.T.);
#5431=ORIENTED_EDGE('',*,*,#3907,.T.);
#5432=ORIENTED_EDGE('',*,*,#3908,.T.);
#5433=ORIENTED_EDGE('',*,*,#3909,.T.);
#5434=ORIENTED_EDGE('',*,*,#3910,.T.);
#5435=ORIENTED_EDGE('',*,*,#3911,.F.);
#5436=ORIENTED_EDGE('',*,*,#3912,.F.);
#5437=ORIENTED_EDGE('',*,*,#3913,.T.);
#5438=ORIENTED_EDGE('',*,*,#3914,.T.);
#5439=ORIENTED_EDGE('',*,*,#3911,.T.);
#5440=ORIENTED_EDGE('',*,*,#3915,.T.);
#5441=ORIENTED_EDGE('',*,*,#3916,.F.);
#5442=ORIENTED_EDGE('',*,*,#3917,.F.);
#5443=ORIENTED_EDGE('',*,*,#3918,.F.);
#5444=ORIENTED_EDGE('',*,*,#3919,.T.);
#5445=ORIENTED_EDGE('',*,*,#3920,.T.);
#5446=ORIENTED_EDGE('',*,*,#3921,.T.);
#5447=ORIENTED_EDGE('',*,*,#3922,.T.);
#5448=ORIENTED_EDGE('',*,*,#3923,.F.);
#5449=ORIENTED_EDGE('',*,*,#3916,.T.);
#5450=ORIENTED_EDGE('',*,*,#3924,.T.);
#5451=ORIENTED_EDGE('',*,*,#3925,.T.);
#5452=ORIENTED_EDGE('',*,*,#3926,.T.);
#5453=ORIENTED_EDGE('',*,*,#3927,.T.);
#5454=ORIENTED_EDGE('',*,*,#3928,.T.);
#5455=ORIENTED_EDGE('',*,*,#3877,.F.);
#5456=ORIENTED_EDGE('',*,*,#3601,.F.);
#5457=ORIENTED_EDGE('',*,*,#3905,.F.);
#5458=ORIENTED_EDGE('',*,*,#3929,.T.);
#5459=ORIENTED_EDGE('',*,*,#3918,.T.);
#5460=ORIENTED_EDGE('',*,*,#3600,.T.);
#5461=ORIENTED_EDGE('',*,*,#3923,.T.);
#5462=ORIENTED_EDGE('',*,*,#3930,.F.);
#5463=ORIENTED_EDGE('',*,*,#3912,.T.);
#5464=ORIENTED_EDGE('',*,*,#3917,.T.);
#5465=ORIENTED_EDGE('',*,*,#3931,.T.);
#5466=ORIENTED_EDGE('',*,*,#3932,.T.);
#5467=ORIENTED_EDGE('',*,*,#3933,.T.);
#5468=ORIENTED_EDGE('',*,*,#3603,.T.);
#5469=ORIENTED_EDGE('',*,*,#3876,.T.);
#5470=ORIENTED_EDGE('',*,*,#3934,.T.);
#5471=ORIENTED_EDGE('',*,*,#3935,.T.);
#5472=ORIENTED_EDGE('',*,*,#3936,.T.);
#5473=ORIENTED_EDGE('',*,*,#3937,.T.);
#5474=ORIENTED_EDGE('',*,*,#3938,.T.);
#5475=ORIENTED_EDGE('',*,*,#3939,.F.);
#5476=ORIENTED_EDGE('',*,*,#3940,.F.);
#5477=ORIENTED_EDGE('',*,*,#3941,.T.);
#5478=ORIENTED_EDGE('',*,*,#3942,.T.);
#5479=ORIENTED_EDGE('',*,*,#3939,.T.);
#5480=ORIENTED_EDGE('',*,*,#3943,.T.);
#5481=ORIENTED_EDGE('',*,*,#3944,.F.);
#5482=ORIENTED_EDGE('',*,*,#3945,.F.);
#5483=ORIENTED_EDGE('',*,*,#3946,.F.);
#5484=ORIENTED_EDGE('',*,*,#3947,.T.);
#5485=ORIENTED_EDGE('',*,*,#3948,.F.);
#5486=ORIENTED_EDGE('',*,*,#3949,.T.);
#5487=ORIENTED_EDGE('',*,*,#3950,.F.);
#5488=ORIENTED_EDGE('',*,*,#3951,.F.);
#5489=ORIENTED_EDGE('',*,*,#3944,.T.);
#5490=ORIENTED_EDGE('',*,*,#3952,.T.);
#5491=ORIENTED_EDGE('',*,*,#3953,.F.);
#5492=ORIENTED_EDGE('',*,*,#3954,.T.);
#5493=ORIENTED_EDGE('',*,*,#3955,.F.);
#5494=ORIENTED_EDGE('',*,*,#3605,.T.);
#5495=ORIENTED_EDGE('',*,*,#3933,.F.);
#5496=ORIENTED_EDGE('',*,*,#3956,.T.);
#5497=ORIENTED_EDGE('',*,*,#3946,.T.);
#5498=ORIENTED_EDGE('',*,*,#3604,.T.);
#5499=ORIENTED_EDGE('',*,*,#3951,.T.);
#5500=ORIENTED_EDGE('',*,*,#3957,.T.);
#5501=ORIENTED_EDGE('',*,*,#3940,.T.);
#5502=ORIENTED_EDGE('',*,*,#3945,.T.);
#5503=ORIENTED_EDGE('',*,*,#3955,.T.);
#5504=ORIENTED_EDGE('',*,*,#3958,.T.);
#5505=ORIENTED_EDGE('',*,*,#3935,.F.);
#5506=ORIENTED_EDGE('',*,*,#3959,.T.);
#5507=ORIENTED_EDGE('',*,*,#3606,.T.);
#5508=ORIENTED_EDGE('',*,*,#3953,.T.);
#5509=ORIENTED_EDGE('',*,*,#3960,.T.);
#5510=ORIENTED_EDGE('',*,*,#3937,.F.);
#5511=ORIENTED_EDGE('',*,*,#3961,.T.);
#5512=ORIENTED_EDGE('',*,*,#3927,.F.);
#5513=ORIENTED_EDGE('',*,*,#3962,.T.);
#5514=ORIENTED_EDGE('',*,*,#3907,.F.);
#5515=ORIENTED_EDGE('',*,*,#3963,.T.);
#5516=ORIENTED_EDGE('',*,*,#3853,.T.);
#5517=ORIENTED_EDGE('',*,*,#3964,.T.);
#5518=ORIENTED_EDGE('',*,*,#3909,.F.);
#5519=ORIENTED_EDGE('',*,*,#3965,.T.);
#5520=ORIENTED_EDGE('',*,*,#3925,.F.);
#5521=ORIENTED_EDGE('',*,*,#3966,.T.);
#5522=ORIENTED_EDGE('',*,*,#3950,.T.);
#5523=ORIENTED_EDGE('',*,*,#3967,.T.);
#5524=ORIENTED_EDGE('',*,*,#3941,.F.);
#5525=ORIENTED_EDGE('',*,*,#3957,.F.);
#5526=ORIENTED_EDGE('',*,*,#3948,.T.);
#5527=ORIENTED_EDGE('',*,*,#3968,.T.);
#5528=ORIENTED_EDGE('',*,*,#3931,.F.);
#5529=ORIENTED_EDGE('',*,*,#3969,.T.);
#5530=ORIENTED_EDGE('',*,*,#3922,.F.);
#5531=ORIENTED_EDGE('',*,*,#3970,.T.);
#5532=ORIENTED_EDGE('',*,*,#3913,.F.);
#5533=ORIENTED_EDGE('',*,*,#3930,.T.);
#5534=ORIENTED_EDGE('',*,*,#3920,.F.);
#5535=ORIENTED_EDGE('',*,*,#3971,.T.);
#5536=ORIENTED_EDGE('',*,*,#3903,.F.);
#5537=ORIENTED_EDGE('',*,*,#3972,.T.);
#5538=ORIENTED_EDGE('',*,*,#3932,.F.);
#5539=ORIENTED_EDGE('',*,*,#3968,.F.);
#5540=ORIENTED_EDGE('',*,*,#3947,.F.);
#5541=ORIENTED_EDGE('',*,*,#3956,.F.);
#5542=ORIENTED_EDGE('',*,*,#3904,.F.);
#5543=ORIENTED_EDGE('',*,*,#3971,.F.);
#5544=ORIENTED_EDGE('',*,*,#3919,.F.);
#5545=ORIENTED_EDGE('',*,*,#3929,.F.);
#5546=ORIENTED_EDGE('',*,*,#3914,.F.);
#5547=ORIENTED_EDGE('',*,*,#3970,.F.);
#5548=ORIENTED_EDGE('',*,*,#3921,.F.);
#5549=ORIENTED_EDGE('',*,*,#3972,.F.);
#5550=ORIENTED_EDGE('',*,*,#3942,.F.);
#5551=ORIENTED_EDGE('',*,*,#3967,.F.);
#5552=ORIENTED_EDGE('',*,*,#3949,.F.);
#5553=ORIENTED_EDGE('',*,*,#3969,.F.);
#5554=ORIENTED_EDGE('',*,*,#3938,.F.);
#5555=ORIENTED_EDGE('',*,*,#3960,.F.);
#5556=ORIENTED_EDGE('',*,*,#3952,.F.);
#5557=ORIENTED_EDGE('',*,*,#3943,.F.);
#5558=ORIENTED_EDGE('',*,*,#3936,.F.);
#5559=ORIENTED_EDGE('',*,*,#3958,.F.);
#5560=ORIENTED_EDGE('',*,*,#3954,.F.);
#5561=ORIENTED_EDGE('',*,*,#3961,.F.);
#5562=ORIENTED_EDGE('',*,*,#3908,.F.);
#5563=ORIENTED_EDGE('',*,*,#3962,.F.);
#5564=ORIENTED_EDGE('',*,*,#3926,.F.);
#5565=ORIENTED_EDGE('',*,*,#3965,.F.);
#5566=ORIENTED_EDGE('',*,*,#3910,.F.);
#5567=ORIENTED_EDGE('',*,*,#3966,.F.);
#5568=ORIENTED_EDGE('',*,*,#3924,.F.);
#5569=ORIENTED_EDGE('',*,*,#3915,.F.);
#5570=ORIENTED_EDGE('',*,*,#3973,.F.);
#5571=ORIENTED_EDGE('',*,*,#3974,.T.);
#5572=ORIENTED_EDGE('',*,*,#3864,.F.);
#5573=ORIENTED_EDGE('',*,*,#3975,.T.);
#5574=ORIENTED_EDGE('',*,*,#3609,.F.);
#5575=ORIENTED_EDGE('',*,*,#3875,.F.);
#5576=ORIENTED_EDGE('',*,*,#3882,.F.);
#5577=ORIENTED_EDGE('',*,*,#3976,.F.);
#5578=ORIENTED_EDGE('',*,*,#3607,.F.);
#5579=ORIENTED_EDGE('',*,*,#3959,.F.);
#5580=ORIENTED_EDGE('',*,*,#3934,.F.);
#5581=ORIENTED_EDGE('',*,*,#3861,.F.);
#5582=ORIENTED_EDGE('',*,*,#3977,.T.);
#5583=ORIENTED_EDGE('',*,*,#3973,.T.);
#5584=ORIENTED_EDGE('',*,*,#3608,.F.);
#5585=ORIENTED_EDGE('',*,*,#3978,.F.);
#5586=ORIENTED_EDGE('',*,*,#3978,.T.);
#5587=ORIENTED_EDGE('',*,*,#3976,.T.);
#5588=ORIENTED_EDGE('',*,*,#3979,.F.);
#5589=ORIENTED_EDGE('',*,*,#3979,.T.);
#5590=ORIENTED_EDGE('',*,*,#3881,.F.);
#5591=ORIENTED_EDGE('',*,*,#3980,.F.);
#5592=ORIENTED_EDGE('',*,*,#3862,.F.);
#5593=ORIENTED_EDGE('',*,*,#3630,.F.);
#5594=ORIENTED_EDGE('',*,*,#3981,.T.);
#5595=ORIENTED_EDGE('',*,*,#3863,.F.);
#5596=ORIENTED_EDGE('',*,*,#3982,.F.);
#5597=ORIENTED_EDGE('',*,*,#3982,.T.);
#5598=ORIENTED_EDGE('',*,*,#3980,.T.);
#5599=ORIENTED_EDGE('',*,*,#3983,.F.);
#5600=ORIENTED_EDGE('',*,*,#3899,.F.);
#5601=ORIENTED_EDGE('',*,*,#3631,.F.);
#5602=ORIENTED_EDGE('',*,*,#3983,.T.);
#5603=ORIENTED_EDGE('',*,*,#3880,.F.);
#5604=ORIENTED_EDGE('',*,*,#3984,.F.);
#5605=ORIENTED_EDGE('',*,*,#3895,.F.);
#5606=ORIENTED_EDGE('',*,*,#3901,.F.);
#5607=ORIENTED_EDGE('',*,*,#3635,.F.);
#5608=ORIENTED_EDGE('',*,*,#3985,.F.);
#5609=ORIENTED_EDGE('',*,*,#3984,.T.);
#5610=ORIENTED_EDGE('',*,*,#3986,.F.);
#5611=ORIENTED_EDGE('',*,*,#3898,.F.);
#5612=ORIENTED_EDGE('',*,*,#3871,.F.);
#5613=ORIENTED_EDGE('',*,*,#3987,.F.);
#5614=ORIENTED_EDGE('',*,*,#3633,.F.);
#5615=ORIENTED_EDGE('',*,*,#3986,.T.);
#5616=ORIENTED_EDGE('',*,*,#3634,.F.);
#5617=ORIENTED_EDGE('',*,*,#3988,.F.);
#5618=ORIENTED_EDGE('',*,*,#3856,.F.);
#5619=ORIENTED_EDGE('',*,*,#3985,.T.);
#5620=ORIENTED_EDGE('',*,*,#3855,.F.);
#5621=ORIENTED_EDGE('',*,*,#3989,.F.);
#5622=ORIENTED_EDGE('',*,*,#3896,.F.);
#5623=ORIENTED_EDGE('',*,*,#3890,.F.);
#5624=ORIENTED_EDGE('',*,*,#3897,.F.);
#5625=ORIENTED_EDGE('',*,*,#3990,.F.);
#5626=ORIENTED_EDGE('',*,*,#3854,.F.);
#5627=ORIENTED_EDGE('',*,*,#3963,.F.);
#5628=ORIENTED_EDGE('',*,*,#3906,.F.);
#5629=ORIENTED_EDGE('',*,*,#3988,.T.);
#5630=ORIENTED_EDGE('',*,*,#3987,.T.);
#5631=ORIENTED_EDGE('',*,*,#3991,.F.);
#5632=ORIENTED_EDGE('',*,*,#3990,.T.);
#5633=ORIENTED_EDGE('',*,*,#3989,.T.);
#5634=ORIENTED_EDGE('',*,*,#3992,.F.);
#5635=ORIENTED_EDGE('',*,*,#3991,.T.);
#5636=ORIENTED_EDGE('',*,*,#3870,.F.);
#5637=ORIENTED_EDGE('',*,*,#3993,.F.);
#5638=ORIENTED_EDGE('',*,*,#3857,.F.);
#5639=ORIENTED_EDGE('',*,*,#3992,.T.);
#5640=ORIENTED_EDGE('',*,*,#3858,.F.);
#5641=ORIENTED_EDGE('',*,*,#3994,.F.);
#5642=ORIENTED_EDGE('',*,*,#3851,.F.);
#5643=ORIENTED_EDGE('',*,*,#3994,.T.);
#5644=ORIENTED_EDGE('',*,*,#3993,.T.);
#5645=ORIENTED_EDGE('',*,*,#3995,.F.);
#5646=ORIENTED_EDGE('',*,*,#3964,.F.);
#5647=ORIENTED_EDGE('',*,*,#3852,.F.);
#5648=ORIENTED_EDGE('',*,*,#3995,.T.);
#5649=ORIENTED_EDGE('',*,*,#3869,.F.);
#5650=ORIENTED_EDGE('',*,*,#3878,.F.);
#5651=ORIENTED_EDGE('',*,*,#3928,.F.);
#5652=ORIENTED_EDGE('',*,*,#3900,.F.);
#5653=ORIENTED_EDGE('',*,*,#3886,.F.);
#5654=ORIENTED_EDGE('',*,*,#3996,.F.);
#5655=ORIENTED_EDGE('',*,*,#3637,.F.);
#5656=ORIENTED_EDGE('',*,*,#3845,.T.);
#5657=ORIENTED_EDGE('',*,*,#3996,.T.);
#5658=ORIENTED_EDGE('',*,*,#3997,.F.);
#5659=ORIENTED_EDGE('',*,*,#3997,.T.);
#5660=ORIENTED_EDGE('',*,*,#3885,.F.);
#5661=ORIENTED_EDGE('',*,*,#3998,.F.);
#5662=ORIENTED_EDGE('',*,*,#3655,.F.);
#5663=ORIENTED_EDGE('',*,*,#3849,.T.);
#5664=ORIENTED_EDGE('',*,*,#3998,.T.);
#5665=ORIENTED_EDGE('',*,*,#3999,.F.);
#5666=ORIENTED_EDGE('',*,*,#3800,.F.);
#5667=ORIENTED_EDGE('',*,*,#3619,.F.);
#5668=ORIENTED_EDGE('',*,*,#3999,.T.);
#5669=ORIENTED_EDGE('',*,*,#3884,.F.);
#5670=ORIENTED_EDGE('',*,*,#3893,.F.);
#5671=ORIENTED_EDGE('',*,*,#3902,.F.);
#5672=ORIENTED_EDGE('',*,*,#3222,.T.);
#5673=ORIENTED_EDGE('',*,*,#3647,.T.);
#5674=ORIENTED_EDGE('',*,*,#3224,.T.);
#5675=ORIENTED_EDGE('',*,*,#3252,.T.);
#5676=ORIENTED_EDGE('',*,*,#3866,.F.);
#5677=ORIENTED_EDGE('',*,*,#4000,.T.);
#5678=ORIENTED_EDGE('',*,*,#3859,.F.);
#5679=ORIENTED_EDGE('',*,*,#3981,.F.);
#5680=ORIENTED_EDGE('',*,*,#3629,.F.);
#5681=ORIENTED_EDGE('',*,*,#3666,.F.);
#5682=ORIENTED_EDGE('',*,*,#4001,.T.);
#5683=ORIENTED_EDGE('',*,*,#3227,.F.);
#5684=ORIENTED_EDGE('',*,*,#3457,.F.);
#5685=ORIENTED_EDGE('',*,*,#4002,.F.);
#5686=ORIENTED_EDGE('',*,*,#3257,.F.);
#5687=ORIENTED_EDGE('',*,*,#4002,.T.);
#5688=ORIENTED_EDGE('',*,*,#3565,.F.);
#5689=ORIENTED_EDGE('',*,*,#3410,.F.);
#5690=ORIENTED_EDGE('',*,*,#4001,.F.);
#5691=ORIENTED_EDGE('',*,*,#3665,.F.);
#5692=ORIENTED_EDGE('',*,*,#4003,.F.);
#5693=ORIENTED_EDGE('',*,*,#3867,.F.);
#5694=ORIENTED_EDGE('',*,*,#4003,.T.);
#5695=ORIENTED_EDGE('',*,*,#3818,.F.);
#5696=ORIENTED_EDGE('',*,*,#3975,.F.);
#5697=ORIENTED_EDGE('',*,*,#3233,.F.);
#5698=ORIENTED_EDGE('',*,*,#3259,.F.);
#5699=ORIENTED_EDGE('',*,*,#4004,.F.);
#5700=ORIENTED_EDGE('',*,*,#3268,.F.);
#5701=ORIENTED_EDGE('',*,*,#4004,.T.);
#5702=ORIENTED_EDGE('',*,*,#3411,.F.);
#5703=ORIENTED_EDGE('',*,*,#3414,.F.);
#5704=ORIENTED_EDGE('',*,*,#3623,.F.);
#5705=ORIENTED_EDGE('',*,*,#3676,.F.);
#5706=ORIENTED_EDGE('',*,*,#4005,.F.);
#5707=ORIENTED_EDGE('',*,*,#3670,.F.);
#5708=ORIENTED_EDGE('',*,*,#4005,.T.);
#5709=ORIENTED_EDGE('',*,*,#3822,.F.);
#5710=ORIENTED_EDGE('',*,*,#3819,.F.);
#5711=ORIENTED_EDGE('',*,*,#3977,.F.);
#5712=ORIENTED_EDGE('',*,*,#3860,.F.);
#5713=ORIENTED_EDGE('',*,*,#4000,.F.);
#5714=ORIENTED_EDGE('',*,*,#3865,.F.);
#5715=ORIENTED_EDGE('',*,*,#3974,.F.);
#5716=ORIENTED_EDGE('',*,*,#3563,.F.);
#5717=ORIENTED_EDGE('',*,*,#3455,.F.);
#5718=ORIENTED_EDGE('',*,*,#3571,.F.);
#5719=ORIENTED_EDGE('',*,*,#3452,.F.);
#5720=ORIENTED_EDGE('',*,*,#3567,.F.);
#5721=ORIENTED_EDGE('',*,*,#3416,.F.);
#5722=ORIENTED_EDGE('',*,*,#3254,.F.);
#5723=ORIENTED_EDGE('',*,*,#3420,.F.);
#5724=ORIENTED_EDGE('',*,*,#3267,.F.);
#5725=ORIENTED_EDGE('',*,*,#3413,.F.);
#5726=ORIENTED_EDGE('',*,*,#3820,.F.);
#5727=ORIENTED_EDGE('',*,*,#3674,.F.);
#5728=ORIENTED_EDGE('',*,*,#3828,.F.);
#5729=ORIENTED_EDGE('',*,*,#3661,.F.);
#5730=ORIENTED_EDGE('',*,*,#3824,.F.);
#5731=ORIENTED_EDGE('',*,*,#4006,.F.);
#5732=ORIENTED_EDGE('',*,*,#4007,.T.);
#5733=ORIENTED_EDGE('',*,*,#4008,.T.);
#5734=ORIENTED_EDGE('',*,*,#4007,.F.);
#5735=ORIENTED_EDGE('',*,*,#4009,.F.);
#5736=ORIENTED_EDGE('',*,*,#4010,.T.);
#5737=ORIENTED_EDGE('',*,*,#4011,.T.);
#5738=ORIENTED_EDGE('',*,*,#4010,.F.);
#5739=ORIENTED_EDGE('',*,*,#4011,.F.);
#5740=ORIENTED_EDGE('',*,*,#4006,.T.);
#5741=ORIENTED_EDGE('',*,*,#4009,.T.);
#5742=ORIENTED_EDGE('',*,*,#4008,.F.);
#5743=ORIENTED_EDGE('',*,*,#4012,.F.);
#5744=ORIENTED_EDGE('',*,*,#4013,.F.);
#5745=ORIENTED_EDGE('',*,*,#4014,.T.);
#5746=ORIENTED_EDGE('',*,*,#4015,.T.);
#5747=ORIENTED_EDGE('',*,*,#4016,.F.);
#5748=ORIENTED_EDGE('',*,*,#4017,.F.);
#5749=ORIENTED_EDGE('',*,*,#4018,.T.);
#5750=ORIENTED_EDGE('',*,*,#4013,.T.);
#5751=ORIENTED_EDGE('',*,*,#4019,.F.);
#5752=ORIENTED_EDGE('',*,*,#4020,.F.);
#5753=ORIENTED_EDGE('',*,*,#4021,.T.);
#5754=ORIENTED_EDGE('',*,*,#4017,.T.);
#5755=ORIENTED_EDGE('',*,*,#4022,.F.);
#5756=ORIENTED_EDGE('',*,*,#4015,.F.);
#5757=ORIENTED_EDGE('',*,*,#4023,.T.);
#5758=ORIENTED_EDGE('',*,*,#4020,.T.);
#5759=ORIENTED_EDGE('',*,*,#4014,.F.);
#5760=ORIENTED_EDGE('',*,*,#4018,.F.);
#5761=ORIENTED_EDGE('',*,*,#4021,.F.);
#5762=ORIENTED_EDGE('',*,*,#4023,.F.);
#5763=ORIENTED_EDGE('',*,*,#4024,.T.);
#5764=ORIENTED_EDGE('',*,*,#4025,.T.);
#5765=ORIENTED_EDGE('',*,*,#4026,.T.);
#5766=ORIENTED_EDGE('',*,*,#4027,.T.);
#5767=ORIENTED_EDGE('',*,*,#4012,.T.);
#5768=ORIENTED_EDGE('',*,*,#4022,.T.);
#5769=ORIENTED_EDGE('',*,*,#4019,.T.);
#5770=ORIENTED_EDGE('',*,*,#4016,.T.);
#5771=ORIENTED_EDGE('',*,*,#4028,.F.);
#5772=ORIENTED_EDGE('',*,*,#4029,.F.);
#5773=ORIENTED_EDGE('',*,*,#4030,.F.);
#5774=ORIENTED_EDGE('',*,*,#4031,.F.);
#5775=ORIENTED_EDGE('',*,*,#4028,.T.);
#5776=ORIENTED_EDGE('',*,*,#4032,.F.);
#5777=ORIENTED_EDGE('',*,*,#4025,.F.);
#5778=ORIENTED_EDGE('',*,*,#4033,.T.);
#5779=ORIENTED_EDGE('',*,*,#4029,.T.);
#5780=ORIENTED_EDGE('',*,*,#4033,.F.);
#5781=ORIENTED_EDGE('',*,*,#4024,.F.);
#5782=ORIENTED_EDGE('',*,*,#4034,.T.);
#5783=ORIENTED_EDGE('',*,*,#4030,.T.);
#5784=ORIENTED_EDGE('',*,*,#4034,.F.);
#5785=ORIENTED_EDGE('',*,*,#4027,.F.);
#5786=ORIENTED_EDGE('',*,*,#4035,.T.);
#5787=ORIENTED_EDGE('',*,*,#4031,.T.);
#5788=ORIENTED_EDGE('',*,*,#4035,.F.);
#5789=ORIENTED_EDGE('',*,*,#4026,.F.);
#5790=ORIENTED_EDGE('',*,*,#4032,.T.);
#5791=ORIENTED_EDGE('',*,*,#4036,.F.);
#5792=ORIENTED_EDGE('',*,*,#4037,.T.);
#5793=ORIENTED_EDGE('',*,*,#4038,.T.);
#5794=ORIENTED_EDGE('',*,*,#4037,.F.);
#5795=ORIENTED_EDGE('',*,*,#4039,.T.);
#5796=ORIENTED_EDGE('',*,*,#4040,.T.);
#5797=ORIENTED_EDGE('',*,*,#4041,.F.);
#5798=ORIENTED_EDGE('',*,*,#4042,.T.);
#5799=ORIENTED_EDGE('',*,*,#4043,.F.);
#5800=ORIENTED_EDGE('',*,*,#4044,.T.);
#5801=ORIENTED_EDGE('',*,*,#4045,.T.);
#5802=ORIENTED_EDGE('',*,*,#4046,.T.);
#5803=ORIENTED_EDGE('',*,*,#4047,.F.);
#5804=ORIENTED_EDGE('',*,*,#4048,.T.);
#5805=ORIENTED_EDGE('',*,*,#4049,.T.);
#5806=ORIENTED_EDGE('',*,*,#4050,.F.);
#5807=ORIENTED_EDGE('',*,*,#4051,.F.);
#5808=ORIENTED_EDGE('',*,*,#4052,.T.);
#5809=ORIENTED_EDGE('',*,*,#4053,.F.);
#5810=ORIENTED_EDGE('',*,*,#4050,.T.);
#5811=ORIENTED_EDGE('',*,*,#4054,.T.);
#5812=ORIENTED_EDGE('',*,*,#4042,.F.);
#5813=ORIENTED_EDGE('',*,*,#4055,.F.);
#5814=ORIENTED_EDGE('',*,*,#4056,.F.);
#5815=ORIENTED_EDGE('',*,*,#4057,.F.);
#5816=ORIENTED_EDGE('',*,*,#4058,.F.);
#5817=ORIENTED_EDGE('',*,*,#4059,.F.);
#5818=ORIENTED_EDGE('',*,*,#4055,.T.);
#5819=ORIENTED_EDGE('',*,*,#4041,.T.);
#5820=ORIENTED_EDGE('',*,*,#4060,.T.);
#5821=ORIENTED_EDGE('',*,*,#4043,.T.);
#5822=ORIENTED_EDGE('',*,*,#4061,.T.);
#5823=ORIENTED_EDGE('',*,*,#4047,.T.);
#5824=ORIENTED_EDGE('',*,*,#4053,.T.);
#5825=ORIENTED_EDGE('',*,*,#4045,.F.);
#5826=ORIENTED_EDGE('',*,*,#4062,.T.);
#5827=ORIENTED_EDGE('',*,*,#4039,.F.);
#5828=ORIENTED_EDGE('',*,*,#4054,.F.);
#5829=ORIENTED_EDGE('',*,*,#4049,.F.);
#5830=ORIENTED_EDGE('',*,*,#4063,.T.);
#5831=ORIENTED_EDGE('',*,*,#4060,.F.);
#5832=ORIENTED_EDGE('',*,*,#4040,.F.);
#5833=ORIENTED_EDGE('',*,*,#4062,.F.);
#5834=ORIENTED_EDGE('',*,*,#4044,.F.);
#5835=ORIENTED_EDGE('',*,*,#4061,.F.);
#5836=ORIENTED_EDGE('',*,*,#4046,.F.);
#5837=ORIENTED_EDGE('',*,*,#4063,.F.);
#5838=ORIENTED_EDGE('',*,*,#4048,.F.);
#5839=ORIENTED_EDGE('',*,*,#4057,.T.);
#5840=ORIENTED_EDGE('',*,*,#4052,.F.);
#5841=ORIENTED_EDGE('',*,*,#4064,.F.);
#5842=ORIENTED_EDGE('',*,*,#4065,.T.);
#5843=ORIENTED_EDGE('',*,*,#4058,.T.);
#5844=ORIENTED_EDGE('',*,*,#4065,.F.);
#5845=ORIENTED_EDGE('',*,*,#4066,.F.);
#5846=ORIENTED_EDGE('',*,*,#4067,.T.);
#5847=ORIENTED_EDGE('',*,*,#4059,.T.);
#5848=ORIENTED_EDGE('',*,*,#4067,.F.);
#5849=ORIENTED_EDGE('',*,*,#4068,.F.);
#5850=ORIENTED_EDGE('',*,*,#4056,.T.);
#5851=ORIENTED_EDGE('',*,*,#4051,.T.);
#5852=ORIENTED_EDGE('',*,*,#4068,.T.);
#5853=ORIENTED_EDGE('',*,*,#4066,.T.);
#5854=ORIENTED_EDGE('',*,*,#4064,.T.);
#5855=ORIENTED_EDGE('',*,*,#4038,.F.);
#5856=ORIENTED_EDGE('',*,*,#4036,.T.);
#5857=CYLINDRICAL_SURFACE('',#6386,2.3);
#5858=CYLINDRICAL_SURFACE('',#6405,4.75);
#5859=CYLINDRICAL_SURFACE('',#6474,0.13);
#5860=CYLINDRICAL_SURFACE('',#6475,0.13);
#5861=CYLINDRICAL_SURFACE('',#6476,0.13);
#5862=CYLINDRICAL_SURFACE('',#6478,0.13);
#5863=CYLINDRICAL_SURFACE('',#6480,0.13);
#5864=CYLINDRICAL_SURFACE('',#6481,0.13);
#5865=CYLINDRICAL_SURFACE('',#6482,0.13);
#5866=CYLINDRICAL_SURFACE('',#6483,0.13);
#5867=CYLINDRICAL_SURFACE('',#6484,0.13);
#5868=CYLINDRICAL_SURFACE('',#6485,0.13);
#5869=CYLINDRICAL_SURFACE('',#6486,0.13);
#5870=CYLINDRICAL_SURFACE('',#6488,0.13);
#5871=CYLINDRICAL_SURFACE('',#6490,0.51);
#5872=CYLINDRICAL_SURFACE('',#6493,0.51);
#5873=CYLINDRICAL_SURFACE('',#6497,0.51);
#5874=CYLINDRICAL_SURFACE('',#6499,0.51);
#5875=CYLINDRICAL_SURFACE('',#6504,0.51);
#5876=CYLINDRICAL_SURFACE('',#6506,0.51);
#5877=CYLINDRICAL_SURFACE('',#6511,0.51);
#5878=CYLINDRICAL_SURFACE('',#6512,0.51);
#5879=CYLINDRICAL_SURFACE('',#6517,0.51);
#5880=CYLINDRICAL_SURFACE('',#6519,0.51);
#5881=CYLINDRICAL_SURFACE('',#6521,0.51);
#5882=CYLINDRICAL_SURFACE('',#6523,0.51);
#5883=CYLINDRICAL_SURFACE('',#6529,0.51);
#5884=CYLINDRICAL_SURFACE('',#6531,0.51);
#5885=CYLINDRICAL_SURFACE('',#6535,0.51);
#5886=CYLINDRICAL_SURFACE('',#6536,0.51);
#5887=CYLINDRICAL_SURFACE('',#6538,0.51);
#5888=CYLINDRICAL_SURFACE('',#6543,0.51);
#5889=CYLINDRICAL_SURFACE('',#6545,0.51);
#5890=CYLINDRICAL_SURFACE('',#6550,0.51);
#5891=CYLINDRICAL_SURFACE('',#6610,0.13);
#5892=CYLINDRICAL_SURFACE('',#6611,0.13);
#5893=CYLINDRICAL_SURFACE('',#6612,0.13);
#5894=CYLINDRICAL_SURFACE('',#6613,0.13);
#5895=CYLINDRICAL_SURFACE('',#6614,0.13);
#5896=CYLINDRICAL_SURFACE('',#6615,0.13);
#5897=CYLINDRICAL_SURFACE('',#6616,0.13);
#5898=CYLINDRICAL_SURFACE('',#6617,0.13);
#5899=CYLINDRICAL_SURFACE('',#6618,0.51);
#5900=CYLINDRICAL_SURFACE('',#6622,0.51);
#5901=CYLINDRICAL_SURFACE('',#6624,0.51);
#5902=CYLINDRICAL_SURFACE('',#6629,0.51);
#5903=CYLINDRICAL_SURFACE('',#6631,0.51);
#5904=CYLINDRICAL_SURFACE('',#6636,0.51);
#5905=CYLINDRICAL_SURFACE('',#6637,0.51);
#5906=CYLINDRICAL_SURFACE('',#6642,0.51);
#5907=CYLINDRICAL_SURFACE('',#6644,0.51);
#5908=CYLINDRICAL_SURFACE('',#6646,0.51);
#5909=CYLINDRICAL_SURFACE('',#6648,0.51);
#5910=CYLINDRICAL_SURFACE('',#6654,0.51);
#5911=CYLINDRICAL_SURFACE('',#6656,0.51);
#5912=CYLINDRICAL_SURFACE('',#6660,0.51);
#5913=CYLINDRICAL_SURFACE('',#6661,0.51);
#5914=CYLINDRICAL_SURFACE('',#6665,0.51);
#5915=CYLINDRICAL_SURFACE('',#6669,0.51);
#5916=CYLINDRICAL_SURFACE('',#6684,4.75);
#5917=CYLINDRICAL_SURFACE('',#6753,0.13);
#5918=CYLINDRICAL_SURFACE('',#6754,0.13);
#5919=CYLINDRICAL_SURFACE('',#6755,0.13);
#5920=CYLINDRICAL_SURFACE('',#6757,0.13);
#5921=CYLINDRICAL_SURFACE('',#6759,0.13);
#5922=CYLINDRICAL_SURFACE('',#6760,0.13);
#5923=CYLINDRICAL_SURFACE('',#6761,0.13);
#5924=CYLINDRICAL_SURFACE('',#6762,0.13);
#5925=CYLINDRICAL_SURFACE('',#6763,0.13);
#5926=CYLINDRICAL_SURFACE('',#6764,0.13);
#5927=CYLINDRICAL_SURFACE('',#6765,0.13);
#5928=CYLINDRICAL_SURFACE('',#6767,0.13);
#5929=CYLINDRICAL_SURFACE('',#6769,0.51);
#5930=CYLINDRICAL_SURFACE('',#6772,0.51);
#5931=CYLINDRICAL_SURFACE('',#6776,0.51);
#5932=CYLINDRICAL_SURFACE('',#6778,0.51);
#5933=CYLINDRICAL_SURFACE('',#6783,0.51);
#5934=CYLINDRICAL_SURFACE('',#6785,0.51);
#5935=CYLINDRICAL_SURFACE('',#6790,0.51);
#5936=CYLINDRICAL_SURFACE('',#6791,0.51);
#5937=CYLINDRICAL_SURFACE('',#6796,0.51);
#5938=CYLINDRICAL_SURFACE('',#6798,0.51);
#5939=CYLINDRICAL_SURFACE('',#6800,0.51);
#5940=CYLINDRICAL_SURFACE('',#6802,0.51);
#5941=CYLINDRICAL_SURFACE('',#6808,0.51);
#5942=CYLINDRICAL_SURFACE('',#6810,0.51);
#5943=CYLINDRICAL_SURFACE('',#6814,0.51);
#5944=CYLINDRICAL_SURFACE('',#6815,0.51);
#5945=CYLINDRICAL_SURFACE('',#6817,0.51);
#5946=CYLINDRICAL_SURFACE('',#6822,0.51);
#5947=CYLINDRICAL_SURFACE('',#6824,0.51);
#5948=CYLINDRICAL_SURFACE('',#6829,0.51);
#5949=CYLINDRICAL_SURFACE('',#6889,0.13);
#5950=CYLINDRICAL_SURFACE('',#6890,0.13);
#5951=CYLINDRICAL_SURFACE('',#6891,0.13);
#5952=CYLINDRICAL_SURFACE('',#6892,0.13);
#5953=CYLINDRICAL_SURFACE('',#6893,0.13);
#5954=CYLINDRICAL_SURFACE('',#6894,0.13);
#5955=CYLINDRICAL_SURFACE('',#6895,0.13);
#5956=CYLINDRICAL_SURFACE('',#6896,0.13);
#5957=CYLINDRICAL_SURFACE('',#6897,0.51);
#5958=CYLINDRICAL_SURFACE('',#6901,0.51);
#5959=CYLINDRICAL_SURFACE('',#6903,0.51);
#5960=CYLINDRICAL_SURFACE('',#6908,0.51);
#5961=CYLINDRICAL_SURFACE('',#6910,0.51);
#5962=CYLINDRICAL_SURFACE('',#6915,0.51);
#5963=CYLINDRICAL_SURFACE('',#6916,0.51);
#5964=CYLINDRICAL_SURFACE('',#6921,0.51);
#5965=CYLINDRICAL_SURFACE('',#6923,0.51);
#5966=CYLINDRICAL_SURFACE('',#6925,0.51);
#5967=CYLINDRICAL_SURFACE('',#6927,0.51);
#5968=CYLINDRICAL_SURFACE('',#6933,0.51);
#5969=CYLINDRICAL_SURFACE('',#6935,0.51);
#5970=CYLINDRICAL_SURFACE('',#6939,0.51);
#5971=CYLINDRICAL_SURFACE('',#6940,0.51);
#5972=CYLINDRICAL_SURFACE('',#6944,0.51);
#5973=CYLINDRICAL_SURFACE('',#6948,0.51);
#5974=CYLINDRICAL_SURFACE('',#6949,2.895);
#5975=CYLINDRICAL_SURFACE('',#6953,0.51);
#5976=CYLINDRICAL_SURFACE('',#6956,0.51);
#5977=CYLINDRICAL_SURFACE('',#6959,0.51);
#5978=CYLINDRICAL_SURFACE('',#6962,0.51);
#5979=CYLINDRICAL_SURFACE('',#6965,0.51);
#5980=CYLINDRICAL_SURFACE('',#6966,0.51);
#5981=CYLINDRICAL_SURFACE('',#6967,0.51);
#5982=CYLINDRICAL_SURFACE('',#6968,0.51);
#5983=CYLINDRICAL_SURFACE('',#6970,2.895);
#5984=CYLINDRICAL_SURFACE('',#6973,4.745);
#5985=CYLINDRICAL_SURFACE('',#6990,2.26);
#5986=CYLINDRICAL_SURFACE('',#7004,0.79);
#5987=CYLINDRICAL_SURFACE('',#7005,0.79);
#5988=CYLINDRICAL_SURFACE('',#7007,5.155);
#5989=ADVANCED_FACE('',(#438),#5857,.F.);
#5990=ADVANCED_FACE('',(#439),#260,.T.);
#5991=ADVANCED_FACE('',(#440),#261,.T.);
#5992=ADVANCED_FACE('',(#441),#262,.T.);
#5993=ADVANCED_FACE('',(#442),#263,.T.);
#5994=ADVANCED_FACE('',(#443),#264,.T.);
#5995=ADVANCED_FACE('',(#444),#265,.T.);
#5996=ADVANCED_FACE('',(#445,#251),#266,.T.);
#5997=ADVANCED_FACE('',(#446),#267,.T.);
#5998=ADVANCED_FACE('',(#447),#268,.T.);
#5999=ADVANCED_FACE('',(#448,#252),#269,.T.);
#6000=ADVANCED_FACE('',(#449),#270,.T.);
#6001=ADVANCED_FACE('',(#450),#5858,.T.);
#6002=ADVANCED_FACE('',(#451),#271,.F.);
#6003=ADVANCED_FACE('',(#452),#272,.F.);
#6004=ADVANCED_FACE('',(#453),#273,.F.);
#6005=ADVANCED_FACE('',(#454),#274,.F.);
#6006=ADVANCED_FACE('',(#455),#275,.F.);
#6007=ADVANCED_FACE('',(#456),#276,.F.);
#6008=ADVANCED_FACE('',(#457),#277,.F.);
#6009=ADVANCED_FACE('',(#458),#278,.T.);
#6010=ADVANCED_FACE('',(#459),#279,.T.);
#6011=ADVANCED_FACE('',(#460),#280,.F.);
#6012=ADVANCED_FACE('',(#461),#281,.F.);
#6013=ADVANCED_FACE('',(#462),#282,.F.);
#6014=ADVANCED_FACE('',(#463),#283,.T.);
#6015=ADVANCED_FACE('',(#464),#284,.F.);
#6016=ADVANCED_FACE('',(#465),#285,.F.);
#6017=ADVANCED_FACE('',(#466),#286,.F.);
#6018=ADVANCED_FACE('',(#467),#287,.F.);
#6019=ADVANCED_FACE('',(#468),#288,.F.);
#6020=ADVANCED_FACE('',(#469),#289,.F.);
#6021=ADVANCED_FACE('',(#470),#290,.F.);
#6022=ADVANCED_FACE('',(#471),#291,.F.);
#6023=ADVANCED_FACE('',(#472),#292,.F.);
#6024=ADVANCED_FACE('',(#473),#293,.F.);
#6025=ADVANCED_FACE('',(#474),#294,.F.);
#6026=ADVANCED_FACE('',(#475),#295,.F.);
#6027=ADVANCED_FACE('',(#476),#296,.F.);
#6028=ADVANCED_FACE('',(#477),#297,.F.);
#6029=ADVANCED_FACE('',(#478),#298,.F.);
#6030=ADVANCED_FACE('',(#479),#299,.F.);
#6031=ADVANCED_FACE('',(#480),#300,.F.);
#6032=ADVANCED_FACE('',(#481),#301,.F.);
#6033=ADVANCED_FACE('',(#482),#302,.F.);
#6034=ADVANCED_FACE('',(#483),#303,.F.);
#6035=ADVANCED_FACE('',(#484),#304,.F.);
#6036=ADVANCED_FACE('',(#485),#305,.F.);
#6037=ADVANCED_FACE('',(#486),#5859,.T.);
#6038=ADVANCED_FACE('',(#487),#5860,.T.);
#6039=ADVANCED_FACE('',(#488),#5861,.T.);
#6040=ADVANCED_FACE('',(#489),#5862,.F.);
#6041=ADVANCED_FACE('',(#490),#5863,.F.);
#6042=ADVANCED_FACE('',(#491),#5864,.F.);
#6043=ADVANCED_FACE('',(#492),#5865,.T.);
#6044=ADVANCED_FACE('',(#493),#5866,.F.);
#6045=ADVANCED_FACE('',(#494),#5867,.F.);
#6046=ADVANCED_FACE('',(#495),#5868,.T.);
#6047=ADVANCED_FACE('',(#496),#5869,.T.);
#6048=ADVANCED_FACE('',(#497),#5870,.F.);
#6049=ADVANCED_FACE('',(#498),#5871,.T.);
#6050=ADVANCED_FACE('',(#499),#5872,.T.);
#6051=ADVANCED_FACE('',(#500),#5873,.T.);
#6052=ADVANCED_FACE('',(#501),#5874,.T.);
#6053=ADVANCED_FACE('',(#502),#43,.T.);
#6054=ADVANCED_FACE('',(#503),#5875,.T.);
#6055=ADVANCED_FACE('',(#504),#5876,.T.);
#6056=ADVANCED_FACE('',(#505),#44,.T.);
#6057=ADVANCED_FACE('',(#506),#5877,.T.);
#6058=ADVANCED_FACE('',(#507),#5878,.T.);
#6059=ADVANCED_FACE('',(#508),#45,.T.);
#6060=ADVANCED_FACE('',(#509),#5879,.T.);
#6061=ADVANCED_FACE('',(#510),#5880,.T.);
#6062=ADVANCED_FACE('',(#511),#5881,.T.);
#6063=ADVANCED_FACE('',(#512),#5882,.T.);
#6064=ADVANCED_FACE('',(#513),#46,.T.);
#6065=ADVANCED_FACE('',(#514),#47,.T.);
#6066=ADVANCED_FACE('',(#515),#5883,.T.);
#6067=ADVANCED_FACE('',(#516),#5884,.T.);
#6068=ADVANCED_FACE('',(#517),#48,.T.);
#6069=ADVANCED_FACE('',(#518),#5885,.T.);
#6070=ADVANCED_FACE('',(#519),#5886,.T.);
#6071=ADVANCED_FACE('',(#520),#5887,.T.);
#6072=ADVANCED_FACE('',(#521),#49,.T.);
#6073=ADVANCED_FACE('',(#522),#5888,.T.);
#6074=ADVANCED_FACE('',(#523),#5889,.T.);
#6075=ADVANCED_FACE('',(#524),#50,.T.);
#6076=ADVANCED_FACE('',(#525),#5890,.T.);
#6077=ADVANCED_FACE('',(#526),#306,.T.);
#6078=ADVANCED_FACE('',(#527),#307,.T.);
#6079=ADVANCED_FACE('',(#528),#308,.T.);
#6080=ADVANCED_FACE('',(#529),#309,.T.);
#6081=ADVANCED_FACE('',(#530),#310,.F.);
#6082=ADVANCED_FACE('',(#531),#311,.F.);
#6083=ADVANCED_FACE('',(#532),#312,.F.);
#6084=ADVANCED_FACE('',(#533),#313,.F.);
#6085=ADVANCED_FACE('',(#534),#314,.F.);
#6086=ADVANCED_FACE('',(#535),#315,.F.);
#6087=ADVANCED_FACE('',(#536),#316,.F.);
#6088=ADVANCED_FACE('',(#537),#317,.T.);
#6089=ADVANCED_FACE('',(#538),#318,.T.);
#6090=ADVANCED_FACE('',(#539),#319,.F.);
#6091=ADVANCED_FACE('',(#540),#320,.F.);
#6092=ADVANCED_FACE('',(#541),#321,.F.);
#6093=ADVANCED_FACE('',(#542),#322,.F.);
#6094=ADVANCED_FACE('',(#543),#323,.F.);
#6095=ADVANCED_FACE('',(#544),#324,.F.);
#6096=ADVANCED_FACE('',(#545),#325,.F.);
#6097=ADVANCED_FACE('',(#546),#326,.F.);
#6098=ADVANCED_FACE('',(#547),#327,.F.);
#6099=ADVANCED_FACE('',(#548),#328,.F.);
#6100=ADVANCED_FACE('',(#549),#329,.F.);
#6101=ADVANCED_FACE('',(#550),#330,.F.);
#6102=ADVANCED_FACE('',(#551),#331,.F.);
#6103=ADVANCED_FACE('',(#552),#332,.F.);
#6104=ADVANCED_FACE('',(#553),#333,.F.);
#6105=ADVANCED_FACE('',(#554),#334,.F.);
#6106=ADVANCED_FACE('',(#555),#335,.F.);
#6107=ADVANCED_FACE('',(#556),#336,.F.);
#6108=ADVANCED_FACE('',(#557),#337,.F.);
#6109=ADVANCED_FACE('',(#558),#5891,.T.);
#6110=ADVANCED_FACE('',(#559),#5892,.T.);
#6111=ADVANCED_FACE('',(#560),#5893,.F.);
#6112=ADVANCED_FACE('',(#561),#5894,.F.);
#6113=ADVANCED_FACE('',(#562),#5895,.T.);
#6114=ADVANCED_FACE('',(#563),#5896,.F.);
#6115=ADVANCED_FACE('',(#564),#5897,.F.);
#6116=ADVANCED_FACE('',(#565),#5898,.T.);
#6117=ADVANCED_FACE('',(#566),#5899,.T.);
#6118=ADVANCED_FACE('',(#567),#5900,.T.);
#6119=ADVANCED_FACE('',(#568),#5901,.T.);
#6120=ADVANCED_FACE('',(#569),#51,.T.);
#6121=ADVANCED_FACE('',(#570),#5902,.T.);
#6122=ADVANCED_FACE('',(#571),#5903,.T.);
#6123=ADVANCED_FACE('',(#572),#52,.T.);
#6124=ADVANCED_FACE('',(#573),#5904,.T.);
#6125=ADVANCED_FACE('',(#574),#5905,.T.);
#6126=ADVANCED_FACE('',(#575),#53,.T.);
#6127=ADVANCED_FACE('',(#576),#5906,.T.);
#6128=ADVANCED_FACE('',(#577),#5907,.T.);
#6129=ADVANCED_FACE('',(#578),#5908,.T.);
#6130=ADVANCED_FACE('',(#579),#5909,.T.);
#6131=ADVANCED_FACE('',(#580),#54,.T.);
#6132=ADVANCED_FACE('',(#581),#55,.T.);
#6133=ADVANCED_FACE('',(#582),#5910,.T.);
#6134=ADVANCED_FACE('',(#583),#5911,.T.);
#6135=ADVANCED_FACE('',(#584),#56,.T.);
#6136=ADVANCED_FACE('',(#585),#5912,.T.);
#6137=ADVANCED_FACE('',(#586),#5913,.T.);
#6138=ADVANCED_FACE('',(#587),#57,.T.);
#6139=ADVANCED_FACE('',(#588),#5914,.T.);
#6140=ADVANCED_FACE('',(#589),#58,.T.);
#6141=ADVANCED_FACE('',(#590),#5915,.T.);
#6142=ADVANCED_FACE('',(#591),#338,.T.);
#6143=ADVANCED_FACE('',(#592),#339,.T.);
#6144=ADVANCED_FACE('',(#593,#253),#340,.T.);
#6145=ADVANCED_FACE('',(#594),#341,.T.);
#6146=ADVANCED_FACE('',(#595),#342,.T.);
#6147=ADVANCED_FACE('',(#596),#343,.T.);
#6148=ADVANCED_FACE('',(#597),#344,.T.);
#6149=ADVANCED_FACE('',(#598),#345,.T.);
#6150=ADVANCED_FACE('',(#599,#254),#346,.T.);
#6151=ADVANCED_FACE('',(#600),#347,.T.);
#6152=ADVANCED_FACE('',(#601),#5916,.T.);
#6153=ADVANCED_FACE('',(#602),#348,.F.);
#6154=ADVANCED_FACE('',(#603),#349,.F.);
#6155=ADVANCED_FACE('',(#604),#350,.F.);
#6156=ADVANCED_FACE('',(#605),#351,.F.);
#6157=ADVANCED_FACE('',(#606),#352,.F.);
#6158=ADVANCED_FACE('',(#607),#353,.F.);
#6159=ADVANCED_FACE('',(#608),#354,.F.);
#6160=ADVANCED_FACE('',(#609),#355,.T.);
#6161=ADVANCED_FACE('',(#610),#356,.T.);
#6162=ADVANCED_FACE('',(#611),#357,.F.);
#6163=ADVANCED_FACE('',(#612),#358,.F.);
#6164=ADVANCED_FACE('',(#613),#359,.F.);
#6165=ADVANCED_FACE('',(#614),#360,.T.);
#6166=ADVANCED_FACE('',(#615),#361,.F.);
#6167=ADVANCED_FACE('',(#616),#362,.F.);
#6168=ADVANCED_FACE('',(#617),#363,.F.);
#6169=ADVANCED_FACE('',(#618),#364,.F.);
#6170=ADVANCED_FACE('',(#619),#365,.F.);
#6171=ADVANCED_FACE('',(#620),#366,.F.);
#6172=ADVANCED_FACE('',(#621),#367,.F.);
#6173=ADVANCED_FACE('',(#622),#368,.F.);
#6174=ADVANCED_FACE('',(#623),#369,.F.);
#6175=ADVANCED_FACE('',(#624),#370,.F.);
#6176=ADVANCED_FACE('',(#625),#371,.F.);
#6177=ADVANCED_FACE('',(#626),#372,.F.);
#6178=ADVANCED_FACE('',(#627),#373,.F.);
#6179=ADVANCED_FACE('',(#628),#374,.F.);
#6180=ADVANCED_FACE('',(#629),#375,.F.);
#6181=ADVANCED_FACE('',(#630),#376,.F.);
#6182=ADVANCED_FACE('',(#631),#377,.F.);
#6183=ADVANCED_FACE('',(#632),#378,.F.);
#6184=ADVANCED_FACE('',(#633),#379,.F.);
#6185=ADVANCED_FACE('',(#634),#380,.F.);
#6186=ADVANCED_FACE('',(#635),#381,.F.);
#6187=ADVANCED_FACE('',(#636),#382,.F.);
#6188=ADVANCED_FACE('',(#637),#5917,.T.);
#6189=ADVANCED_FACE('',(#638),#5918,.T.);
#6190=ADVANCED_FACE('',(#639),#5919,.T.);
#6191=ADVANCED_FACE('',(#640),#5920,.F.);
#6192=ADVANCED_FACE('',(#641),#5921,.F.);
#6193=ADVANCED_FACE('',(#642),#5922,.F.);
#6194=ADVANCED_FACE('',(#643),#5923,.T.);
#6195=ADVANCED_FACE('',(#644),#5924,.F.);
#6196=ADVANCED_FACE('',(#645),#5925,.F.);
#6197=ADVANCED_FACE('',(#646),#5926,.T.);
#6198=ADVANCED_FACE('',(#647),#5927,.T.);
#6199=ADVANCED_FACE('',(#648),#5928,.F.);
#6200=ADVANCED_FACE('',(#649),#5929,.T.);
#6201=ADVANCED_FACE('',(#650),#5930,.T.);
#6202=ADVANCED_FACE('',(#651),#5931,.T.);
#6203=ADVANCED_FACE('',(#652),#5932,.T.);
#6204=ADVANCED_FACE('',(#653),#59,.T.);
#6205=ADVANCED_FACE('',(#654),#5933,.T.);
#6206=ADVANCED_FACE('',(#655),#5934,.T.);
#6207=ADVANCED_FACE('',(#656),#60,.T.);
#6208=ADVANCED_FACE('',(#657),#5935,.T.);
#6209=ADVANCED_FACE('',(#658),#5936,.T.);
#6210=ADVANCED_FACE('',(#659),#61,.T.);
#6211=ADVANCED_FACE('',(#660),#5937,.T.);
#6212=ADVANCED_FACE('',(#661),#5938,.T.);
#6213=ADVANCED_FACE('',(#662),#5939,.T.);
#6214=ADVANCED_FACE('',(#663),#5940,.T.);
#6215=ADVANCED_FACE('',(#664),#62,.T.);
#6216=ADVANCED_FACE('',(#665),#63,.T.);
#6217=ADVANCED_FACE('',(#666),#5941,.T.);
#6218=ADVANCED_FACE('',(#667),#5942,.T.);
#6219=ADVANCED_FACE('',(#668),#64,.T.);
#6220=ADVANCED_FACE('',(#669),#5943,.T.);
#6221=ADVANCED_FACE('',(#670),#5944,.T.);
#6222=ADVANCED_FACE('',(#671),#5945,.T.);
#6223=ADVANCED_FACE('',(#672),#65,.T.);
#6224=ADVANCED_FACE('',(#673),#5946,.T.);
#6225=ADVANCED_FACE('',(#674),#5947,.T.);
#6226=ADVANCED_FACE('',(#675),#66,.T.);
#6227=ADVANCED_FACE('',(#676),#5948,.T.);
#6228=ADVANCED_FACE('',(#677),#383,.T.);
#6229=ADVANCED_FACE('',(#678),#384,.T.);
#6230=ADVANCED_FACE('',(#679),#385,.T.);
#6231=ADVANCED_FACE('',(#680),#386,.T.);
#6232=ADVANCED_FACE('',(#681),#387,.F.);
#6233=ADVANCED_FACE('',(#682),#388,.F.);
#6234=ADVANCED_FACE('',(#683),#389,.F.);
#6235=ADVANCED_FACE('',(#684),#390,.F.);
#6236=ADVANCED_FACE('',(#685),#391,.F.);
#6237=ADVANCED_FACE('',(#686),#392,.F.);
#6238=ADVANCED_FACE('',(#687),#393,.F.);
#6239=ADVANCED_FACE('',(#688),#394,.T.);
#6240=ADVANCED_FACE('',(#689),#395,.T.);
#6241=ADVANCED_FACE('',(#690),#396,.F.);
#6242=ADVANCED_FACE('',(#691),#397,.F.);
#6243=ADVANCED_FACE('',(#692),#398,.F.);
#6244=ADVANCED_FACE('',(#693),#399,.F.);
#6245=ADVANCED_FACE('',(#694),#400,.F.);
#6246=ADVANCED_FACE('',(#695),#401,.F.);
#6247=ADVANCED_FACE('',(#696),#402,.F.);
#6248=ADVANCED_FACE('',(#697),#403,.F.);
#6249=ADVANCED_FACE('',(#698),#404,.F.);
#6250=ADVANCED_FACE('',(#699),#405,.F.);
#6251=ADVANCED_FACE('',(#700),#406,.F.);
#6252=ADVANCED_FACE('',(#701),#407,.F.);
#6253=ADVANCED_FACE('',(#702),#408,.F.);
#6254=ADVANCED_FACE('',(#703),#409,.F.);
#6255=ADVANCED_FACE('',(#704),#410,.F.);
#6256=ADVANCED_FACE('',(#705),#411,.F.);
#6257=ADVANCED_FACE('',(#706),#412,.F.);
#6258=ADVANCED_FACE('',(#707),#413,.F.);
#6259=ADVANCED_FACE('',(#708),#414,.F.);
#6260=ADVANCED_FACE('',(#709),#5949,.T.);
#6261=ADVANCED_FACE('',(#710),#5950,.T.);
#6262=ADVANCED_FACE('',(#711),#5951,.F.);
#6263=ADVANCED_FACE('',(#712),#5952,.F.);
#6264=ADVANCED_FACE('',(#713),#5953,.T.);
#6265=ADVANCED_FACE('',(#714),#5954,.F.);
#6266=ADVANCED_FACE('',(#715),#5955,.F.);
#6267=ADVANCED_FACE('',(#716),#5956,.T.);
#6268=ADVANCED_FACE('',(#717),#5957,.T.);
#6269=ADVANCED_FACE('',(#718),#5958,.T.);
#6270=ADVANCED_FACE('',(#719),#5959,.T.);
#6271=ADVANCED_FACE('',(#720),#67,.T.);
#6272=ADVANCED_FACE('',(#721),#5960,.T.);
#6273=ADVANCED_FACE('',(#722),#5961,.T.);
#6274=ADVANCED_FACE('',(#723),#68,.T.);
#6275=ADVANCED_FACE('',(#724),#5962,.T.);
#6276=ADVANCED_FACE('',(#725),#5963,.T.);
#6277=ADVANCED_FACE('',(#726),#69,.T.);
#6278=ADVANCED_FACE('',(#727),#5964,.T.);
#6279=ADVANCED_FACE('',(#728),#5965,.T.);
#6280=ADVANCED_FACE('',(#729),#5966,.T.);
#6281=ADVANCED_FACE('',(#730),#5967,.T.);
#6282=ADVANCED_FACE('',(#731),#70,.T.);
#6283=ADVANCED_FACE('',(#732),#71,.T.);
#6284=ADVANCED_FACE('',(#733),#5968,.T.);
#6285=ADVANCED_FACE('',(#734),#5969,.T.);
#6286=ADVANCED_FACE('',(#735),#72,.T.);
#6287=ADVANCED_FACE('',(#736),#5970,.T.);
#6288=ADVANCED_FACE('',(#737),#5971,.T.);
#6289=ADVANCED_FACE('',(#738),#73,.T.);
#6290=ADVANCED_FACE('',(#739),#5972,.T.);
#6291=ADVANCED_FACE('',(#740),#74,.T.);
#6292=ADVANCED_FACE('',(#741),#5973,.T.);
#6293=ADVANCED_FACE('',(#742),#5974,.T.);
#6294=ADVANCED_FACE('',(#743),#415,.F.);
#6295=ADVANCED_FACE('',(#744),#5975,.T.);
#6296=ADVANCED_FACE('',(#745),#75,.T.);
#6297=ADVANCED_FACE('',(#746),#5976,.T.);
#6298=ADVANCED_FACE('',(#747),#76,.T.);
#6299=ADVANCED_FACE('',(#748),#5977,.T.);
#6300=ADVANCED_FACE('',(#749),#77,.T.);
#6301=ADVANCED_FACE('',(#750),#5978,.T.);
#6302=ADVANCED_FACE('',(#751),#78,.T.);
#6303=ADVANCED_FACE('',(#752),#5979,.T.);
#6304=ADVANCED_FACE('',(#753),#5980,.T.);
#6305=ADVANCED_FACE('',(#754),#5981,.T.);
#6306=ADVANCED_FACE('',(#755),#5982,.T.);
#6307=ADVANCED_FACE('',(#756),#5983,.F.);
#6308=ADVANCED_FACE('',(#757),#5984,.T.);
#6309=ADVANCED_FACE('',(#758,#255),#416,.F.);
#6310=ADVANCED_FACE('',(#759,#256),#417,.T.);
#6311=ADVANCED_FACE('',(#760),#418,.T.);
#6312=ADVANCED_FACE('',(#761),#419,.T.);
#6313=ADVANCED_FACE('',(#762),#420,.T.);
#6314=ADVANCED_FACE('',(#763),#421,.T.);
#6315=ADVANCED_FACE('',(#764,#257),#422,.F.);
#6316=ADVANCED_FACE('',(#765,#258),#423,.T.);
#6317=ADVANCED_FACE('',(#766),#424,.F.);
#6318=ADVANCED_FACE('',(#767),#425,.F.);
#6319=ADVANCED_FACE('',(#768),#426,.F.);
#6320=ADVANCED_FACE('',(#769),#427,.F.);
#6321=ADVANCED_FACE('',(#770),#5985,.T.);
#6322=ADVANCED_FACE('',(#771),#428,.F.);
#6323=ADVANCED_FACE('',(#772),#429,.F.);
#6324=ADVANCED_FACE('',(#773),#430,.F.);
#6325=ADVANCED_FACE('',(#774),#431,.F.);
#6326=ADVANCED_FACE('',(#775),#432,.T.);
#6327=ADVANCED_FACE('',(#776),#433,.F.);
#6328=ADVANCED_FACE('',(#777),#5986,.T.);
#6329=ADVANCED_FACE('',(#778),#5987,.T.);
#6330=ADVANCED_FACE('',(#779),#434,.F.);
#6331=ADVANCED_FACE('',(#780),#5988,.F.);
#6332=ADVANCED_FACE('',(#781),#435,.F.);
#6333=ADVANCED_FACE('',(#782,#259),#436,.T.);
#6334=ADVANCED_FACE('',(#783),#437,.T.);
#6335=CLOSED_SHELL('',(#5989,#5990,#5991,#5992,#5993,#5994,#5995,#5996,
#5997,#5998,#5999,#6000,#6001,#6002,#6003,#6004,#6005,#6006,#6007,#6008,
#6009,#6010,#6011,#6012,#6013,#6014,#6015,#6016,#6017,#6018,#6019,#6020,
#6021,#6022,#6023,#6024,#6025,#6026,#6027,#6028,#6029,#6030,#6031,#6032,
#6033,#6034,#6035,#6036,#6037,#6038,#6039,#6040,#6041,#6042,#6043,#6044,
#6045,#6046,#6047,#6048,#6049,#6050,#6051,#6052,#6053,#6054,#6055,#6056,
#6057,#6058,#6059,#6060,#6061,#6062,#6063,#6064,#6065,#6066,#6067,#6068,
#6069,#6070,#6071,#6072,#6073,#6074,#6075,#6076,#6077,#6078,#6079,#6080,
#6081,#6082,#6083,#6084,#6085,#6086,#6087,#6088,#6089,#6090,#6091,#6092,
#6093,#6094,#6095,#6096,#6097,#6098,#6099,#6100,#6101,#6102,#6103,#6104,
#6105,#6106,#6107,#6108,#6109,#6110,#6111,#6112,#6113,#6114,#6115,#6116,
#6117,#6118,#6119,#6120,#6121,#6122,#6123,#6124,#6125,#6126,#6127,#6128,
#6129,#6130,#6131,#6132,#6133,#6134,#6135,#6136,#6137,#6138,#6139,#6140,
#6141,#6142,#6143,#6144,#6145,#6146,#6147,#6148,#6149,#6150,#6151,#6152,
#6153,#6154,#6155,#6156,#6157,#6158,#6159,#6160,#6161,#6162,#6163,#6164,
#6165,#6166,#6167,#6168,#6169,#6170,#6171,#6172,#6173,#6174,#6175,#6176,
#6177,#6178,#6179,#6180,#6181,#6182,#6183,#6184,#6185,#6186,#6187,#6188,
#6189,#6190,#6191,#6192,#6193,#6194,#6195,#6196,#6197,#6198,#6199,#6200,
#6201,#6202,#6203,#6204,#6205,#6206,#6207,#6208,#6209,#6210,#6211,#6212,
#6213,#6214,#6215,#6216,#6217,#6218,#6219,#6220,#6221,#6222,#6223,#6224,
#6225,#6226,#6227,#6228,#6229,#6230,#6231,#6232,#6233,#6234,#6235,#6236,
#6237,#6238,#6239,#6240,#6241,#6242,#6243,#6244,#6245,#6246,#6247,#6248,
#6249,#6250,#6251,#6252,#6253,#6254,#6255,#6256,#6257,#6258,#6259,#6260,
#6261,#6262,#6263,#6264,#6265,#6266,#6267,#6268,#6269,#6270,#6271,#6272,
#6273,#6274,#6275,#6276,#6277,#6278,#6279,#6280,#6281,#6282,#6283,#6284,
#6285,#6286,#6287,#6288,#6289,#6290,#6291,#6292,#6293,#6294,#6295,#6296,
#6297,#6298,#6299,#6300,#6301,#6302,#6303,#6304,#6305,#6306));
#6336=CLOSED_SHELL('',(#6307,#6308,#6309,#6310));
#6337=CLOSED_SHELL('',(#6311,#6312,#6313,#6314,#6315,#6316,#6317,#6318,
#6319,#6320));
#6338=CLOSED_SHELL('',(#6321,#6322,#6323,#6324,#6325,#6326,#6327,#6328,
#6329,#6330,#6331,#6332,#6333,#6334));
#6339=DERIVED_UNIT_ELEMENT(#6347,1.);
#6340=DERIVED_UNIT_ELEMENT(#10722,-3.);
#6341=DERIVED_UNIT_ELEMENT(#6347,1.);
#6342=DERIVED_UNIT_ELEMENT(#10722,-3.);
#6343=DERIVED_UNIT_ELEMENT(#6347,1.);
#6344=DERIVED_UNIT_ELEMENT(#10722,-3.);
#6345=DERIVED_UNIT_ELEMENT(#6347,1.);
#6346=DERIVED_UNIT_ELEMENT(#10722,-3.);
#6347=(
MASS_UNIT()
NAMED_UNIT(*)
SI_UNIT(.KILO.,.GRAM.)
);
#6348=DERIVED_UNIT((#6339,#6340));
#6349=DERIVED_UNIT((#6341,#6342));
#6350=DERIVED_UNIT((#6343,#6344));
#6351=DERIVED_UNIT((#6345,#6346));
#6352=MEASURE_REPRESENTATION_ITEM('density measure',
POSITIVE_RATIO_MEASURE(7850.),#6348);
#6353=MEASURE_REPRESENTATION_ITEM('density measure',
POSITIVE_RATIO_MEASURE(7850.),#6349);
#6354=MEASURE_REPRESENTATION_ITEM('density measure',
POSITIVE_RATIO_MEASURE(7850.),#6350);
#6355=MEASURE_REPRESENTATION_ITEM('density measure',
POSITIVE_RATIO_MEASURE(7850.),#6351);
#6356=PROPERTY_DEFINITION_REPRESENTATION(#6376,#6364);
#6357=PROPERTY_DEFINITION_REPRESENTATION(#6377,#6365);
#6358=PROPERTY_DEFINITION_REPRESENTATION(#6378,#6366);
#6359=PROPERTY_DEFINITION_REPRESENTATION(#6379,#6367);
#6360=PROPERTY_DEFINITION_REPRESENTATION(#6380,#6368);
#6361=PROPERTY_DEFINITION_REPRESENTATION(#6381,#6369);
#6362=PROPERTY_DEFINITION_REPRESENTATION(#6382,#6370);
#6363=PROPERTY_DEFINITION_REPRESENTATION(#6383,#6371);
#6364=REPRESENTATION('material name',(#6372),#10716);
#6365=REPRESENTATION('density',(#6352),#10716);
#6366=REPRESENTATION('material name',(#6373),#10717);
#6367=REPRESENTATION('density',(#6353),#10717);
#6368=REPRESENTATION('material name',(#6374),#10718);
#6369=REPRESENTATION('density',(#6354),#10718);
#6370=REPRESENTATION('material name',(#6375),#10719);
#6371=REPRESENTATION('density',(#6355),#10719);
#6372=DESCRIPTIVE_REPRESENTATION_ITEM('Steel','Steel');
#6373=DESCRIPTIVE_REPRESENTATION_ITEM('Steel','Steel');
#6374=DESCRIPTIVE_REPRESENTATION_ITEM('Steel','Steel');
#6375=DESCRIPTIVE_REPRESENTATION_ITEM('Steel','Steel');
#6376=PROPERTY_DEFINITION('material property','material name',#10747);
#6377=PROPERTY_DEFINITION('material property','density of part',#10747);
#6378=PROPERTY_DEFINITION('material property','material name',#10748);
#6379=PROPERTY_DEFINITION('material property','density of part',#10748);
#6380=PROPERTY_DEFINITION('material property','material name',#10749);
#6381=PROPERTY_DEFINITION('material property','density of part',#10749);
#6382=PROPERTY_DEFINITION('material property','material name',#10750);
#6383=PROPERTY_DEFINITION('material property','density of part',#10750);
#6384=AXIS2_PLACEMENT_3D('',#8900,#7017,#7018);
#6385=AXIS2_PLACEMENT_3D('',#8901,#7019,#7020);
#6386=AXIS2_PLACEMENT_3D('',#8902,#7021,#7022);
#6387=AXIS2_PLACEMENT_3D('',#8904,#7023,#7024);
#6388=AXIS2_PLACEMENT_3D('',#8907,#7026,#7027);
#6389=AXIS2_PLACEMENT_3D('',#8908,#7028,#7029);
#6390=AXIS2_PLACEMENT_3D('',#8965,#7058,#7059);
#6391=AXIS2_PLACEMENT_3D('',#8974,#7064,#7065);
#6392=AXIS2_PLACEMENT_3D('',#8983,#7070,#7071);
#6393=AXIS2_PLACEMENT_3D('',#8992,#7076,#7077);
#6394=AXIS2_PLACEMENT_3D('',#9001,#7082,#7083);
#6395=AXIS2_PLACEMENT_3D('',#9010,#7088,#7089);
#6396=AXIS2_PLACEMENT_3D('',#9015,#7091,#7092);
#6397=AXIS2_PLACEMENT_3D('',#9021,#7095,#7096);
#6398=AXIS2_PLACEMENT_3D('',#9027,#7099,#7100);
#6399=AXIS2_PLACEMENT_3D('',#9063,#7119,#7120);
#6400=AXIS2_PLACEMENT_3D('',#9064,#7121,#7122);
#6401=AXIS2_PLACEMENT_3D('',#9073,#7127,#7128);
#6402=AXIS2_PLACEMENT_3D('',#9084,#7135,#7136);
#6403=AXIS2_PLACEMENT_3D('',#9089,#7139,#7140);
#6404=AXIS2_PLACEMENT_3D('',#9090,#7141,#7142);
#6405=AXIS2_PLACEMENT_3D('',#9096,#7146,#7147);
#6406=AXIS2_PLACEMENT_3D('',#9099,#7150,#7151);
#6407=AXIS2_PLACEMENT_3D('',#9100,#7152,#7153);
#6408=AXIS2_PLACEMENT_3D('',#9111,#7159,#7160);
#6409=AXIS2_PLACEMENT_3D('',#9117,#7163,#7164);
#6410=AXIS2_PLACEMENT_3D('',#9121,#7167,#7168);
#6411=AXIS2_PLACEMENT_3D('',#9122,#7169,#7170);
#6412=AXIS2_PLACEMENT_3D('',#9130,#7175,#7176);
#6413=AXIS2_PLACEMENT_3D('',#9141,#7182,#7183);
#6414=AXIS2_PLACEMENT_3D('',#9147,#7186,#7187);
#6415=AXIS2_PLACEMENT_3D('',#9151,#7190,#7191);
#6416=AXIS2_PLACEMENT_3D('',#9152,#7192,#7193);
#6417=AXIS2_PLACEMENT_3D('',#9160,#7198,#7199);
#6418=AXIS2_PLACEMENT_3D('',#9161,#7200,#7201);
#6419=AXIS2_PLACEMENT_3D('',#9162,#7202,#7203);
#6420=AXIS2_PLACEMENT_3D('',#9163,#7204,#7205);
#6421=AXIS2_PLACEMENT_3D('',#9164,#7206,#7207);
#6422=AXIS2_PLACEMENT_3D('',#9165,#7208,#7209);
#6423=AXIS2_PLACEMENT_3D('',#9166,#7210,#7211);
#6424=AXIS2_PLACEMENT_3D('',#9175,#7216,#7217);
#6425=AXIS2_PLACEMENT_3D('',#9179,#7219,#7220);
#6426=AXIS2_PLACEMENT_3D('',#9183,#7222,#7223);
#6427=AXIS2_PLACEMENT_3D('',#9188,#7226,#7227);
#6428=AXIS2_PLACEMENT_3D('',#9192,#7229,#7230);
#6429=AXIS2_PLACEMENT_3D('',#9196,#7233,#7234);
#6430=AXIS2_PLACEMENT_3D('',#9200,#7237,#7238);
#6431=AXIS2_PLACEMENT_3D('',#9204,#7241,#7242);
#6432=AXIS2_PLACEMENT_3D('',#9209,#7244,#7245);
#6433=AXIS2_PLACEMENT_3D('',#9216,#7249,#7250);
#6434=AXIS2_PLACEMENT_3D('',#9220,#7252,#7253);
#6435=AXIS2_PLACEMENT_3D('',#9227,#7257,#7258);
#6436=AXIS2_PLACEMENT_3D('',#9228,#7259,#7260);
#6437=AXIS2_PLACEMENT_3D('',#9234,#7264,#7265);
#6438=AXIS2_PLACEMENT_3D('',#9238,#7267,#7268);
#6439=AXIS2_PLACEMENT_3D('',#9242,#7270,#7271);
#6440=AXIS2_PLACEMENT_3D('',#9247,#7274,#7275);
#6441=AXIS2_PLACEMENT_3D('',#9251,#7277,#7278);
#6442=AXIS2_PLACEMENT_3D('',#9255,#7281,#7282);
#6443=AXIS2_PLACEMENT_3D('',#9257,#7284,#7285);
#6444=AXIS2_PLACEMENT_3D('',#9259,#7287,#7288);
#6445=AXIS2_PLACEMENT_3D('',#9264,#7290,#7291);
#6446=AXIS2_PLACEMENT_3D('',#9271,#7295,#7296);
#6447=AXIS2_PLACEMENT_3D('',#9275,#7298,#7299);
#6448=AXIS2_PLACEMENT_3D('',#9282,#7303,#7304);
#6449=AXIS2_PLACEMENT_3D('',#9283,#7305,#7306);
#6450=AXIS2_PLACEMENT_3D('',#9289,#7310,#7311);
#6451=AXIS2_PLACEMENT_3D('',#9293,#7313,#7314);
#6452=AXIS2_PLACEMENT_3D('',#9297,#7316,#7317);
#6453=AXIS2_PLACEMENT_3D('',#9302,#7320,#7321);
#6454=AXIS2_PLACEMENT_3D('',#9306,#7323,#7324);
#6455=AXIS2_PLACEMENT_3D('',#9308,#7326,#7327);
#6456=AXIS2_PLACEMENT_3D('',#9310,#7329,#7330);
#6457=AXIS2_PLACEMENT_3D('',#9312,#7332,#7333);
#6458=AXIS2_PLACEMENT_3D('',#9314,#7335,#7336);
#6459=AXIS2_PLACEMENT_3D('',#9315,#7337,#7338);
#6460=AXIS2_PLACEMENT_3D('',#9318,#7341,#7342);
#6461=AXIS2_PLACEMENT_3D('',#9320,#7344,#7345);
#6462=AXIS2_PLACEMENT_3D('',#9321,#7346,#7347);
#6463=AXIS2_PLACEMENT_3D('',#9322,#7348,#7349);
#6464=AXIS2_PLACEMENT_3D('',#9325,#7352,#7353);
#6465=AXIS2_PLACEMENT_3D('',#9331,#7357,#7358);
#6466=AXIS2_PLACEMENT_3D('',#9336,#7361,#7362);
#6467=AXIS2_PLACEMENT_3D('',#9337,#7363,#7364);
#6468=AXIS2_PLACEMENT_3D('',#9338,#7365,#7366);
#6469=AXIS2_PLACEMENT_3D('',#9340,#7368,#7369);
#6470=AXIS2_PLACEMENT_3D('',#9343,#7372,#7373);
#6471=AXIS2_PLACEMENT_3D('',#9345,#7375,#7376);
#6472=AXIS2_PLACEMENT_3D('',#9348,#7379,#7380);
#6473=AXIS2_PLACEMENT_3D('',#9354,#7384,#7385);
#6474=AXIS2_PLACEMENT_3D('',#9358,#7388,#7389);
#6475=AXIS2_PLACEMENT_3D('',#9359,#7390,#7391);
#6476=AXIS2_PLACEMENT_3D('',#9360,#7392,#7393);
#6477=AXIS2_PLACEMENT_3D('',#9361,#7394,#7395);
#6478=AXIS2_PLACEMENT_3D('',#9362,#7396,#7397);
#6479=AXIS2_PLACEMENT_3D('',#9363,#7398,#7399);
#6480=AXIS2_PLACEMENT_3D('',#9364,#7400,#7401);
#6481=AXIS2_PLACEMENT_3D('',#9365,#7402,#7403);
#6482=AXIS2_PLACEMENT_3D('',#9366,#7404,#7405);
#6483=AXIS2_PLACEMENT_3D('',#9367,#7406,#7407);
#6484=AXIS2_PLACEMENT_3D('',#9368,#7408,#7409);
#6485=AXIS2_PLACEMENT_3D('',#9369,#7410,#7411);
#6486=AXIS2_PLACEMENT_3D('',#9370,#7412,#7413);
#6487=AXIS2_PLACEMENT_3D('',#9371,#7414,#7415);
#6488=AXIS2_PLACEMENT_3D('',#9372,#7416,#7417);
#6489=AXIS2_PLACEMENT_3D('',#9373,#7418,#7419);
#6490=AXIS2_PLACEMENT_3D('',#9374,#7420,#7421);
#6491=AXIS2_PLACEMENT_3D('',#9375,#7422,#7423);
#6492=AXIS2_PLACEMENT_3D('',#9376,#7424,#7425);
#6493=AXIS2_PLACEMENT_3D('',#9377,#7426,#7427);
#6494=AXIS2_PLACEMENT_3D('',#9379,#7428,#7429);
#6495=AXIS2_PLACEMENT_3D('',#9380,#7430,#7431);
#6496=AXIS2_PLACEMENT_3D('',#9381,#7432,#7433);
#6497=AXIS2_PLACEMENT_3D('',#9382,#7434,#7435);
#6498=AXIS2_PLACEMENT_3D('',#9383,#7436,#7437);
#6499=AXIS2_PLACEMENT_3D('',#9384,#7438,#7439);
#6500=AXIS2_PLACEMENT_3D('',#9385,#7440,#7441);
#6501=AXIS2_PLACEMENT_3D('',#9386,#7442,#7443);
#6502=AXIS2_PLACEMENT_3D('',#9387,#7444,#7445);
#6503=AXIS2_PLACEMENT_3D('',#9388,#7446,#7447);
#6504=AXIS2_PLACEMENT_3D('',#9389,#7448,#7449);
#6505=AXIS2_PLACEMENT_3D('',#9390,#7450,#7451);
#6506=AXIS2_PLACEMENT_3D('',#9391,#7452,#7453);
#6507=AXIS2_PLACEMENT_3D('',#9392,#7454,#7455);
#6508=AXIS2_PLACEMENT_3D('',#9393,#7456,#7457);
#6509=AXIS2_PLACEMENT_3D('',#9394,#7458,#7459);
#6510=AXIS2_PLACEMENT_3D('',#9395,#7460,#7461);
#6511=AXIS2_PLACEMENT_3D('',#9396,#7462,#7463);
#6512=AXIS2_PLACEMENT_3D('',#9397,#7464,#7465);
#6513=AXIS2_PLACEMENT_3D('',#9398,#7466,#7467);
#6514=AXIS2_PLACEMENT_3D('',#9399,#7468,#7469);
#6515=AXIS2_PLACEMENT_3D('',#9400,#7470,#7471);
#6516=AXIS2_PLACEMENT_3D('',#9401,#7472,#7473);
#6517=AXIS2_PLACEMENT_3D('',#9402,#7474,#7475);
#6518=AXIS2_PLACEMENT_3D('',#9403,#7476,#7477);
#6519=AXIS2_PLACEMENT_3D('',#9404,#7478,#7479);
#6520=AXIS2_PLACEMENT_3D('',#9405,#7480,#7481);
#6521=AXIS2_PLACEMENT_3D('',#9406,#7482,#7483);
#6522=AXIS2_PLACEMENT_3D('',#9407,#7484,#7485);
#6523=AXIS2_PLACEMENT_3D('',#9408,#7486,#7487);
#6524=AXIS2_PLACEMENT_3D('',#9409,#7488,#7489);
#6525=AXIS2_PLACEMENT_3D('',#9410,#7490,#7491);
#6526=AXIS2_PLACEMENT_3D('',#9411,#7492,#7493);
#6527=AXIS2_PLACEMENT_3D('',#9412,#7494,#7495);
#6528=AXIS2_PLACEMENT_3D('',#9413,#7496,#7497);
#6529=AXIS2_PLACEMENT_3D('',#9414,#7498,#7499);
#6530=AXIS2_PLACEMENT_3D('',#9415,#7500,#7501);
#6531=AXIS2_PLACEMENT_3D('',#9416,#7502,#7503);
#6532=AXIS2_PLACEMENT_3D('',#9417,#7504,#7505);
#6533=AXIS2_PLACEMENT_3D('',#9418,#7506,#7507);
#6534=AXIS2_PLACEMENT_3D('',#9419,#7508,#7509);
#6535=AXIS2_PLACEMENT_3D('',#9420,#7510,#7511);
#6536=AXIS2_PLACEMENT_3D('',#9421,#7512,#7513);
#6537=AXIS2_PLACEMENT_3D('',#9422,#7514,#7515);
#6538=AXIS2_PLACEMENT_3D('',#9423,#7516,#7517);
#6539=AXIS2_PLACEMENT_3D('',#9424,#7518,#7519);
#6540=AXIS2_PLACEMENT_3D('',#9425,#7520,#7521);
#6541=AXIS2_PLACEMENT_3D('',#9426,#7522,#7523);
#6542=AXIS2_PLACEMENT_3D('',#9427,#7524,#7525);
#6543=AXIS2_PLACEMENT_3D('',#9428,#7526,#7527);
#6544=AXIS2_PLACEMENT_3D('',#9429,#7528,#7529);
#6545=AXIS2_PLACEMENT_3D('',#9430,#7530,#7531);
#6546=AXIS2_PLACEMENT_3D('',#9431,#7532,#7533);
#6547=AXIS2_PLACEMENT_3D('',#9432,#7534,#7535);
#6548=AXIS2_PLACEMENT_3D('',#9433,#7536,#7537);
#6549=AXIS2_PLACEMENT_3D('',#9434,#7538,#7539);
#6550=AXIS2_PLACEMENT_3D('',#9435,#7540,#7541);
#6551=AXIS2_PLACEMENT_3D('',#9436,#7542,#7543);
#6552=AXIS2_PLACEMENT_3D('',#9445,#7548,#7549);
#6553=AXIS2_PLACEMENT_3D('',#9454,#7554,#7555);
#6554=AXIS2_PLACEMENT_3D('',#9463,#7560,#7561);
#6555=AXIS2_PLACEMENT_3D('',#9469,#7565,#7566);
#6556=AXIS2_PLACEMENT_3D('',#9470,#7567,#7568);
#6557=AXIS2_PLACEMENT_3D('',#9481,#7574,#7575);
#6558=AXIS2_PLACEMENT_3D('',#9483,#7576,#7577);
#6559=AXIS2_PLACEMENT_3D('',#9488,#7580,#7581);
#6560=AXIS2_PLACEMENT_3D('',#9492,#7584,#7585);
#6561=AXIS2_PLACEMENT_3D('',#9500,#7590,#7591);
#6562=AXIS2_PLACEMENT_3D('',#9511,#7597,#7598);
#6563=AXIS2_PLACEMENT_3D('',#9513,#7599,#7600);
#6564=AXIS2_PLACEMENT_3D('',#9518,#7603,#7604);
#6565=AXIS2_PLACEMENT_3D('',#9522,#7607,#7608);
#6566=AXIS2_PLACEMENT_3D('',#9530,#7613,#7614);
#6567=AXIS2_PLACEMENT_3D('',#9531,#7615,#7616);
#6568=AXIS2_PLACEMENT_3D('',#9532,#7617,#7618);
#6569=AXIS2_PLACEMENT_3D('',#9533,#7619,#7620);
#6570=AXIS2_PLACEMENT_3D('',#9534,#7621,#7622);
#6571=AXIS2_PLACEMENT_3D('',#9535,#7623,#7624);
#6572=AXIS2_PLACEMENT_3D('',#9536,#7625,#7626);
#6573=AXIS2_PLACEMENT_3D('',#9538,#7628,#7629);
#6574=AXIS2_PLACEMENT_3D('',#9543,#7631,#7632);
#6575=AXIS2_PLACEMENT_3D('',#9551,#7636,#7637);
#6576=AXIS2_PLACEMENT_3D('',#9555,#7639,#7640);
#6577=AXIS2_PLACEMENT_3D('',#9561,#7644,#7645);
#6578=AXIS2_PLACEMENT_3D('',#9562,#7646,#7647);
#6579=AXIS2_PLACEMENT_3D('',#9568,#7651,#7652);
#6580=AXIS2_PLACEMENT_3D('',#9576,#7656,#7657);
#6581=AXIS2_PLACEMENT_3D('',#9579,#7659,#7660);
#6582=AXIS2_PLACEMENT_3D('',#9585,#7663,#7664);
#6583=AXIS2_PLACEMENT_3D('',#9588,#7666,#7667);
#6584=AXIS2_PLACEMENT_3D('',#9589,#7668,#7669);
#6585=AXIS2_PLACEMENT_3D('',#9591,#7671,#7672);
#6586=AXIS2_PLACEMENT_3D('',#9593,#7674,#7675);
#6587=AXIS2_PLACEMENT_3D('',#9598,#7677,#7678);
#6588=AXIS2_PLACEMENT_3D('',#9606,#7682,#7683);
#6589=AXIS2_PLACEMENT_3D('',#9610,#7685,#7686);
#6590=AXIS2_PLACEMENT_3D('',#9616,#7690,#7691);
#6591=AXIS2_PLACEMENT_3D('',#9617,#7692,#7693);
#6592=AXIS2_PLACEMENT_3D('',#9623,#7697,#7698);
#6593=AXIS2_PLACEMENT_3D('',#9629,#7701,#7702);
#6594=AXIS2_PLACEMENT_3D('',#9632,#7704,#7705);
#6595=AXIS2_PLACEMENT_3D('',#9638,#7708,#7709);
#6596=AXIS2_PLACEMENT_3D('',#9641,#7711,#7712);
#6597=AXIS2_PLACEMENT_3D('',#9642,#7713,#7714);
#6598=AXIS2_PLACEMENT_3D('',#9644,#7716,#7717);
#6599=AXIS2_PLACEMENT_3D('',#9646,#7719,#7720);
#6600=AXIS2_PLACEMENT_3D('',#9647,#7721,#7722);
#6601=AXIS2_PLACEMENT_3D('',#9649,#7724,#7725);
#6602=AXIS2_PLACEMENT_3D('',#9652,#7728,#7729);
#6603=AXIS2_PLACEMENT_3D('',#9653,#7730,#7731);
#6604=AXIS2_PLACEMENT_3D('',#9654,#7732,#7733);
#6605=AXIS2_PLACEMENT_3D('',#9656,#7735,#7736);
#6606=AXIS2_PLACEMENT_3D('',#9659,#7739,#7740);
#6607=AXIS2_PLACEMENT_3D('',#9661,#7742,#7743);
#6608=AXIS2_PLACEMENT_3D('',#9664,#7746,#7747);
#6609=AXIS2_PLACEMENT_3D('',#9666,#7749,#7750);
#6610=AXIS2_PLACEMENT_3D('',#9669,#7753,#7754);
#6611=AXIS2_PLACEMENT_3D('',#9670,#7755,#7756);
#6612=AXIS2_PLACEMENT_3D('',#9671,#7757,#7758);
#6613=AXIS2_PLACEMENT_3D('',#9672,#7759,#7760);
#6614=AXIS2_PLACEMENT_3D('',#9673,#7761,#7762);
#6615=AXIS2_PLACEMENT_3D('',#9674,#7763,#7764);
#6616=AXIS2_PLACEMENT_3D('',#9675,#7765,#7766);
#6617=AXIS2_PLACEMENT_3D('',#9676,#7767,#7768);
#6618=AXIS2_PLACEMENT_3D('',#9677,#7769,#7770);
#6619=AXIS2_PLACEMENT_3D('',#9679,#7771,#7772);
#6620=AXIS2_PLACEMENT_3D('',#9680,#7773,#7774);
#6621=AXIS2_PLACEMENT_3D('',#9681,#7775,#7776);
#6622=AXIS2_PLACEMENT_3D('',#9682,#7777,#7778);
#6623=AXIS2_PLACEMENT_3D('',#9683,#7779,#7780);
#6624=AXIS2_PLACEMENT_3D('',#9684,#7781,#7782);
#6625=AXIS2_PLACEMENT_3D('',#9685,#7783,#7784);
#6626=AXIS2_PLACEMENT_3D('',#9686,#7785,#7786);
#6627=AXIS2_PLACEMENT_3D('',#9687,#7787,#7788);
#6628=AXIS2_PLACEMENT_3D('',#9688,#7789,#7790);
#6629=AXIS2_PLACEMENT_3D('',#9689,#7791,#7792);
#6630=AXIS2_PLACEMENT_3D('',#9690,#7793,#7794);
#6631=AXIS2_PLACEMENT_3D('',#9691,#7795,#7796);
#6632=AXIS2_PLACEMENT_3D('',#9692,#7797,#7798);
#6633=AXIS2_PLACEMENT_3D('',#9693,#7799,#7800);
#6634=AXIS2_PLACEMENT_3D('',#9694,#7801,#7802);
#6635=AXIS2_PLACEMENT_3D('',#9695,#7803,#7804);
#6636=AXIS2_PLACEMENT_3D('',#9696,#7805,#7806);
#6637=AXIS2_PLACEMENT_3D('',#9697,#7807,#7808);
#6638=AXIS2_PLACEMENT_3D('',#9698,#7809,#7810);
#6639=AXIS2_PLACEMENT_3D('',#9699,#7811,#7812);
#6640=AXIS2_PLACEMENT_3D('',#9700,#7813,#7814);
#6641=AXIS2_PLACEMENT_3D('',#9701,#7815,#7816);
#6642=AXIS2_PLACEMENT_3D('',#9702,#7817,#7818);
#6643=AXIS2_PLACEMENT_3D('',#9703,#7819,#7820);
#6644=AXIS2_PLACEMENT_3D('',#9704,#7821,#7822);
#6645=AXIS2_PLACEMENT_3D('',#9705,#7823,#7824);
#6646=AXIS2_PLACEMENT_3D('',#9706,#7825,#7826);
#6647=AXIS2_PLACEMENT_3D('',#9707,#7827,#7828);
#6648=AXIS2_PLACEMENT_3D('',#9708,#7829,#7830);
#6649=AXIS2_PLACEMENT_3D('',#9709,#7831,#7832);
#6650=AXIS2_PLACEMENT_3D('',#9710,#7833,#7834);
#6651=AXIS2_PLACEMENT_3D('',#9711,#7835,#7836);
#6652=AXIS2_PLACEMENT_3D('',#9712,#7837,#7838);
#6653=AXIS2_PLACEMENT_3D('',#9713,#7839,#7840);
#6654=AXIS2_PLACEMENT_3D('',#9714,#7841,#7842);
#6655=AXIS2_PLACEMENT_3D('',#9715,#7843,#7844);
#6656=AXIS2_PLACEMENT_3D('',#9716,#7845,#7846);
#6657=AXIS2_PLACEMENT_3D('',#9717,#7847,#7848);
#6658=AXIS2_PLACEMENT_3D('',#9718,#7849,#7850);
#6659=AXIS2_PLACEMENT_3D('',#9719,#7851,#7852);
#6660=AXIS2_PLACEMENT_3D('',#9720,#7853,#7854);
#6661=AXIS2_PLACEMENT_3D('',#9721,#7855,#7856);
#6662=AXIS2_PLACEMENT_3D('',#9722,#7857,#7858);
#6663=AXIS2_PLACEMENT_3D('',#9723,#7859,#7860);
#6664=AXIS2_PLACEMENT_3D('',#9724,#7861,#7862);
#6665=AXIS2_PLACEMENT_3D('',#9725,#7863,#7864);
#6666=AXIS2_PLACEMENT_3D('',#9726,#7865,#7866);
#6667=AXIS2_PLACEMENT_3D('',#9727,#7867,#7868);
#6668=AXIS2_PLACEMENT_3D('',#9728,#7869,#7870);
#6669=AXIS2_PLACEMENT_3D('',#9729,#7871,#7872);
#6670=AXIS2_PLACEMENT_3D('',#9730,#7873,#7874);
#6671=AXIS2_PLACEMENT_3D('',#9787,#7903,#7904);
#6672=AXIS2_PLACEMENT_3D('',#9796,#7909,#7910);
#6673=AXIS2_PLACEMENT_3D('',#9801,#7912,#7913);
#6674=AXIS2_PLACEMENT_3D('',#9807,#7916,#7917);
#6675=AXIS2_PLACEMENT_3D('',#9847,#7938,#7939);
#6676=AXIS2_PLACEMENT_3D('',#9848,#7940,#7941);
#6677=AXIS2_PLACEMENT_3D('',#9857,#7946,#7947);
#6678=AXIS2_PLACEMENT_3D('',#9866,#7952,#7953);
#6679=AXIS2_PLACEMENT_3D('',#9875,#7958,#7959);
#6680=AXIS2_PLACEMENT_3D('',#9884,#7964,#7965);
#6681=AXIS2_PLACEMENT_3D('',#9897,#7973,#7974);
#6682=AXIS2_PLACEMENT_3D('',#9901,#7976,#7977);
#6683=AXIS2_PLACEMENT_3D('',#9903,#7979,#7980);
#6684=AXIS2_PLACEMENT_3D('',#9909,#7984,#7985);
#6685=AXIS2_PLACEMENT_3D('',#9912,#7988,#7989);
#6686=AXIS2_PLACEMENT_3D('',#9913,#7990,#7991);
#6687=AXIS2_PLACEMENT_3D('',#9924,#7997,#7998);
#6688=AXIS2_PLACEMENT_3D('',#9926,#7999,#8000);
#6689=AXIS2_PLACEMENT_3D('',#9931,#8003,#8004);
#6690=AXIS2_PLACEMENT_3D('',#9935,#8007,#8008);
#6691=AXIS2_PLACEMENT_3D('',#9943,#8013,#8014);
#6692=AXIS2_PLACEMENT_3D('',#9954,#8020,#8021);
#6693=AXIS2_PLACEMENT_3D('',#9956,#8022,#8023);
#6694=AXIS2_PLACEMENT_3D('',#9961,#8026,#8027);
#6695=AXIS2_PLACEMENT_3D('',#9965,#8030,#8031);
#6696=AXIS2_PLACEMENT_3D('',#9973,#8036,#8037);
#6697=AXIS2_PLACEMENT_3D('',#9974,#8038,#8039);
#6698=AXIS2_PLACEMENT_3D('',#9975,#8040,#8041);
#6699=AXIS2_PLACEMENT_3D('',#9976,#8042,#8043);
#6700=AXIS2_PLACEMENT_3D('',#9977,#8044,#8045);
#6701=AXIS2_PLACEMENT_3D('',#9978,#8046,#8047);
#6702=AXIS2_PLACEMENT_3D('',#9979,#8048,#8049);
#6703=AXIS2_PLACEMENT_3D('',#9988,#8054,#8055);
#6704=AXIS2_PLACEMENT_3D('',#9996,#8059,#8060);
#6705=AXIS2_PLACEMENT_3D('',#9999,#8062,#8063);
#6706=AXIS2_PLACEMENT_3D('',#10005,#8066,#8067);
#6707=AXIS2_PLACEMENT_3D('',#10008,#8069,#8070);
#6708=AXIS2_PLACEMENT_3D('',#10009,#8071,#8072);
#6709=AXIS2_PLACEMENT_3D('',#10013,#8075,#8076);
#6710=AXIS2_PLACEMENT_3D('',#10017,#8079,#8080);
#6711=AXIS2_PLACEMENT_3D('',#10022,#8082,#8083);
#6712=AXIS2_PLACEMENT_3D('',#10030,#8087,#8088);
#6713=AXIS2_PLACEMENT_3D('',#10034,#8090,#8091);
#6714=AXIS2_PLACEMENT_3D('',#10040,#8095,#8096);
#6715=AXIS2_PLACEMENT_3D('',#10041,#8097,#8098);
#6716=AXIS2_PLACEMENT_3D('',#10047,#8102,#8103);
#6717=AXIS2_PLACEMENT_3D('',#10055,#8107,#8108);
#6718=AXIS2_PLACEMENT_3D('',#10058,#8110,#8111);
#6719=AXIS2_PLACEMENT_3D('',#10064,#8114,#8115);
#6720=AXIS2_PLACEMENT_3D('',#10067,#8117,#8118);
#6721=AXIS2_PLACEMENT_3D('',#10068,#8119,#8120);
#6722=AXIS2_PLACEMENT_3D('',#10070,#8122,#8123);
#6723=AXIS2_PLACEMENT_3D('',#10072,#8125,#8126);
#6724=AXIS2_PLACEMENT_3D('',#10077,#8128,#8129);
#6725=AXIS2_PLACEMENT_3D('',#10085,#8133,#8134);
#6726=AXIS2_PLACEMENT_3D('',#10089,#8136,#8137);
#6727=AXIS2_PLACEMENT_3D('',#10095,#8141,#8142);
#6728=AXIS2_PLACEMENT_3D('',#10096,#8143,#8144);
#6729=AXIS2_PLACEMENT_3D('',#10102,#8148,#8149);
#6730=AXIS2_PLACEMENT_3D('',#10108,#8152,#8153);
#6731=AXIS2_PLACEMENT_3D('',#10111,#8155,#8156);
#6732=AXIS2_PLACEMENT_3D('',#10117,#8159,#8160);
#6733=AXIS2_PLACEMENT_3D('',#10120,#8162,#8163);
#6734=AXIS2_PLACEMENT_3D('',#10121,#8164,#8165);
#6735=AXIS2_PLACEMENT_3D('',#10123,#8167,#8168);
#6736=AXIS2_PLACEMENT_3D('',#10125,#8170,#8171);
#6737=AXIS2_PLACEMENT_3D('',#10126,#8172,#8173);
#6738=AXIS2_PLACEMENT_3D('',#10128,#8175,#8176);
#6739=AXIS2_PLACEMENT_3D('',#10131,#8179,#8180);
#6740=AXIS2_PLACEMENT_3D('',#10132,#8181,#8182);
#6741=AXIS2_PLACEMENT_3D('',#10133,#8183,#8184);
#6742=AXIS2_PLACEMENT_3D('',#10135,#8186,#8187);
#6743=AXIS2_PLACEMENT_3D('',#10138,#8190,#8191);
#6744=AXIS2_PLACEMENT_3D('',#10144,#8195,#8196);
#6745=AXIS2_PLACEMENT_3D('',#10145,#8197,#8198);
#6746=AXIS2_PLACEMENT_3D('',#10147,#8199,#8200);
#6747=AXIS2_PLACEMENT_3D('',#10151,#8203,#8204);
#6748=AXIS2_PLACEMENT_3D('',#10153,#8206,#8207);
#6749=AXIS2_PLACEMENT_3D('',#10156,#8210,#8211);
#6750=AXIS2_PLACEMENT_3D('',#10158,#8213,#8214);
#6751=AXIS2_PLACEMENT_3D('',#10161,#8217,#8218);
#6752=AXIS2_PLACEMENT_3D('',#10167,#8222,#8223);
#6753=AXIS2_PLACEMENT_3D('',#10171,#8226,#8227);
#6754=AXIS2_PLACEMENT_3D('',#10172,#8228,#8229);
#6755=AXIS2_PLACEMENT_3D('',#10173,#8230,#8231);
#6756=AXIS2_PLACEMENT_3D('',#10174,#8232,#8233);
#6757=AXIS2_PLACEMENT_3D('',#10175,#8234,#8235);
#6758=AXIS2_PLACEMENT_3D('',#10176,#8236,#8237);
#6759=AXIS2_PLACEMENT_3D('',#10177,#8238,#8239);
#6760=AXIS2_PLACEMENT_3D('',#10178,#8240,#8241);
#6761=AXIS2_PLACEMENT_3D('',#10179,#8242,#8243);
#6762=AXIS2_PLACEMENT_3D('',#10180,#8244,#8245);
#6763=AXIS2_PLACEMENT_3D('',#10181,#8246,#8247);
#6764=AXIS2_PLACEMENT_3D('',#10182,#8248,#8249);
#6765=AXIS2_PLACEMENT_3D('',#10183,#8250,#8251);
#6766=AXIS2_PLACEMENT_3D('',#10184,#8252,#8253);
#6767=AXIS2_PLACEMENT_3D('',#10185,#8254,#8255);
#6768=AXIS2_PLACEMENT_3D('',#10186,#8256,#8257);
#6769=AXIS2_PLACEMENT_3D('',#10187,#8258,#8259);
#6770=AXIS2_PLACEMENT_3D('',#10188,#8260,#8261);
#6771=AXIS2_PLACEMENT_3D('',#10189,#8262,#8263);
#6772=AXIS2_PLACEMENT_3D('',#10190,#8264,#8265);
#6773=AXIS2_PLACEMENT_3D('',#10192,#8266,#8267);
#6774=AXIS2_PLACEMENT_3D('',#10193,#8268,#8269);
#6775=AXIS2_PLACEMENT_3D('',#10194,#8270,#8271);
#6776=AXIS2_PLACEMENT_3D('',#10195,#8272,#8273);
#6777=AXIS2_PLACEMENT_3D('',#10196,#8274,#8275);
#6778=AXIS2_PLACEMENT_3D('',#10197,#8276,#8277);
#6779=AXIS2_PLACEMENT_3D('',#10198,#8278,#8279);
#6780=AXIS2_PLACEMENT_3D('',#10199,#8280,#8281);
#6781=AXIS2_PLACEMENT_3D('',#10200,#8282,#8283);
#6782=AXIS2_PLACEMENT_3D('',#10201,#8284,#8285);
#6783=AXIS2_PLACEMENT_3D('',#10202,#8286,#8287);
#6784=AXIS2_PLACEMENT_3D('',#10203,#8288,#8289);
#6785=AXIS2_PLACEMENT_3D('',#10204,#8290,#8291);
#6786=AXIS2_PLACEMENT_3D('',#10205,#8292,#8293);
#6787=AXIS2_PLACEMENT_3D('',#10206,#8294,#8295);
#6788=AXIS2_PLACEMENT_3D('',#10207,#8296,#8297);
#6789=AXIS2_PLACEMENT_3D('',#10208,#8298,#8299);
#6790=AXIS2_PLACEMENT_3D('',#10209,#8300,#8301);
#6791=AXIS2_PLACEMENT_3D('',#10210,#8302,#8303);
#6792=AXIS2_PLACEMENT_3D('',#10211,#8304,#8305);
#6793=AXIS2_PLACEMENT_3D('',#10212,#8306,#8307);
#6794=AXIS2_PLACEMENT_3D('',#10213,#8308,#8309);
#6795=AXIS2_PLACEMENT_3D('',#10214,#8310,#8311);
#6796=AXIS2_PLACEMENT_3D('',#10215,#8312,#8313);
#6797=AXIS2_PLACEMENT_3D('',#10216,#8314,#8315);
#6798=AXIS2_PLACEMENT_3D('',#10217,#8316,#8317);
#6799=AXIS2_PLACEMENT_3D('',#10218,#8318,#8319);
#6800=AXIS2_PLACEMENT_3D('',#10219,#8320,#8321);
#6801=AXIS2_PLACEMENT_3D('',#10220,#8322,#8323);
#6802=AXIS2_PLACEMENT_3D('',#10221,#8324,#8325);
#6803=AXIS2_PLACEMENT_3D('',#10222,#8326,#8327);
#6804=AXIS2_PLACEMENT_3D('',#10223,#8328,#8329);
#6805=AXIS2_PLACEMENT_3D('',#10224,#8330,#8331);
#6806=AXIS2_PLACEMENT_3D('',#10225,#8332,#8333);
#6807=AXIS2_PLACEMENT_3D('',#10226,#8334,#8335);
#6808=AXIS2_PLACEMENT_3D('',#10227,#8336,#8337);
#6809=AXIS2_PLACEMENT_3D('',#10228,#8338,#8339);
#6810=AXIS2_PLACEMENT_3D('',#10229,#8340,#8341);
#6811=AXIS2_PLACEMENT_3D('',#10230,#8342,#8343);
#6812=AXIS2_PLACEMENT_3D('',#10231,#8344,#8345);
#6813=AXIS2_PLACEMENT_3D('',#10232,#8346,#8347);
#6814=AXIS2_PLACEMENT_3D('',#10233,#8348,#8349);
#6815=AXIS2_PLACEMENT_3D('',#10234,#8350,#8351);
#6816=AXIS2_PLACEMENT_3D('',#10235,#8352,#8353);
#6817=AXIS2_PLACEMENT_3D('',#10236,#8354,#8355);
#6818=AXIS2_PLACEMENT_3D('',#10237,#8356,#8357);
#6819=AXIS2_PLACEMENT_3D('',#10238,#8358,#8359);
#6820=AXIS2_PLACEMENT_3D('',#10239,#8360,#8361);
#6821=AXIS2_PLACEMENT_3D('',#10240,#8362,#8363);
#6822=AXIS2_PLACEMENT_3D('',#10241,#8364,#8365);
#6823=AXIS2_PLACEMENT_3D('',#10242,#8366,#8367);
#6824=AXIS2_PLACEMENT_3D('',#10243,#8368,#8369);
#6825=AXIS2_PLACEMENT_3D('',#10244,#8370,#8371);
#6826=AXIS2_PLACEMENT_3D('',#10245,#8372,#8373);
#6827=AXIS2_PLACEMENT_3D('',#10246,#8374,#8375);
#6828=AXIS2_PLACEMENT_3D('',#10247,#8376,#8377);
#6829=AXIS2_PLACEMENT_3D('',#10248,#8378,#8379);
#6830=AXIS2_PLACEMENT_3D('',#10249,#8380,#8381);
#6831=AXIS2_PLACEMENT_3D('',#10258,#8386,#8387);
#6832=AXIS2_PLACEMENT_3D('',#10267,#8392,#8393);
#6833=AXIS2_PLACEMENT_3D('',#10278,#8399,#8400);
#6834=AXIS2_PLACEMENT_3D('',#10287,#8405,#8406);
#6835=AXIS2_PLACEMENT_3D('',#10288,#8407,#8408);
#6836=AXIS2_PLACEMENT_3D('',#10299,#8414,#8415);
#6837=AXIS2_PLACEMENT_3D('',#10305,#8418,#8419);
#6838=AXIS2_PLACEMENT_3D('',#10309,#8422,#8423);
#6839=AXIS2_PLACEMENT_3D('',#10310,#8424,#8425);
#6840=AXIS2_PLACEMENT_3D('',#10318,#8430,#8431);
#6841=AXIS2_PLACEMENT_3D('',#10329,#8437,#8438);
#6842=AXIS2_PLACEMENT_3D('',#10335,#8441,#8442);
#6843=AXIS2_PLACEMENT_3D('',#10339,#8445,#8446);
#6844=AXIS2_PLACEMENT_3D('',#10340,#8447,#8448);
#6845=AXIS2_PLACEMENT_3D('',#10348,#8453,#8454);
#6846=AXIS2_PLACEMENT_3D('',#10349,#8455,#8456);
#6847=AXIS2_PLACEMENT_3D('',#10350,#8457,#8458);
#6848=AXIS2_PLACEMENT_3D('',#10351,#8459,#8460);
#6849=AXIS2_PLACEMENT_3D('',#10352,#8461,#8462);
#6850=AXIS2_PLACEMENT_3D('',#10353,#8463,#8464);
#6851=AXIS2_PLACEMENT_3D('',#10354,#8465,#8466);
#6852=AXIS2_PLACEMENT_3D('',#10356,#8468,#8469);
#6853=AXIS2_PLACEMENT_3D('',#10361,#8471,#8472);
#6854=AXIS2_PLACEMENT_3D('',#10368,#8476,#8477);
#6855=AXIS2_PLACEMENT_3D('',#10372,#8479,#8480);
#6856=AXIS2_PLACEMENT_3D('',#10379,#8484,#8485);
#6857=AXIS2_PLACEMENT_3D('',#10380,#8486,#8487);
#6858=AXIS2_PLACEMENT_3D('',#10386,#8491,#8492);
#6859=AXIS2_PLACEMENT_3D('',#10390,#8494,#8495);
#6860=AXIS2_PLACEMENT_3D('',#10394,#8497,#8498);
#6861=AXIS2_PLACEMENT_3D('',#10399,#8501,#8502);
#6862=AXIS2_PLACEMENT_3D('',#10403,#8504,#8505);
#6863=AXIS2_PLACEMENT_3D('',#10407,#8508,#8509);
#6864=AXIS2_PLACEMENT_3D('',#10409,#8511,#8512);
#6865=AXIS2_PLACEMENT_3D('',#10411,#8514,#8515);
#6866=AXIS2_PLACEMENT_3D('',#10416,#8517,#8518);
#6867=AXIS2_PLACEMENT_3D('',#10423,#8522,#8523);
#6868=AXIS2_PLACEMENT_3D('',#10427,#8525,#8526);
#6869=AXIS2_PLACEMENT_3D('',#10434,#8530,#8531);
#6870=AXIS2_PLACEMENT_3D('',#10435,#8532,#8533);
#6871=AXIS2_PLACEMENT_3D('',#10441,#8537,#8538);
#6872=AXIS2_PLACEMENT_3D('',#10445,#8540,#8541);
#6873=AXIS2_PLACEMENT_3D('',#10449,#8543,#8544);
#6874=AXIS2_PLACEMENT_3D('',#10454,#8547,#8548);
#6875=AXIS2_PLACEMENT_3D('',#10458,#8550,#8551);
#6876=AXIS2_PLACEMENT_3D('',#10460,#8553,#8554);
#6877=AXIS2_PLACEMENT_3D('',#10462,#8556,#8557);
#6878=AXIS2_PLACEMENT_3D('',#10464,#8559,#8560);
#6879=AXIS2_PLACEMENT_3D('',#10466,#8562,#8563);
#6880=AXIS2_PLACEMENT_3D('',#10467,#8564,#8565);
#6881=AXIS2_PLACEMENT_3D('',#10470,#8568,#8569);
#6882=AXIS2_PLACEMENT_3D('',#10472,#8571,#8572);
#6883=AXIS2_PLACEMENT_3D('',#10473,#8573,#8574);
#6884=AXIS2_PLACEMENT_3D('',#10474,#8575,#8576);
#6885=AXIS2_PLACEMENT_3D('',#10477,#8579,#8580);
#6886=AXIS2_PLACEMENT_3D('',#10479,#8582,#8583);
#6887=AXIS2_PLACEMENT_3D('',#10482,#8586,#8587);
#6888=AXIS2_PLACEMENT_3D('',#10484,#8589,#8590);
#6889=AXIS2_PLACEMENT_3D('',#10487,#8593,#8594);
#6890=AXIS2_PLACEMENT_3D('',#10488,#8595,#8596);
#6891=AXIS2_PLACEMENT_3D('',#10489,#8597,#8598);
#6892=AXIS2_PLACEMENT_3D('',#10490,#8599,#8600);
#6893=AXIS2_PLACEMENT_3D('',#10491,#8601,#8602);
#6894=AXIS2_PLACEMENT_3D('',#10492,#8603,#8604);
#6895=AXIS2_PLACEMENT_3D('',#10493,#8605,#8606);
#6896=AXIS2_PLACEMENT_3D('',#10494,#8607,#8608);
#6897=AXIS2_PLACEMENT_3D('',#10495,#8609,#8610);
#6898=AXIS2_PLACEMENT_3D('',#10497,#8611,#8612);
#6899=AXIS2_PLACEMENT_3D('',#10498,#8613,#8614);
#6900=AXIS2_PLACEMENT_3D('',#10499,#8615,#8616);
#6901=AXIS2_PLACEMENT_3D('',#10500,#8617,#8618);
#6902=AXIS2_PLACEMENT_3D('',#10501,#8619,#8620);
#6903=AXIS2_PLACEMENT_3D('',#10502,#8621,#8622);
#6904=AXIS2_PLACEMENT_3D('',#10503,#8623,#8624);
#6905=AXIS2_PLACEMENT_3D('',#10504,#8625,#8626);
#6906=AXIS2_PLACEMENT_3D('',#10505,#8627,#8628);
#6907=AXIS2_PLACEMENT_3D('',#10506,#8629,#8630);
#6908=AXIS2_PLACEMENT_3D('',#10507,#8631,#8632);
#6909=AXIS2_PLACEMENT_3D('',#10508,#8633,#8634);
#6910=AXIS2_PLACEMENT_3D('',#10509,#8635,#8636);
#6911=AXIS2_PLACEMENT_3D('',#10510,#8637,#8638);
#6912=AXIS2_PLACEMENT_3D('',#10511,#8639,#8640);
#6913=AXIS2_PLACEMENT_3D('',#10512,#8641,#8642);
#6914=AXIS2_PLACEMENT_3D('',#10513,#8643,#8644);
#6915=AXIS2_PLACEMENT_3D('',#10514,#8645,#8646);
#6916=AXIS2_PLACEMENT_3D('',#10515,#8647,#8648);
#6917=AXIS2_PLACEMENT_3D('',#10516,#8649,#8650);
#6918=AXIS2_PLACEMENT_3D('',#10517,#8651,#8652);
#6919=AXIS2_PLACEMENT_3D('',#10518,#8653,#8654);
#6920=AXIS2_PLACEMENT_3D('',#10519,#8655,#8656);
#6921=AXIS2_PLACEMENT_3D('',#10520,#8657,#8658);
#6922=AXIS2_PLACEMENT_3D('',#10521,#8659,#8660);
#6923=AXIS2_PLACEMENT_3D('',#10522,#8661,#8662);
#6924=AXIS2_PLACEMENT_3D('',#10523,#8663,#8664);
#6925=AXIS2_PLACEMENT_3D('',#10524,#8665,#8666);
#6926=AXIS2_PLACEMENT_3D('',#10525,#8667,#8668);
#6927=AXIS2_PLACEMENT_3D('',#10526,#8669,#8670);
#6928=AXIS2_PLACEMENT_3D('',#10527,#8671,#8672);
#6929=AXIS2_PLACEMENT_3D('',#10528,#8673,#8674);
#6930=AXIS2_PLACEMENT_3D('',#10529,#8675,#8676);
#6931=AXIS2_PLACEMENT_3D('',#10530,#8677,#8678);
#6932=AXIS2_PLACEMENT_3D('',#10531,#8679,#8680);
#6933=AXIS2_PLACEMENT_3D('',#10532,#8681,#8682);
#6934=AXIS2_PLACEMENT_3D('',#10533,#8683,#8684);
#6935=AXIS2_PLACEMENT_3D('',#10534,#8685,#8686);
#6936=AXIS2_PLACEMENT_3D('',#10535,#8687,#8688);
#6937=AXIS2_PLACEMENT_3D('',#10536,#8689,#8690);
#6938=AXIS2_PLACEMENT_3D('',#10537,#8691,#8692);
#6939=AXIS2_PLACEMENT_3D('',#10538,#8693,#8694);
#6940=AXIS2_PLACEMENT_3D('',#10539,#8695,#8696);
#6941=AXIS2_PLACEMENT_3D('',#10540,#8697,#8698);
#6942=AXIS2_PLACEMENT_3D('',#10541,#8699,#8700);
#6943=AXIS2_PLACEMENT_3D('',#10542,#8701,#8702);
#6944=AXIS2_PLACEMENT_3D('',#10543,#8703,#8704);
#6945=AXIS2_PLACEMENT_3D('',#10544,#8705,#8706);
#6946=AXIS2_PLACEMENT_3D('',#10545,#8707,#8708);
#6947=AXIS2_PLACEMENT_3D('',#10546,#8709,#8710);
#6948=AXIS2_PLACEMENT_3D('',#10547,#8711,#8712);
#6949=AXIS2_PLACEMENT_3D('',#10548,#8713,#8714);
#6950=AXIS2_PLACEMENT_3D('',#10549,#8715,#8716);
#6951=AXIS2_PLACEMENT_3D('',#10550,#8717,#8718);
#6952=AXIS2_PLACEMENT_3D('',#10551,#8719,#8720);
#6953=AXIS2_PLACEMENT_3D('',#10552,#8721,#8722);
#6954=AXIS2_PLACEMENT_3D('',#10553,#8723,#8724);
#6955=AXIS2_PLACEMENT_3D('',#10554,#8725,#8726);
#6956=AXIS2_PLACEMENT_3D('',#10555,#8727,#8728);
#6957=AXIS2_PLACEMENT_3D('',#10556,#8729,#8730);
#6958=AXIS2_PLACEMENT_3D('',#10557,#8731,#8732);
#6959=AXIS2_PLACEMENT_3D('',#10558,#8733,#8734);
#6960=AXIS2_PLACEMENT_3D('',#10559,#8735,#8736);
#6961=AXIS2_PLACEMENT_3D('',#10560,#8737,#8738);
#6962=AXIS2_PLACEMENT_3D('',#10561,#8739,#8740);
#6963=AXIS2_PLACEMENT_3D('',#10562,#8741,#8742);
#6964=AXIS2_PLACEMENT_3D('',#10563,#8743,#8744);
#6965=AXIS2_PLACEMENT_3D('',#10564,#8745,#8746);
#6966=AXIS2_PLACEMENT_3D('',#10565,#8747,#8748);
#6967=AXIS2_PLACEMENT_3D('',#10566,#8749,#8750);
#6968=AXIS2_PLACEMENT_3D('',#10567,#8751,#8752);
#6969=AXIS2_PLACEMENT_3D('',#10568,#8753,#8754);
#6970=AXIS2_PLACEMENT_3D('',#10569,#8755,#8756);
#6971=AXIS2_PLACEMENT_3D('',#10571,#8757,#8758);
#6972=AXIS2_PLACEMENT_3D('',#10574,#8760,#8761);
#6973=AXIS2_PLACEMENT_3D('',#10575,#8762,#8763);
#6974=AXIS2_PLACEMENT_3D('',#10577,#8764,#8765);
#6975=AXIS2_PLACEMENT_3D('',#10580,#8767,#8768);
#6976=AXIS2_PLACEMENT_3D('',#10581,#8769,#8770);
#6977=AXIS2_PLACEMENT_3D('',#10582,#8771,#8772);
#6978=AXIS2_PLACEMENT_3D('',#10583,#8773,#8774);
#6979=AXIS2_PLACEMENT_3D('',#10584,#8775,#8776);
#6980=AXIS2_PLACEMENT_3D('',#10593,#8781,#8782);
#6981=AXIS2_PLACEMENT_3D('',#10599,#8786,#8787);
#6982=AXIS2_PLACEMENT_3D('',#10605,#8791,#8792);
#6983=AXIS2_PLACEMENT_3D('',#10608,#8795,#8796);
#6984=AXIS2_PLACEMENT_3D('',#10617,#8801,#8802);
#6985=AXIS2_PLACEMENT_3D('',#10626,#8807,#8808);
#6986=AXIS2_PLACEMENT_3D('',#10629,#8811,#8812);
#6987=AXIS2_PLACEMENT_3D('',#10631,#8814,#8815);
#6988=AXIS2_PLACEMENT_3D('',#10633,#8817,#8818);
#6989=AXIS2_PLACEMENT_3D('',#10634,#8819,#8820);
#6990=AXIS2_PLACEMENT_3D('',#10635,#8821,#8822);
#6991=AXIS2_PLACEMENT_3D('',#10637,#8823,#8824);
#6992=AXIS2_PLACEMENT_3D('',#10640,#8826,#8827);
#6993=AXIS2_PLACEMENT_3D('',#10641,#8828,#8829);
#6994=AXIS2_PLACEMENT_3D('',#10650,#8834,#8835);
#6995=AXIS2_PLACEMENT_3D('',#10659,#8840,#8841);
#6996=AXIS2_PLACEMENT_3D('',#10668,#8846,#8847);
#6997=AXIS2_PLACEMENT_3D('',#10679,#8854,#8855);
#6998=AXIS2_PLACEMENT_3D('',#10683,#8857,#8858);
#6999=AXIS2_PLACEMENT_3D('',#10685,#8860,#8861);
#7000=AXIS2_PLACEMENT_3D('',#10686,#8862,#8863);
#7001=AXIS2_PLACEMENT_3D('',#10687,#8864,#8865);
#7002=AXIS2_PLACEMENT_3D('',#10688,#8866,#8867);
#7003=AXIS2_PLACEMENT_3D('',#10689,#8868,#8869);
#7004=AXIS2_PLACEMENT_3D('',#10690,#8870,#8871);
#7005=AXIS2_PLACEMENT_3D('',#10691,#8872,#8873);
#7006=AXIS2_PLACEMENT_3D('',#10692,#8874,#8875);
#7007=AXIS2_PLACEMENT_3D('',#10696,#8878,#8879);
#7008=AXIS2_PLACEMENT_3D('',#10698,#8880,#8881);
#7009=AXIS2_PLACEMENT_3D('',#10700,#8883,#8884);
#7010=AXIS2_PLACEMENT_3D('',#10702,#8886,#8887);
#7011=AXIS2_PLACEMENT_3D('',#10703,#8888,#8889);
#7012=AXIS2_PLACEMENT_3D('',#10704,#8890,#8891);
#7013=AXIS2_PLACEMENT_3D('',#10705,#8892,#8893);
#7014=AXIS2_PLACEMENT_3D('',#10706,#8894,#8895);
#7015=AXIS2_PLACEMENT_3D('',#10707,#8896,#8897);
#7016=AXIS2_PLACEMENT_3D('',#10708,#8898,#8899);
#7017=DIRECTION('axis',(0.,0.,1.));
#7018=DIRECTION('refdir',(1.,0.,0.));
#7019=DIRECTION('axis',(0.,0.,1.));
#7020=DIRECTION('refdir',(1.,0.,0.));
#7021=DIRECTION('center_axis',(1.,0.,0.));
#7022=DIRECTION('ref_axis',(0.,0.,-1.));
#7023=DIRECTION('center_axis',(-1.,-1.19801345026023E-16,0.));
#7024=DIRECTION('ref_axis',(1.19801345026023E-16,-1.,0.));
#7025=DIRECTION('',(1.,0.,0.));
#7026=DIRECTION('center_axis',(-1.,1.19801345026023E-16,0.));
#7027=DIRECTION('ref_axis',(-1.19801345026023E-16,-1.,0.));
#7028=DIRECTION('center_axis',(-1.,0.,0.));
#7029=DIRECTION('ref_axis',(0.,0.,1.));
#7030=DIRECTION('',(0.,0.,-1.));
#7031=DIRECTION('',(0.,-1.,0.));
#7032=DIRECTION('',(0.,0.,-1.));
#7033=DIRECTION('',(0.,1.,-1.39897054514258E-16));
#7034=DIRECTION('',(0.,0.,1.));
#7035=DIRECTION('',(0.,-1.,0.));
#7036=DIRECTION('',(0.,0.,1.));
#7037=DIRECTION('',(0.,1.,0.));
#7038=DIRECTION('',(0.,0.,-1.));
#7039=DIRECTION('',(0.,1.,0.));
#7040=DIRECTION('',(0.,0.,-1.));
#7041=DIRECTION('',(0.,-1.,0.));
#7042=DIRECTION('',(0.,0.,-1.));
#7043=DIRECTION('',(0.,1.,1.39897054514258E-16));
#7044=DIRECTION('',(0.,0.,1.));
#7045=DIRECTION('',(0.,-1.,0.));
#7046=DIRECTION('',(0.,0.,1.));
#7047=DIRECTION('',(0.,-1.,0.));
#7048=DIRECTION('',(0.,0.,1.));
#7049=DIRECTION('',(0.,-1.,0.));
#7050=DIRECTION('',(0.,0.,1.));
#7051=DIRECTION('',(0.,1.,0.));
#7052=DIRECTION('',(0.,2.4093381610789E-15,-1.));
#7053=DIRECTION('',(0.,1.,0.));
#7054=DIRECTION('',(0.,0.,-1.));
#7055=DIRECTION('',(0.,-1.,0.));
#7056=DIRECTION('',(0.,0.,-1.));
#7057=DIRECTION('',(0.,-1.,0.));
#7058=DIRECTION('center_axis',(-1.,0.,0.));
#7059=DIRECTION('ref_axis',(0.,0.,1.));
#7060=DIRECTION('',(0.,0.,1.));
#7061=DIRECTION('',(0.,1.,0.));
#7062=DIRECTION('',(0.,0.,1.));
#7063=DIRECTION('',(0.,1.,0.));
#7064=DIRECTION('center_axis',(-1.,0.,0.));
#7065=DIRECTION('ref_axis',(0.,0.,1.));
#7066=DIRECTION('',(0.,0.,1.));
#7067=DIRECTION('',(0.,1.,0.));
#7068=DIRECTION('',(0.,0.,1.));
#7069=DIRECTION('',(0.,-1.,0.));
#7070=DIRECTION('center_axis',(0.,-1.,0.));
#7071=DIRECTION('ref_axis',(0.,0.,-1.));
#7072=DIRECTION('',(0.,0.,-1.));
#7073=DIRECTION('',(-1.,0.,0.));
#7074=DIRECTION('',(0.,0.,1.));
#7075=DIRECTION('',(-1.,0.,0.));
#7076=DIRECTION('center_axis',(0.,-1.,0.));
#7077=DIRECTION('ref_axis',(0.,0.,-1.));
#7078=DIRECTION('',(1.,0.,0.));
#7079=DIRECTION('',(0.,0.,1.));
#7080=DIRECTION('',(-1.,0.,0.));
#7081=DIRECTION('',(0.,0.,-1.));
#7082=DIRECTION('center_axis',(0.,-1.,0.));
#7083=DIRECTION('ref_axis',(0.,0.,-1.));
#7084=DIRECTION('',(1.,-1.07524182395257E-15,0.));
#7085=DIRECTION('',(0.,0.,1.));
#7086=DIRECTION('',(-1.,1.07524182395257E-15,0.));
#7087=DIRECTION('',(0.,0.,1.));
#7088=DIRECTION('center_axis',(1.,-1.07524182395257E-15,0.));
#7089=DIRECTION('ref_axis',(1.07524182395257E-15,1.,0.));
#7090=DIRECTION('',(1.07524182395257E-15,1.,0.));
#7091=DIRECTION('center_axis',(1.,-1.07524182395257E-15,0.));
#7092=DIRECTION('ref_axis',(1.07524182395257E-15,1.,0.));
#7093=DIRECTION('',(5.65226434655344E-31,5.25673780599032E-16,1.));
#7094=DIRECTION('',(1.07524182395257E-15,1.,0.));
#7095=DIRECTION('center_axis',(-1.,1.07524182395257E-15,0.));
#7096=DIRECTION('ref_axis',(1.07524182395257E-15,1.,0.));
#7097=DIRECTION('',(1.07524182395257E-15,1.,0.));
#7098=DIRECTION('',(5.65226434655344E-31,5.25673780599032E-16,-1.));
#7099=DIRECTION('center_axis',(1.,-1.07524182395257E-15,0.));
#7100=DIRECTION('ref_axis',(1.07524182395257E-15,1.,0.));
#7101=DIRECTION('',(1.07524182395257E-15,1.,0.));
#7102=DIRECTION('',(0.,0.,-1.));
#7103=DIRECTION('',(1.07524182395257E-15,1.,0.));
#7104=DIRECTION('',(0.,0.,-1.));
#7105=DIRECTION('',(-1.07524182395257E-15,-1.,0.));
#7106=DIRECTION('',(0.,0.,-1.));
#7107=DIRECTION('',(1.07524182395257E-15,1.,0.));
#7108=DIRECTION('',(0.,0.,1.));
#7109=DIRECTION('',(-1.07524182395257E-15,-1.,0.));
#7110=DIRECTION('',(0.,0.,-1.));
#7111=DIRECTION('',(-1.07524182395257E-15,-1.,0.));
#7112=DIRECTION('',(0.,0.,-1.));
#7113=DIRECTION('',(1.07524182395257E-15,1.,0.));
#7114=DIRECTION('',(0.,0.,1.));
#7115=DIRECTION('',(-1.07524182395257E-15,-1.,0.));
#7116=DIRECTION('',(0.,0.,-1.));
#7117=DIRECTION('',(1.07524182395257E-15,1.,0.));
#7118=DIRECTION('',(0.,0.,1.));
#7119=DIRECTION('center_axis',(1.,-1.07524182395257E-15,0.));
#7120=DIRECTION('ref_axis',(1.07524182395257E-15,1.,0.));
#7121=DIRECTION('center_axis',(0.,-1.,0.));
#7122=DIRECTION('ref_axis',(0.,0.,-1.));
#7123=DIRECTION('',(0.,0.,1.));
#7124=DIRECTION('',(-1.,0.,0.));
#7125=DIRECTION('',(0.,0.,-1.));
#7126=DIRECTION('',(1.,0.,0.));
#7127=DIRECTION('center_axis',(4.01556360179817E-16,1.,0.));
#7128=DIRECTION('ref_axis',(-1.,4.01556360179817E-16,0.));
#7129=DIRECTION('',(-1.,4.01556360179817E-16,0.));
#7130=DIRECTION('',(0.,0.,1.));
#7131=DIRECTION('',(1.,-4.01556360179817E-16,0.));
#7132=DIRECTION('',(1.,0.,0.));
#7133=DIRECTION('',(0.,0.,1.));
#7134=DIRECTION('',(1.,0.,0.));
#7135=DIRECTION('center_axis',(-1.,-1.19801345026023E-16,0.));
#7136=DIRECTION('ref_axis',(1.19801345026023E-16,-1.,0.));
#7137=DIRECTION('',(1.19801345026023E-16,-1.,0.));
#7138=DIRECTION('',(1.19801345026023E-16,-1.,0.));
#7139=DIRECTION('center_axis',(1.,1.19801345026023E-16,0.));
#7140=DIRECTION('ref_axis',(1.19801345026023E-16,-1.,0.));
#7141=DIRECTION('center_axis',(0.,0.,1.));
#7142=DIRECTION('ref_axis',(1.,0.,0.));
#7143=DIRECTION('',(0.,-1.,0.));
#7144=DIRECTION('',(1.,0.,0.));
#7145=DIRECTION('',(-1.,4.01556360179817E-16,0.));
#7146=DIRECTION('center_axis',(1.,0.,0.));
#7147=DIRECTION('ref_axis',(0.,0.,-1.));
#7148=DIRECTION('',(1.,0.,0.));
#7149=DIRECTION('',(1.,0.,0.));
#7150=DIRECTION('center_axis',(0.,0.,-1.));
#7151=DIRECTION('ref_axis',(-1.,0.,0.));
#7152=DIRECTION('center_axis',(0.,0.,-1.));
#7153=DIRECTION('ref_axis',(-1.,0.,0.));
#7154=DIRECTION('',(-1.,0.,0.));
#7155=DIRECTION('',(0.,-1.,0.));
#7156=DIRECTION('',(1.,0.,0.));
#7157=DIRECTION('',(1.07524182395257E-15,1.,0.));
#7158=DIRECTION('',(-0.732964093231908,-0.680267328359026,0.));
#7159=DIRECTION('center_axis',(0.,1.,0.));
#7160=DIRECTION('ref_axis',(0.,0.,1.));
#7161=DIRECTION('',(0.,0.,1.));
#7162=DIRECTION('',(-1.,0.,0.));
#7163=DIRECTION('center_axis',(0.,1.,0.));
#7164=DIRECTION('ref_axis',(0.,0.,1.));
#7165=DIRECTION('',(1.,0.,0.));
#7166=DIRECTION('',(1.,0.,0.));
#7167=DIRECTION('center_axis',(0.,1.,0.));
#7168=DIRECTION('ref_axis',(0.,0.,1.));
#7169=DIRECTION('center_axis',(0.,0.,1.));
#7170=DIRECTION('ref_axis',(1.,0.,0.));
#7171=DIRECTION('',(0.732964093231908,0.680267328359026,0.));
#7172=DIRECTION('',(-1.07524182395257E-15,-1.,0.));
#7173=DIRECTION('',(-1.,0.,0.));
#7174=DIRECTION('',(0.,1.,0.));
#7175=DIRECTION('center_axis',(0.,0.,-1.));
#7176=DIRECTION('ref_axis',(-1.,0.,0.));
#7177=DIRECTION('',(-1.,0.,0.));
#7178=DIRECTION('',(0.,-1.,0.));
#7179=DIRECTION('',(1.,0.,0.));
#7180=DIRECTION('',(1.07524182395257E-15,1.,0.));
#7181=DIRECTION('',(-0.732964093231908,-0.680267328359026,0.));
#7182=DIRECTION('center_axis',(0.,1.,0.));
#7183=DIRECTION('ref_axis',(0.,0.,1.));
#7184=DIRECTION('',(0.,0.,1.));
#7185=DIRECTION('',(-1.,0.,0.));
#7186=DIRECTION('center_axis',(0.,1.,0.));
#7187=DIRECTION('ref_axis',(0.,0.,1.));
#7188=DIRECTION('',(1.,0.,0.));
#7189=DIRECTION('',(1.,0.,0.));
#7190=DIRECTION('center_axis',(0.,1.,0.));
#7191=DIRECTION('ref_axis',(0.,0.,1.));
#7192=DIRECTION('center_axis',(0.,0.,1.));
#7193=DIRECTION('ref_axis',(1.,0.,0.));
#7194=DIRECTION('',(0.732964093231908,0.680267328359026,0.));
#7195=DIRECTION('',(-1.07524182395257E-15,-1.,0.));
#7196=DIRECTION('',(-1.,0.,0.));
#7197=DIRECTION('',(0.,1.,0.));
#7198=DIRECTION('center_axis',(0.680267328359026,-0.732964093231908,0.));
#7199=DIRECTION('ref_axis',(0.732964093231908,0.680267328359025,0.));
#7200=DIRECTION('center_axis',(-0.680267328359028,0.732964093231906,-1.22176403166346E-15));
#7201=DIRECTION('ref_axis',(0.732964093231906,0.680267328359028,3.72501024586472E-14));
#7202=DIRECTION('center_axis',(-0.680267328359027,0.732964093231907,2.74896907124278E-15));
#7203=DIRECTION('ref_axis',(0.732964093231907,0.680267328359027,1.31265768804257E-13));
#7204=DIRECTION('center_axis',(0.680267328359026,-0.732964093231908,0.));
#7205=DIRECTION('ref_axis',(0.732964093231908,0.680267328359025,0.));
#7206=DIRECTION('center_axis',(-0.680267328359028,0.732964093231906,-1.22176403166346E-15));
#7207=DIRECTION('ref_axis',(0.732964093231906,0.680267328359028,-2.7746850344924E-14));
#7208=DIRECTION('center_axis',(-0.680267328359027,0.732964093231907,1.01813669305288E-16));
#7209=DIRECTION('ref_axis',(0.732964093231907,0.680267328359027,-8.3838579179403E-14));
#7210=DIRECTION('center_axis',(0.,1.,0.));
#7211=DIRECTION('ref_axis',(0.,0.,1.));
#7212=DIRECTION('',(0.,0.,1.));
#7213=DIRECTION('',(1.,0.,0.));
#7214=DIRECTION('',(0.,0.,1.));
#7215=DIRECTION('',(1.,0.,0.));
#7216=DIRECTION('center_axis',(0.,0.,-1.));
#7217=DIRECTION('ref_axis',(-1.,0.,0.));
#7218=DIRECTION('',(1.,0.,0.));
#7219=DIRECTION('center_axis',(0.,0.,1.));
#7220=DIRECTION('ref_axis',(-1.,0.,0.));
#7221=DIRECTION('',(-0.57442574909643,-0.818556692462413,0.));
#7222=DIRECTION('center_axis',(0.,0.,-1.));
#7223=DIRECTION('ref_axis',(-1.,0.,0.));
#7224=DIRECTION('',(-1.,0.,0.));
#7225=DIRECTION('',(0.,1.,0.));
#7226=DIRECTION('center_axis',(0.,0.,1.));
#7227=DIRECTION('ref_axis',(-1.,0.,0.));
#7228=DIRECTION('',(0.574425749096429,0.818556692462413,0.));
#7229=DIRECTION('center_axis',(0.,0.,-1.));
#7230=DIRECTION('ref_axis',(-1.,0.,0.));
#7231=DIRECTION('',(1.,0.,0.));
#7232=DIRECTION('',(0.,1.,0.));
#7233=DIRECTION('center_axis',(0.,-1.,-2.4093381610789E-15));
#7234=DIRECTION('ref_axis',(0.,2.4093381610789E-15,-1.));
#7235=DIRECTION('',(1.,0.,0.));
#7236=DIRECTION('',(-1.69076362180976E-15,-2.4093381610789E-15,1.));
#7237=DIRECTION('center_axis',(-1.,0.,0.));
#7238=DIRECTION('ref_axis',(0.,0.,1.));
#7239=DIRECTION('',(0.,0.,1.));
#7240=DIRECTION('',(0.,1.,0.));
#7241=DIRECTION('center_axis',(0.,0.,1.));
#7242=DIRECTION('ref_axis',(1.,0.,0.));
#7243=DIRECTION('',(0.57442574909643,0.818556692462413,0.));
#7244=DIRECTION('center_axis',(0.,0.,-1.));
#7245=DIRECTION('ref_axis',(1.,0.,0.));
#7246=DIRECTION('',(1.,0.,0.));
#7247=DIRECTION('',(0.,-1.,0.));
#7248=DIRECTION('',(-1.,0.,0.));
#7249=DIRECTION('center_axis',(0.,0.,1.));
#7250=DIRECTION('ref_axis',(1.,0.,0.));
#7251=DIRECTION('',(-0.574425749096429,-0.818556692462413,0.));
#7252=DIRECTION('center_axis',(0.,0.,-1.));
#7253=DIRECTION('ref_axis',(1.,0.,0.));
#7254=DIRECTION('',(1.,0.,0.));
#7255=DIRECTION('',(0.,-1.,0.));
#7256=DIRECTION('',(1.,0.,0.));
#7257=DIRECTION('center_axis',(0.,0.,1.));
#7258=DIRECTION('ref_axis',(1.,0.,0.));
#7259=DIRECTION('center_axis',(0.,1.,0.));
#7260=DIRECTION('ref_axis',(0.,0.,1.));
#7261=DIRECTION('',(0.,0.,1.));
#7262=DIRECTION('',(1.,0.,0.));
#7263=DIRECTION('',(0.,0.,1.));
#7264=DIRECTION('center_axis',(0.,0.,-1.));
#7265=DIRECTION('ref_axis',(-1.,0.,0.));
#7266=DIRECTION('',(1.,0.,0.));
#7267=DIRECTION('center_axis',(0.,0.,1.));
#7268=DIRECTION('ref_axis',(-1.,-6.67201336914157E-15,0.));
#7269=DIRECTION('',(-0.57442574909643,-0.818556692462413,0.));
#7270=DIRECTION('center_axis',(0.,0.,-1.));
#7271=DIRECTION('ref_axis',(-1.,0.,0.));
#7272=DIRECTION('',(-1.,0.,0.));
#7273=DIRECTION('',(0.,1.,0.));
#7274=DIRECTION('center_axis',(0.,0.,1.));
#7275=DIRECTION('ref_axis',(-1.,0.,0.));
#7276=DIRECTION('',(0.574425749096429,0.818556692462413,0.));
#7277=DIRECTION('center_axis',(0.,0.,-1.));
#7278=DIRECTION('ref_axis',(-1.,0.,0.));
#7279=DIRECTION('',(1.,0.,0.));
#7280=DIRECTION('',(0.,1.,0.));
#7281=DIRECTION('center_axis',(0.,-1.,0.));
#7282=DIRECTION('ref_axis',(0.,0.,-1.));
#7283=DIRECTION('',(0.,0.,1.));
#7284=DIRECTION('center_axis',(1.,0.,0.));
#7285=DIRECTION('ref_axis',(0.,0.,-1.));
#7286=DIRECTION('',(0.,0.,1.));
#7287=DIRECTION('center_axis',(0.,0.,1.));
#7288=DIRECTION('ref_axis',(1.,0.,0.));
#7289=DIRECTION('',(0.57442574909643,0.818556692462413,0.));
#7290=DIRECTION('center_axis',(0.,0.,-1.));
#7291=DIRECTION('ref_axis',(1.,6.67201336914157E-15,0.));
#7292=DIRECTION('',(1.,0.,0.));
#7293=DIRECTION('',(0.,-1.,0.));
#7294=DIRECTION('',(-1.,0.,0.));
#7295=DIRECTION('center_axis',(0.,0.,1.));
#7296=DIRECTION('ref_axis',(1.,0.,0.));
#7297=DIRECTION('',(-0.574425749096429,-0.818556692462413,0.));
#7298=DIRECTION('center_axis',(0.,0.,-1.));
#7299=DIRECTION('ref_axis',(1.,0.,0.));
#7300=DIRECTION('',(1.,0.,0.));
#7301=DIRECTION('',(0.,-1.,0.));
#7302=DIRECTION('',(1.,0.,0.));
#7303=DIRECTION('center_axis',(0.,0.,1.));
#7304=DIRECTION('ref_axis',(1.,0.,0.));
#7305=DIRECTION('center_axis',(0.,1.,2.44327250137579E-15));
#7306=DIRECTION('ref_axis',(0.,-2.44327250137579E-15,1.));
#7307=DIRECTION('',(-1.71457719394792E-15,-2.44327250137579E-15,1.));
#7308=DIRECTION('',(1.,0.,0.));
#7309=DIRECTION('',(0.,-2.44327250137579E-15,1.));
#7310=DIRECTION('center_axis',(0.,-1.39897054514258E-16,-1.));
#7311=DIRECTION('ref_axis',(0.,1.,-1.39897054514258E-16));
#7312=DIRECTION('',(1.,0.,0.));
#7313=DIRECTION('center_axis',(0.,1.39897054514258E-16,1.));
#7314=DIRECTION('ref_axis',(0.,1.,-1.39897054514258E-16));
#7315=DIRECTION('',(0.57442574909643,0.818556692462413,0.));
#7316=DIRECTION('center_axis',(0.,-1.39897054514258E-16,-1.));
#7317=DIRECTION('ref_axis',(0.,1.,-1.39897054514258E-16));
#7318=DIRECTION('',(1.,0.,0.));
#7319=DIRECTION('',(0.,1.,-1.39897054514258E-16));
#7320=DIRECTION('center_axis',(0.,1.39897054514258E-16,1.));
#7321=DIRECTION('ref_axis',(0.,1.,-1.39897054514258E-16));
#7322=DIRECTION('',(-0.574425749096429,-0.818556692462414,0.));
#7323=DIRECTION('center_axis',(0.,-1.39897054514258E-16,-1.));
#7324=DIRECTION('ref_axis',(0.,1.,-1.39897054514258E-16));
#7325=DIRECTION('',(-1.,0.,0.));
#7326=DIRECTION('center_axis',(0.,-1.,0.));
#7327=DIRECTION('ref_axis',(0.,0.,-1.));
#7328=DIRECTION('',(0.,0.,1.));
#7329=DIRECTION('center_axis',(1.,0.,0.));
#7330=DIRECTION('ref_axis',(0.,0.,-1.));
#7331=DIRECTION('',(0.,0.,-1.));
#7332=DIRECTION('center_axis',(0.,1.,0.));
#7333=DIRECTION('ref_axis',(0.,0.,1.));
#7334=DIRECTION('',(0.,0.,-1.));
#7335=DIRECTION('center_axis',(0.,1.,0.));
#7336=DIRECTION('ref_axis',(0.,0.,1.));
#7337=DIRECTION('center_axis',(-0.818556692462414,0.574425749096429,0.));
#7338=DIRECTION('ref_axis',(-0.574425749096429,-0.818556692462414,0.));
#7339=DIRECTION('',(1.71457719394792E-15,2.44327250137579E-15,-1.));
#7340=DIRECTION('',(0.,0.,1.));
#7341=DIRECTION('center_axis',(0.,1.,0.));
#7342=DIRECTION('ref_axis',(0.,0.,1.));
#7343=DIRECTION('',(0.,0.,-1.));
#7344=DIRECTION('center_axis',(0.,1.,0.));
#7345=DIRECTION('ref_axis',(0.,0.,1.));
#7346=DIRECTION('center_axis',(0.,1.,0.));
#7347=DIRECTION('ref_axis',(0.,0.,1.));
#7348=DIRECTION('center_axis',(-0.818556692462414,0.574425749096429,0.));
#7349=DIRECTION('ref_axis',(-0.574425749096429,-0.818556692462414,0.));
#7350=DIRECTION('',(0.,0.,1.));
#7351=DIRECTION('',(0.,0.,-1.));
#7352=DIRECTION('center_axis',(-0.818556692462414,0.574425749096429,0.));
#7353=DIRECTION('ref_axis',(-0.574425749096429,-0.818556692462414,0.));
#7354=DIRECTION('',(0.,0.,-1.));
#7355=DIRECTION('',(0.574425749096429,0.818556692462413,0.));
#7356=DIRECTION('',(0.,0.,1.));
#7357=DIRECTION('center_axis',(0.,1.,0.));
#7358=DIRECTION('ref_axis',(0.,0.,1.));
#7359=DIRECTION('',(0.,0.,-1.));
#7360=DIRECTION('',(1.,0.,0.));
#7361=DIRECTION('center_axis',(0.,-1.,0.));
#7362=DIRECTION('ref_axis',(0.,0.,-1.));
#7363=DIRECTION('center_axis',(0.,1.,0.));
#7364=DIRECTION('ref_axis',(0.,0.,1.));
#7365=DIRECTION('center_axis',(0.,-1.,0.));
#7366=DIRECTION('ref_axis',(0.,0.,-1.));
#7367=DIRECTION('',(0.,0.,-1.));
#7368=DIRECTION('center_axis',(0.818556692462413,-0.57442574909643,0.));
#7369=DIRECTION('ref_axis',(0.57442574909643,0.818556692462413,0.));
#7370=DIRECTION('',(0.,0.,-1.));
#7371=DIRECTION('',(0.,0.,1.));
#7372=DIRECTION('center_axis',(0.,-1.,0.));
#7373=DIRECTION('ref_axis',(0.,0.,-1.));
#7374=DIRECTION('',(0.,0.,-1.));
#7375=DIRECTION('center_axis',(0.818556692462413,-0.57442574909643,0.));
#7376=DIRECTION('ref_axis',(0.57442574909643,0.818556692462413,0.));
#7377=DIRECTION('',(0.,0.,-1.));
#7378=DIRECTION('',(0.,0.,1.));
#7379=DIRECTION('center_axis',(0.818556692462413,-0.57442574909643,0.));
#7380=DIRECTION('ref_axis',(0.57442574909643,0.818556692462413,0.));
#7381=DIRECTION('',(1.69076362180976E-15,2.4093381610789E-15,-1.));
#7382=DIRECTION('',(-0.57442574909643,-0.818556692462413,0.));
#7383=DIRECTION('',(0.,0.,1.));
#7384=DIRECTION('center_axis',(0.,-1.,0.));
#7385=DIRECTION('ref_axis',(0.,0.,-1.));
#7386=DIRECTION('',(0.,0.,-1.));
#7387=DIRECTION('',(-1.,0.,0.));
#7388=DIRECTION('center_axis',(0.,0.,1.));
#7389=DIRECTION('ref_axis',(1.,0.,0.));
#7390=DIRECTION('center_axis',(0.,0.,1.));
#7391=DIRECTION('ref_axis',(1.,0.,0.));
#7392=DIRECTION('center_axis',(-1.69076362180976E-15,-2.4093381610789E-15,
1.));
#7393=DIRECTION('ref_axis',(4.07362131539023E-30,-1.,-2.4093381610789E-15));
#7394=DIRECTION('center_axis',(0.,0.,1.));
#7395=DIRECTION('ref_axis',(-1.,0.,0.));
#7396=DIRECTION('center_axis',(0.,0.,-1.));
#7397=DIRECTION('ref_axis',(-1.,0.,0.));
#7398=DIRECTION('center_axis',(0.,0.,-1.));
#7399=DIRECTION('ref_axis',(-1.,0.,0.));
#7400=DIRECTION('center_axis',(0.,0.,-1.));
#7401=DIRECTION('ref_axis',(-1.,0.,0.));
#7402=DIRECTION('center_axis',(0.,0.,-1.));
#7403=DIRECTION('ref_axis',(-1.,0.,0.));
#7404=DIRECTION('center_axis',(-1.71457719394792E-15,-2.44327250137579E-15,
1.));
#7405=DIRECTION('ref_axis',(1.32925881934757E-30,-1.,-2.44327250137579E-15));
#7406=DIRECTION('center_axis',(0.,0.,-1.));
#7407=DIRECTION('ref_axis',(-1.,0.,0.));
#7408=DIRECTION('center_axis',(0.,0.,-1.));
#7409=DIRECTION('ref_axis',(-1.,0.,0.));
#7410=DIRECTION('center_axis',(0.,0.,1.));
#7411=DIRECTION('ref_axis',(1.,0.,0.));
#7412=DIRECTION('center_axis',(0.,0.,1.));
#7413=DIRECTION('ref_axis',(1.,0.,0.));
#7414=DIRECTION('center_axis',(0.,0.,1.));
#7415=DIRECTION('ref_axis',(-1.,0.,0.));
#7416=DIRECTION('center_axis',(0.,0.,-1.));
#7417=DIRECTION('ref_axis',(-1.,0.,0.));
#7418=DIRECTION('center_axis',(0.,0.,-1.));
#7419=DIRECTION('ref_axis',(-1.,0.,0.));
#7420=DIRECTION('center_axis',(0.,0.,1.));
#7421=DIRECTION('ref_axis',(1.,0.,0.));
#7422=DIRECTION('center_axis',(0.,0.,1.));
#7423=DIRECTION('ref_axis',(1.,0.,0.));
#7424=DIRECTION('center_axis',(0.,0.,-1.));
#7425=DIRECTION('ref_axis',(1.,0.,0.));
#7426=DIRECTION('center_axis',(0.,-1.,0.));
#7427=DIRECTION('ref_axis',(0.,0.,-1.));
#7428=DIRECTION('center_axis',(-5.16211209758278E-15,-0.707106781186549,
-0.707106781186546));
#7429=DIRECTION('ref_axis',(-2.81966386493791E-12,0.707106781186546,-0.707106781186549));
#7430=DIRECTION('center_axis',(-0.707106781186552,0.707106781186543,2.88217925448359E-14));
#7431=DIRECTION('ref_axis',(0.707106781186543,0.707106781186552,5.16375054609148E-13));
#7432=DIRECTION('center_axis',(0.,-1.,0.));
#7433=DIRECTION('ref_axis',(0.,0.,-1.));
#7434=DIRECTION('center_axis',(0.,-1.,0.));
#7435=DIRECTION('ref_axis',(0.,0.,-1.));
#7436=DIRECTION('center_axis',(0.,-1.,0.));
#7437=DIRECTION('ref_axis',(0.,0.,-1.));
#7438=DIRECTION('center_axis',(0.,0.,1.));
#7439=DIRECTION('ref_axis',(1.,0.,0.));
#7440=DIRECTION('center_axis',(-0.707106781186547,-3.87158407318691E-15,
-0.707106781186548));
#7441=DIRECTION('ref_axis',(0.707106781186548,-5.26576515936816E-12,-0.707106781186547));
#7442=DIRECTION('center_axis',(0.,0.,-1.));
#7443=DIRECTION('ref_axis',(-1.,0.,0.));
#7444=DIRECTION('center_axis',(0.,1.,0.));
#7445=DIRECTION('ref_axis',(1.,0.,0.));
#7446=DIRECTION('center_axis',(1.,0.,0.));
#7447=DIRECTION('ref_axis',(0.,0.,1.));
#7448=DIRECTION('center_axis',(1.,0.,0.));
#7449=DIRECTION('ref_axis',(0.,0.,-1.));
#7450=DIRECTION('center_axis',(1.,0.,1.70070929017334E-15));
#7451=DIRECTION('ref_axis',(1.70070929017334E-15,0.,-1.));
#7452=DIRECTION('center_axis',(0.,0.,1.));
#7453=DIRECTION('ref_axis',(1.,0.,0.));
#7454=DIRECTION('center_axis',(0.707106781186547,1.00572997607049E-15,-0.707106781186548));
#7455=DIRECTION('ref_axis',(0.707106781186548,-2.43966925763245E-14,0.707106781186547));
#7456=DIRECTION('center_axis',(0.,0.,-1.));
#7457=DIRECTION('ref_axis',(-1.,0.,0.));
#7458=DIRECTION('center_axis',(0.,1.,0.));
#7459=DIRECTION('ref_axis',(1.,0.,0.));
#7460=DIRECTION('center_axis',(1.70070929017334E-15,1.,0.));
#7461=DIRECTION('ref_axis',(1.,-1.70070929017334E-15,0.));
#7462=DIRECTION('center_axis',(1.07524182395257E-15,1.,0.));
#7463=DIRECTION('ref_axis',(-1.,1.07524182395257E-15,0.));
#7464=DIRECTION('center_axis',(1.07524182395257E-15,1.,0.));
#7465=DIRECTION('ref_axis',(-1.,1.07524182395257E-15,0.));
#7466=DIRECTION('center_axis',(-1.70070929017334E-15,-1.,0.));
#7467=DIRECTION('ref_axis',(1.,-1.70070929017334E-15,0.));
#7468=DIRECTION('center_axis',(0.,1.,0.));
#7469=DIRECTION('ref_axis',(1.,0.,0.));
#7470=DIRECTION('center_axis',(-1.,0.,-1.70070929017334E-15));
#7471=DIRECTION('ref_axis',(1.70070929017334E-15,0.,-1.));
#7472=DIRECTION('center_axis',(0.,0.,1.));
#7473=DIRECTION('ref_axis',(-1.,0.,0.));
#7474=DIRECTION('center_axis',(-1.07524182395257E-15,-1.,0.));
#7475=DIRECTION('ref_axis',(1.,-1.07524182395257E-15,0.));
#7476=DIRECTION('center_axis',(-1.70070929017334E-15,-1.,2.89241208968191E-30));
#7477=DIRECTION('ref_axis',(1.,-1.70070929017334E-15,-1.24460305557223E-60));
#7478=DIRECTION('center_axis',(0.,0.,1.));
#7479=DIRECTION('ref_axis',(1.,0.,0.));
#7480=DIRECTION('center_axis',(0.,0.,1.));
#7481=DIRECTION('ref_axis',(1.,0.,0.));
#7482=DIRECTION('center_axis',(1.,0.,0.));
#7483=DIRECTION('ref_axis',(0.,0.,-1.));
#7484=DIRECTION('center_axis',(-1.,0.,0.));
#7485=DIRECTION('ref_axis',(0.,0.,1.));
#7486=DIRECTION('center_axis',(0.,-1.,0.));
#7487=DIRECTION('ref_axis',(0.,0.,-1.));
#7488=DIRECTION('center_axis',(0.,-1.,0.));
#7489=DIRECTION('ref_axis',(0.,0.,-1.));
#7490=DIRECTION('center_axis',(0.,1.,0.));
#7491=DIRECTION('ref_axis',(1.,0.,0.));
#7492=DIRECTION('center_axis',(-1.,1.70070929017334E-15,0.));
#7493=DIRECTION('ref_axis',(1.70070929017334E-15,1.,0.));
#7494=DIRECTION('center_axis',(0.,1.,0.));
#7495=DIRECTION('ref_axis',(1.,0.,0.));
#7496=DIRECTION('center_axis',(0.,0.,1.));
#7497=DIRECTION('ref_axis',(-1.,0.,0.));
#7498=DIRECTION('center_axis',(1.,0.,0.));
#7499=DIRECTION('ref_axis',(0.,0.,-1.));
#7500=DIRECTION('center_axis',(-1.,0.,0.));
#7501=DIRECTION('ref_axis',(0.,0.,1.));
#7502=DIRECTION('center_axis',(0.,0.,1.));
#7503=DIRECTION('ref_axis',(1.,0.,0.));
#7504=DIRECTION('center_axis',(0.,0.,1.));
#7505=DIRECTION('ref_axis',(1.,0.,0.));
#7506=DIRECTION('center_axis',(0.,1.,0.));
#7507=DIRECTION('ref_axis',(1.,0.,0.));
#7508=DIRECTION('center_axis',(0.,1.,0.));
#7509=DIRECTION('ref_axis',(0.,0.,-1.));
#7510=DIRECTION('center_axis',(0.,1.,0.));
#7511=DIRECTION('ref_axis',(0.,0.,1.));
#7512=DIRECTION('center_axis',(-1.07524182395257E-15,-1.,0.));
#7513=DIRECTION('ref_axis',(1.,-1.07524182395257E-15,0.));
#7514=DIRECTION('center_axis',(-1.70070929017334E-15,-1.,2.89241208968191E-30));
#7515=DIRECTION('ref_axis',(1.,-1.70070929017334E-15,-1.24460305557223E-60));
#7516=DIRECTION('center_axis',(0.,0.,1.));
#7517=DIRECTION('ref_axis',(1.,0.,0.));
#7518=DIRECTION('center_axis',(0.,0.,1.));
#7519=DIRECTION('ref_axis',(1.,0.,0.));
#7520=DIRECTION('center_axis',(0.,0.,1.));
#7521=DIRECTION('ref_axis',(1.,0.,0.));
#7522=DIRECTION('center_axis',(0.,1.,0.));
#7523=DIRECTION('ref_axis',(1.,0.,0.));
#7524=DIRECTION('center_axis',(-1.,1.70070929017334E-15,0.));
#7525=DIRECTION('ref_axis',(1.70070929017334E-15,1.,0.));
#7526=DIRECTION('center_axis',(1.,0.,0.));
#7527=DIRECTION('ref_axis',(0.,0.,-1.));
#7528=DIRECTION('center_axis',(-1.,0.,0.));
#7529=DIRECTION('ref_axis',(0.,0.,1.));
#7530=DIRECTION('center_axis',(0.,0.,1.));
#7531=DIRECTION('ref_axis',(1.,0.,0.));
#7532=DIRECTION('center_axis',(0.,0.,1.));
#7533=DIRECTION('ref_axis',(1.,0.,0.));
#7534=DIRECTION('center_axis',(0.,0.,1.));
#7535=DIRECTION('ref_axis',(1.,0.,0.));
#7536=DIRECTION('center_axis',(0.,1.,0.));
#7537=DIRECTION('ref_axis',(1.,0.,0.));
#7538=DIRECTION('center_axis',(0.,1.,0.));
#7539=DIRECTION('ref_axis',(0.,0.,-1.));
#7540=DIRECTION('center_axis',(0.,1.,0.));
#7541=DIRECTION('ref_axis',(0.,0.,1.));
#7542=DIRECTION('center_axis',(-1.,0.,0.));
#7543=DIRECTION('ref_axis',(0.,0.,-1.));
#7544=DIRECTION('',(0.,0.,-1.));
#7545=DIRECTION('',(0.,-1.,0.));
#7546=DIRECTION('',(0.,0.,-1.));
#7547=DIRECTION('',(0.,1.,0.));
#7548=DIRECTION('center_axis',(0.,-1.,0.));
#7549=DIRECTION('ref_axis',(0.,0.,1.));
#7550=DIRECTION('',(1.,0.,0.));
#7551=DIRECTION('',(0.,0.,1.));
#7552=DIRECTION('',(-1.,0.,0.));
#7553=DIRECTION('',(0.,0.,-1.));
#7554=DIRECTION('center_axis',(0.,-1.,0.));
#7555=DIRECTION('ref_axis',(0.,0.,1.));
#7556=DIRECTION('',(0.,0.,1.));
#7557=DIRECTION('',(1.,0.,0.));
#7558=DIRECTION('',(0.,0.,-1.));
#7559=DIRECTION('',(1.,0.,0.));
#7560=DIRECTION('center_axis',(0.,0.,-1.));
#7561=DIRECTION('ref_axis',(1.,0.,0.));
#7562=DIRECTION('',(-1.,0.,0.));
#7563=DIRECTION('',(0.,-1.,0.));
#7564=DIRECTION('',(1.,-4.01556360179817E-16,0.));
#7565=DIRECTION('center_axis',(0.,0.,1.));
#7566=DIRECTION('ref_axis',(-1.,0.,0.));
#7567=DIRECTION('center_axis',(0.,0.,1.));
#7568=DIRECTION('ref_axis',(-1.,0.,0.));
#7569=DIRECTION('',(-1.,0.,0.));
#7570=DIRECTION('',(-0.732964093231908,-0.680267328359026,0.));
#7571=DIRECTION('',(1.07524182395257E-15,1.,0.));
#7572=DIRECTION('',(1.,0.,0.));
#7573=DIRECTION('',(0.,-1.,0.));
#7574=DIRECTION('center_axis',(0.,1.,0.));
#7575=DIRECTION('ref_axis',(0.,0.,-1.));
#7576=DIRECTION('center_axis',(0.,-1.,0.));
#7577=DIRECTION('ref_axis',(0.,0.,-1.));
#7578=DIRECTION('',(1.,0.,0.));
#7579=DIRECTION('',(1.,0.,0.));
#7580=DIRECTION('center_axis',(0.,-1.,0.));
#7581=DIRECTION('ref_axis',(0.,0.,-1.));
#7582=DIRECTION('',(-1.,0.,0.));
#7583=DIRECTION('',(0.,0.,-1.));
#7584=DIRECTION('center_axis',(0.,0.,-1.));
#7585=DIRECTION('ref_axis',(1.,0.,0.));
#7586=DIRECTION('',(0.732964093231908,0.680267328359026,0.));
#7587=DIRECTION('',(0.,1.,0.));
#7588=DIRECTION('',(-1.,0.,0.));
#7589=DIRECTION('',(-1.07524182395257E-15,-1.,0.));
#7590=DIRECTION('center_axis',(0.,0.,1.));
#7591=DIRECTION('ref_axis',(-1.,0.,0.));
#7592=DIRECTION('',(-1.,0.,0.));
#7593=DIRECTION('',(-0.732964093231908,-0.680267328359026,0.));
#7594=DIRECTION('',(1.07524182395257E-15,1.,0.));
#7595=DIRECTION('',(1.,0.,0.));
#7596=DIRECTION('',(0.,-1.,0.));
#7597=DIRECTION('center_axis',(0.,1.,0.));
#7598=DIRECTION('ref_axis',(0.,0.,-1.));
#7599=DIRECTION('center_axis',(0.,-1.,0.));
#7600=DIRECTION('ref_axis',(0.,0.,-1.));
#7601=DIRECTION('',(1.,0.,0.));
#7602=DIRECTION('',(1.,0.,0.));
#7603=DIRECTION('center_axis',(0.,-1.,0.));
#7604=DIRECTION('ref_axis',(0.,0.,-1.));
#7605=DIRECTION('',(-1.,0.,0.));
#7606=DIRECTION('',(0.,0.,-1.));
#7607=DIRECTION('center_axis',(0.,0.,-1.));
#7608=DIRECTION('ref_axis',(1.,0.,0.));
#7609=DIRECTION('',(0.732964093231908,0.680267328359026,0.));
#7610=DIRECTION('',(0.,1.,0.));
#7611=DIRECTION('',(-1.,0.,0.));
#7612=DIRECTION('',(-1.07524182395257E-15,-1.,0.));
#7613=DIRECTION('center_axis',(0.680267328359026,-0.732964093231908,0.));
#7614=DIRECTION('ref_axis',(0.732964093231908,0.680267328359025,0.));
#7615=DIRECTION('center_axis',(0.680267328359027,-0.732964093231907,2.64715540193749E-15));
#7616=DIRECTION('ref_axis',(0.732964093231907,0.680267328359027,2.80561390522322E-13));
#7617=DIRECTION('center_axis',(0.680267328359029,-0.732964093231905,-5.09068346526442E-15));
#7618=DIRECTION('ref_axis',(0.732964093231905,0.680267328359029,1.41927466688844E-14));
#7619=DIRECTION('center_axis',(0.680267328359026,-0.732964093231908,0.));
#7620=DIRECTION('ref_axis',(0.732964093231908,0.680267328359025,0.));
#7621=DIRECTION('center_axis',(0.680267328359027,-0.732964093231907,2.64715540193749E-15));
#7622=DIRECTION('ref_axis',(0.732964093231907,0.680267328359027,2.19658733958331E-13));
#7623=DIRECTION('center_axis',(0.680267328359029,-0.732964093231905,-5.29431080387501E-15));
#7624=DIRECTION('ref_axis',(0.732964093231905,0.680267328359029,7.70756453022767E-14));
#7625=DIRECTION('center_axis',(0.,0.,1.));
#7626=DIRECTION('ref_axis',(-1.,0.,0.));
#7627=DIRECTION('',(0.,1.,0.));
#7628=DIRECTION('center_axis',(0.,0.,-1.));
#7629=DIRECTION('ref_axis',(1.,0.,0.));
#7630=DIRECTION('',(0.57442574909643,0.818556692462413,0.));
#7631=DIRECTION('center_axis',(0.,0.,1.));
#7632=DIRECTION('ref_axis',(1.,0.,0.));
#7633=DIRECTION('',(1.,0.,0.));
#7634=DIRECTION('',(0.,-1.,0.));
#7635=DIRECTION('',(1.,0.,0.));
#7636=DIRECTION('center_axis',(0.,0.,-1.));
#7637=DIRECTION('ref_axis',(1.,0.,0.));
#7638=DIRECTION('',(-0.574425749096429,-0.818556692462413,0.));
#7639=DIRECTION('center_axis',(0.,0.,1.));
#7640=DIRECTION('ref_axis',(1.,0.,0.));
#7641=DIRECTION('',(-1.,0.,0.));
#7642=DIRECTION('',(0.,-1.,0.));
#7643=DIRECTION('',(1.,0.,0.));
#7644=DIRECTION('center_axis',(0.,0.,-1.));
#7645=DIRECTION('ref_axis',(1.,0.,0.));
#7646=DIRECTION('center_axis',(0.,1.,0.));
#7647=DIRECTION('ref_axis',(0.,0.,-1.));
#7648=DIRECTION('',(0.,0.,-1.));
#7649=DIRECTION('',(1.,0.,0.));
#7650=DIRECTION('',(0.,0.,-1.));
#7651=DIRECTION('center_axis',(0.,0.,1.));
#7652=DIRECTION('ref_axis',(-1.,0.,0.));
#7653=DIRECTION('',(1.,0.,0.));
#7654=DIRECTION('',(0.,1.,0.));
#7655=DIRECTION('',(1.,0.,0.));
#7656=DIRECTION('center_axis',(0.,0.,-1.));
#7657=DIRECTION('ref_axis',(-1.,0.,0.));
#7658=DIRECTION('',(0.574425749096429,0.818556692462413,0.));
#7659=DIRECTION('center_axis',(0.,0.,1.));
#7660=DIRECTION('ref_axis',(-1.,0.,0.));
#7661=DIRECTION('',(0.,1.,0.));
#7662=DIRECTION('',(-1.,0.,0.));
#7663=DIRECTION('center_axis',(0.,0.,-1.));
#7664=DIRECTION('ref_axis',(-1.,0.,0.));
#7665=DIRECTION('',(-0.57442574909643,-0.818556692462413,0.));
#7666=DIRECTION('center_axis',(0.,0.,1.));
#7667=DIRECTION('ref_axis',(-1.,-6.67201336914157E-15,0.));
#7668=DIRECTION('center_axis',(0.,-1.,0.));
#7669=DIRECTION('ref_axis',(0.,0.,1.));
#7670=DIRECTION('',(0.,0.,-1.));
#7671=DIRECTION('center_axis',(1.,0.,0.));
#7672=DIRECTION('ref_axis',(0.,0.,1.));
#7673=DIRECTION('',(0.,0.,-1.));
#7674=DIRECTION('center_axis',(0.,0.,-1.));
#7675=DIRECTION('ref_axis',(1.,0.,0.));
#7676=DIRECTION('',(0.57442574909643,0.818556692462413,0.));
#7677=DIRECTION('center_axis',(0.,0.,1.));
#7678=DIRECTION('ref_axis',(1.,0.,0.));
#7679=DIRECTION('',(1.,0.,0.));
#7680=DIRECTION('',(0.,-1.,0.));
#7681=DIRECTION('',(1.,0.,0.));
#7682=DIRECTION('center_axis',(0.,0.,-1.));
#7683=DIRECTION('ref_axis',(1.,0.,0.));
#7684=DIRECTION('',(-0.574425749096429,-0.818556692462413,0.));
#7685=DIRECTION('center_axis',(0.,0.,1.));
#7686=DIRECTION('ref_axis',(1.,0.,0.));
#7687=DIRECTION('',(-1.,0.,0.));
#7688=DIRECTION('',(0.,-1.,0.));
#7689=DIRECTION('',(1.,0.,0.));
#7690=DIRECTION('center_axis',(0.,0.,-1.));
#7691=DIRECTION('ref_axis',(1.,6.67201336914157E-15,0.));
#7692=DIRECTION('center_axis',(0.,1.,-2.44327250137579E-15));
#7693=DIRECTION('ref_axis',(0.,-2.44327250137579E-15,-1.));
#7694=DIRECTION('',(0.,-2.44327250137579E-15,-1.));
#7695=DIRECTION('',(1.,0.,0.));
#7696=DIRECTION('',(-1.71457719394792E-15,-2.44327250137579E-15,-1.));
#7697=DIRECTION('center_axis',(0.,-1.39897054514258E-16,1.));
#7698=DIRECTION('ref_axis',(0.,1.,1.39897054514258E-16));
#7699=DIRECTION('',(1.,0.,0.));
#7700=DIRECTION('',(-1.,0.,0.));
#7701=DIRECTION('center_axis',(0.,1.39897054514258E-16,-1.));
#7702=DIRECTION('ref_axis',(0.,1.,1.39897054514258E-16));
#7703=DIRECTION('',(-0.574425749096429,-0.818556692462414,0.));
#7704=DIRECTION('center_axis',(0.,-1.39897054514258E-16,1.));
#7705=DIRECTION('ref_axis',(0.,1.,1.39897054514258E-16));
#7706=DIRECTION('',(0.,1.,1.39897054514258E-16));
#7707=DIRECTION('',(1.,0.,0.));
#7708=DIRECTION('center_axis',(0.,1.39897054514258E-16,-1.));
#7709=DIRECTION('ref_axis',(0.,1.,1.39897054514258E-16));
#7710=DIRECTION('',(0.57442574909643,0.818556692462413,0.));
#7711=DIRECTION('center_axis',(0.,-1.39897054514258E-16,1.));
#7712=DIRECTION('ref_axis',(0.,1.,1.39897054514258E-16));
#7713=DIRECTION('center_axis',(0.,-1.,0.));
#7714=DIRECTION('ref_axis',(0.,0.,1.));
#7715=DIRECTION('',(0.,0.,-1.));
#7716=DIRECTION('center_axis',(1.,0.,0.));
#7717=DIRECTION('ref_axis',(0.,0.,1.));
#7718=DIRECTION('',(0.,0.,1.));
#7719=DIRECTION('center_axis',(0.,1.,0.));
#7720=DIRECTION('ref_axis',(0.,0.,-1.));
#7721=DIRECTION('center_axis',(0.,-1.,0.));
#7722=DIRECTION('ref_axis',(0.,0.,-1.));
#7723=DIRECTION('',(0.,0.,1.));
#7724=DIRECTION('center_axis',(-0.818556692462414,0.574425749096429,0.));
#7725=DIRECTION('ref_axis',(-0.574425749096429,-0.818556692462414,0.));
#7726=DIRECTION('',(0.,0.,-1.));
#7727=DIRECTION('',(1.71457719394792E-15,2.44327250137579E-15,1.));
#7728=DIRECTION('center_axis',(0.,1.,0.));
#7729=DIRECTION('ref_axis',(0.,0.,-1.));
#7730=DIRECTION('center_axis',(0.,-1.,0.));
#7731=DIRECTION('ref_axis',(0.,0.,-1.));
#7732=DIRECTION('center_axis',(0.,-1.,0.));
#7733=DIRECTION('ref_axis',(0.,0.,-1.));
#7734=DIRECTION('',(0.,0.,1.));
#7735=DIRECTION('center_axis',(-0.818556692462414,0.574425749096429,0.));
#7736=DIRECTION('ref_axis',(-0.574425749096429,-0.818556692462414,0.));
#7737=DIRECTION('',(0.,0.,1.));
#7738=DIRECTION('',(0.,0.,-1.));
#7739=DIRECTION('center_axis',(0.,-1.,0.));
#7740=DIRECTION('ref_axis',(0.,0.,1.));
#7741=DIRECTION('',(0.,0.,1.));
#7742=DIRECTION('center_axis',(0.818556692462413,-0.57442574909643,0.));
#7743=DIRECTION('ref_axis',(0.57442574909643,0.818556692462413,0.));
#7744=DIRECTION('',(0.,0.,-1.));
#7745=DIRECTION('',(0.,0.,1.));
#7746=DIRECTION('center_axis',(0.,-1.,0.));
#7747=DIRECTION('ref_axis',(0.,0.,1.));
#7748=DIRECTION('',(0.,0.,1.));
#7749=DIRECTION('center_axis',(0.818556692462413,-0.57442574909643,0.));
#7750=DIRECTION('ref_axis',(0.57442574909643,0.818556692462413,0.));
#7751=DIRECTION('',(0.,0.,-1.));
#7752=DIRECTION('',(0.,0.,1.));
#7753=DIRECTION('center_axis',(0.,0.,-1.));
#7754=DIRECTION('ref_axis',(1.,0.,0.));
#7755=DIRECTION('center_axis',(0.,0.,-1.));
#7756=DIRECTION('ref_axis',(1.,0.,0.));
#7757=DIRECTION('center_axis',(0.,0.,1.));
#7758=DIRECTION('ref_axis',(-1.,0.,0.));
#7759=DIRECTION('center_axis',(0.,0.,1.));
#7760=DIRECTION('ref_axis',(-1.,0.,0.));
#7761=DIRECTION('center_axis',(-1.71457719394792E-15,-2.44327250137579E-15,
-1.));
#7762=DIRECTION('ref_axis',(4.189179309459E-30,-1.,2.44327250137579E-15));
#7763=DIRECTION('center_axis',(0.,0.,1.));
#7764=DIRECTION('ref_axis',(-1.,0.,0.));
#7765=DIRECTION('center_axis',(0.,0.,1.));
#7766=DIRECTION('ref_axis',(-1.,0.,0.));
#7767=DIRECTION('center_axis',(0.,0.,-1.));
#7768=DIRECTION('ref_axis',(1.,0.,0.));
#7769=DIRECTION('center_axis',(0.,-1.,0.));
#7770=DIRECTION('ref_axis',(0.,0.,1.));
#7771=DIRECTION('center_axis',(-0.707106781186549,0.707106781186547,-9.46387217890207E-15));
#7772=DIRECTION('ref_axis',(0.707106781186547,0.707106781186549,-8.46694879748527E-12));
#7773=DIRECTION('center_axis',(-5.72134090815435E-14,0.707106781186538,
-0.707106781186557));
#7774=DIRECTION('ref_axis',(-5.49642078939006E-13,0.707106781186557,0.707106781186538));
#7775=DIRECTION('center_axis',(0.,-1.,0.));
#7776=DIRECTION('ref_axis',(0.,0.,-1.));
#7777=DIRECTION('center_axis',(0.,-1.,0.));
#7778=DIRECTION('ref_axis',(0.,0.,1.));
#7779=DIRECTION('center_axis',(0.,1.,0.));
#7780=DIRECTION('ref_axis',(0.,0.,1.));
#7781=DIRECTION('center_axis',(0.,0.,-1.));
#7782=DIRECTION('ref_axis',(1.,0.,0.));
#7783=DIRECTION('center_axis',(-0.707106781186543,2.88217925448354E-14,
0.707106781186552));
#7784=DIRECTION('ref_axis',(0.707106781186552,2.42030140078718E-12,0.707106781186543));
#7785=DIRECTION('center_axis',(0.,0.,-1.));
#7786=DIRECTION('ref_axis',(-1.,0.,0.));
#7787=DIRECTION('center_axis',(0.,-1.,0.));
#7788=DIRECTION('ref_axis',(1.,0.,0.));
#7789=DIRECTION('center_axis',(-1.,0.,0.));
#7790=DIRECTION('ref_axis',(0.,0.,-1.));
#7791=DIRECTION('center_axis',(1.,0.,0.));
#7792=DIRECTION('ref_axis',(0.,0.,1.));
#7793=DIRECTION('center_axis',(-1.,0.,1.70070929017334E-15));
#7794=DIRECTION('ref_axis',(1.70070929017334E-15,0.,1.));
#7795=DIRECTION('center_axis',(0.,0.,-1.));
#7796=DIRECTION('ref_axis',(1.,0.,0.));
#7797=DIRECTION('center_axis',(0.707106781186547,4.02291990428199E-15,0.707106781186548));
#7798=DIRECTION('ref_axis',(0.707106781186548,5.01647162490185E-13,-0.707106781186547));
#7799=DIRECTION('center_axis',(0.,0.,-1.));
#7800=DIRECTION('ref_axis',(-1.,0.,0.));
#7801=DIRECTION('center_axis',(0.,-1.,0.));
#7802=DIRECTION('ref_axis',(1.,0.,0.));
#7803=DIRECTION('center_axis',(-1.70070929017334E-15,-1.,0.));
#7804=DIRECTION('ref_axis',(1.,-1.70070929017334E-15,0.));
#7805=DIRECTION('center_axis',(1.07524182395257E-15,1.,0.));
#7806=DIRECTION('ref_axis',(-1.,1.07524182395257E-15,0.));
#7807=DIRECTION('center_axis',(1.07524182395257E-15,1.,0.));
#7808=DIRECTION('ref_axis',(-1.,1.07524182395257E-15,0.));
#7809=DIRECTION('center_axis',(1.70070929017334E-15,1.,0.));
#7810=DIRECTION('ref_axis',(1.,-1.70070929017334E-15,0.));
#7811=DIRECTION('center_axis',(0.,-1.,0.));
#7812=DIRECTION('ref_axis',(1.,0.,0.));
#7813=DIRECTION('center_axis',(1.,0.,-1.70070929017334E-15));
#7814=DIRECTION('ref_axis',(1.70070929017334E-15,0.,1.));
#7815=DIRECTION('center_axis',(0.,0.,1.));
#7816=DIRECTION('ref_axis',(-1.,0.,0.));
#7817=DIRECTION('center_axis',(-1.07524182395257E-15,-1.,0.));
#7818=DIRECTION('ref_axis',(1.,-1.07524182395257E-15,0.));
#7819=DIRECTION('center_axis',(1.70070929017334E-15,1.,2.89241208968191E-30));
#7820=DIRECTION('ref_axis',(1.,-1.70070929017334E-15,1.24460305557223E-60));
#7821=DIRECTION('center_axis',(0.,0.,-1.));
#7822=DIRECTION('ref_axis',(1.,0.,0.));
#7823=DIRECTION('center_axis',(0.,0.,1.));
#7824=DIRECTION('ref_axis',(1.,0.,0.));
#7825=DIRECTION('center_axis',(1.,0.,0.));
#7826=DIRECTION('ref_axis',(0.,0.,1.));
#7827=DIRECTION('center_axis',(1.,0.,0.));
#7828=DIRECTION('ref_axis',(0.,0.,-1.));
#7829=DIRECTION('center_axis',(0.,-1.,0.));
#7830=DIRECTION('ref_axis',(0.,0.,1.));
#7831=DIRECTION('center_axis',(0.,1.,0.));
#7832=DIRECTION('ref_axis',(0.,0.,1.));
#7833=DIRECTION('center_axis',(0.,-1.,0.));
#7834=DIRECTION('ref_axis',(1.,0.,0.));
#7835=DIRECTION('center_axis',(1.,-1.70070929017334E-15,0.));
#7836=DIRECTION('ref_axis',(1.70070929017334E-15,1.,0.));
#7837=DIRECTION('center_axis',(0.,-1.,0.));
#7838=DIRECTION('ref_axis',(1.,0.,0.));
#7839=DIRECTION('center_axis',(0.,0.,1.));
#7840=DIRECTION('ref_axis',(-1.,0.,0.));
#7841=DIRECTION('center_axis',(1.,0.,0.));
#7842=DIRECTION('ref_axis',(0.,0.,1.));
#7843=DIRECTION('center_axis',(1.,0.,0.));
#7844=DIRECTION('ref_axis',(0.,0.,-1.));
#7845=DIRECTION('center_axis',(0.,0.,-1.));
#7846=DIRECTION('ref_axis',(1.,0.,0.));
#7847=DIRECTION('center_axis',(0.,0.,1.));
#7848=DIRECTION('ref_axis',(1.,0.,0.));
#7849=DIRECTION('center_axis',(0.,-1.,0.));
#7850=DIRECTION('ref_axis',(1.,0.,0.));
#7851=DIRECTION('center_axis',(0.,-1.,0.));
#7852=DIRECTION('ref_axis',(0.,0.,1.));
#7853=DIRECTION('center_axis',(0.,1.,0.));
#7854=DIRECTION('ref_axis',(0.,0.,-1.));
#7855=DIRECTION('center_axis',(-1.07524182395257E-15,-1.,0.));
#7856=DIRECTION('ref_axis',(1.,-1.07524182395257E-15,0.));
#7857=DIRECTION('center_axis',(1.70070929017334E-15,1.,2.89241208968191E-30));
#7858=DIRECTION('ref_axis',(1.,-1.70070929017334E-15,1.24460305557223E-60));
#7859=DIRECTION('center_axis',(0.,-1.,0.));
#7860=DIRECTION('ref_axis',(1.,0.,0.));
#7861=DIRECTION('center_axis',(1.,-1.70070929017334E-15,0.));
#7862=DIRECTION('ref_axis',(1.70070929017334E-15,1.,0.));
#7863=DIRECTION('center_axis',(1.,0.,0.));
#7864=DIRECTION('ref_axis',(0.,0.,1.));
#7865=DIRECTION('center_axis',(1.,0.,0.));
#7866=DIRECTION('ref_axis',(0.,0.,-1.));
#7867=DIRECTION('center_axis',(0.,-1.,0.));
#7868=DIRECTION('ref_axis',(1.,0.,0.));
#7869=DIRECTION('center_axis',(0.,-1.,0.));
#7870=DIRECTION('ref_axis',(0.,0.,1.));
#7871=DIRECTION('center_axis',(0.,1.,0.));
#7872=DIRECTION('ref_axis',(0.,0.,-1.));
#7873=DIRECTION('center_axis',(1.,0.,0.));
#7874=DIRECTION('ref_axis',(0.,0.,1.));
#7875=DIRECTION('',(0.,0.,-1.));
#7876=DIRECTION('',(0.,-1.,0.));
#7877=DIRECTION('',(0.,0.,-1.));
#7878=DIRECTION('',(0.,-1.,0.));
#7879=DIRECTION('',(0.,0.,-1.));
#7880=DIRECTION('',(0.,1.,0.));
#7881=DIRECTION('',(0.,2.4093381610789E-15,-1.));
#7882=DIRECTION('',(0.,1.,0.));
#7883=DIRECTION('',(0.,0.,1.));
#7884=DIRECTION('',(0.,-1.,0.));
#7885=DIRECTION('',(0.,0.,1.));
#7886=DIRECTION('',(0.,-1.,0.));
#7887=DIRECTION('',(0.,0.,1.));
#7888=DIRECTION('',(0.,-1.,0.));
#7889=DIRECTION('',(0.,0.,1.));
#7890=DIRECTION('',(0.,1.,1.39897054514258E-16));
#7891=DIRECTION('',(0.,0.,-1.));
#7892=DIRECTION('',(0.,-1.,0.));
#7893=DIRECTION('',(0.,0.,-1.));
#7894=DIRECTION('',(0.,1.,0.));
#7895=DIRECTION('',(0.,0.,-1.));
#7896=DIRECTION('',(0.,1.,0.));
#7897=DIRECTION('',(0.,0.,1.));
#7898=DIRECTION('',(0.,-1.,0.));
#7899=DIRECTION('',(0.,0.,1.));
#7900=DIRECTION('',(0.,1.,-1.39897054514258E-16));
#7901=DIRECTION('',(0.,0.,-1.));
#7902=DIRECTION('',(0.,-1.,0.));
#7903=DIRECTION('center_axis',(1.,0.,0.));
#7904=DIRECTION('ref_axis',(0.,0.,1.));
#7905=DIRECTION('',(0.,0.,1.));
#7906=DIRECTION('',(0.,1.,0.));
#7907=DIRECTION('',(0.,0.,1.));
#7908=DIRECTION('',(0.,1.,0.));
#7909=DIRECTION('center_axis',(-1.,-1.07524182395257E-15,0.));
#7910=DIRECTION('ref_axis',(-1.07524182395257E-15,1.,0.));
#7911=DIRECTION('',(-1.07524182395257E-15,1.,0.));
#7912=DIRECTION('center_axis',(-1.,-1.07524182395257E-15,0.));
#7913=DIRECTION('ref_axis',(1.07524182395257E-15,-1.,0.));
#7914=DIRECTION('',(-5.65226434655344E-31,5.25673780599032E-16,-1.));
#7915=DIRECTION('',(-1.07524182395257E-15,1.,0.));
#7916=DIRECTION('center_axis',(-1.,-1.07524182395257E-15,0.));
#7917=DIRECTION('ref_axis',(-1.07524182395257E-15,1.,0.));
#7918=DIRECTION('',(-1.07524182395257E-15,1.,0.));
#7919=DIRECTION('',(-5.65226434655344E-31,5.25673780599032E-16,1.));
#7920=DIRECTION('',(1.07524182395257E-15,-1.,0.));
#7921=DIRECTION('',(0.,0.,1.));
#7922=DIRECTION('',(-1.07524182395257E-15,1.,0.));
#7923=DIRECTION('',(0.,0.,1.));
#7924=DIRECTION('',(1.07524182395257E-15,-1.,0.));
#7925=DIRECTION('',(0.,0.,1.));
#7926=DIRECTION('',(-1.07524182395257E-15,1.,0.));
#7927=DIRECTION('',(0.,0.,-1.));
#7928=DIRECTION('',(1.07524182395257E-15,-1.,0.));
#7929=DIRECTION('',(0.,0.,-1.));
#7930=DIRECTION('',(1.07524182395257E-15,-1.,0.));
#7931=DIRECTION('',(0.,0.,1.));
#7932=DIRECTION('',(-1.07524182395257E-15,1.,0.));
#7933=DIRECTION('',(0.,0.,-1.));
#7934=DIRECTION('',(1.07524182395257E-15,-1.,0.));
#7935=DIRECTION('',(0.,0.,1.));
#7936=DIRECTION('',(-1.07524182395257E-15,1.,0.));
#7937=DIRECTION('',(0.,0.,-1.));
#7938=DIRECTION('center_axis',(-1.,-1.07524182395257E-15,0.));
#7939=DIRECTION('ref_axis',(1.07524182395257E-15,-1.,0.));
#7940=DIRECTION('center_axis',(1.,0.,0.));
#7941=DIRECTION('ref_axis',(0.,0.,1.));
#7942=DIRECTION('',(0.,0.,1.));
#7943=DIRECTION('',(0.,-1.,0.));
#7944=DIRECTION('',(0.,0.,1.));
#7945=DIRECTION('',(0.,1.,0.));
#7946=DIRECTION('center_axis',(0.,-1.,0.));
#7947=DIRECTION('ref_axis',(0.,0.,-1.));
#7948=DIRECTION('',(0.,0.,-1.));
#7949=DIRECTION('',(1.,0.,0.));
#7950=DIRECTION('',(0.,0.,1.));
#7951=DIRECTION('',(1.,0.,0.));
#7952=DIRECTION('center_axis',(0.,-1.,0.));
#7953=DIRECTION('ref_axis',(0.,0.,-1.));
#7954=DIRECTION('',(-1.,0.,0.));
#7955=DIRECTION('',(0.,0.,-1.));
#7956=DIRECTION('',(1.,0.,0.));
#7957=DIRECTION('',(0.,0.,1.));
#7958=DIRECTION('center_axis',(0.,-1.,0.));
#7959=DIRECTION('ref_axis',(0.,0.,-1.));
#7960=DIRECTION('',(0.,0.,-1.));
#7961=DIRECTION('',(-1.,0.,0.));
#7962=DIRECTION('',(0.,0.,1.));
#7963=DIRECTION('',(-1.,0.,0.));
#7964=DIRECTION('center_axis',(-4.01556360179817E-16,1.,0.));
#7965=DIRECTION('ref_axis',(1.,4.01556360179817E-16,0.));
#7966=DIRECTION('',(0.,0.,1.));
#7967=DIRECTION('',(-1.,-4.01556360179817E-16,0.));
#7968=DIRECTION('',(-0.707106781186546,-2.83943225311736E-16,0.707106781186549));
#7969=DIRECTION('',(-1.,0.,0.));
#7970=DIRECTION('',(0.,0.,1.));
#7971=DIRECTION('',(-1.,0.,0.));
#7972=DIRECTION('',(1.,4.01556360179817E-16,0.));
#7973=DIRECTION('center_axis',(1.,-1.19801345026023E-16,0.));
#7974=DIRECTION('ref_axis',(-1.19801345026023E-16,-1.,0.));
#7975=DIRECTION('',(-1.19801345026023E-16,-1.,0.));
#7976=DIRECTION('center_axis',(1.,-1.19801345026023E-16,0.));
#7977=DIRECTION('ref_axis',(-1.19801345026023E-16,-1.,0.));
#7978=DIRECTION('',(-1.19801345026023E-16,-1.,0.));
#7979=DIRECTION('center_axis',(0.,0.,1.));
#7980=DIRECTION('ref_axis',(-1.,0.,0.));
#7981=DIRECTION('',(1.,0.,0.));
#7982=DIRECTION('',(0.,-1.,0.));
#7983=DIRECTION('',(-1.,-4.01556360179817E-16,0.));
#7984=DIRECTION('center_axis',(-1.,0.,0.));
#7985=DIRECTION('ref_axis',(0.,0.,-1.));
#7986=DIRECTION('',(-1.,0.,0.));
#7987=DIRECTION('',(-1.,0.,0.));
#7988=DIRECTION('center_axis',(0.,0.,-1.));
#7989=DIRECTION('ref_axis',(1.,0.,0.));
#7990=DIRECTION('center_axis',(0.,0.,-1.));
#7991=DIRECTION('ref_axis',(1.,0.,0.));
#7992=DIRECTION('',(1.,0.,0.));
#7993=DIRECTION('',(0.732964093231908,-0.680267328359026,0.));
#7994=DIRECTION('',(-1.07524182395257E-15,1.,0.));
#7995=DIRECTION('',(-1.,0.,0.));
#7996=DIRECTION('',(0.,-1.,0.));
#7997=DIRECTION('center_axis',(0.,1.,0.));
#7998=DIRECTION('ref_axis',(0.,0.,1.));
#7999=DIRECTION('center_axis',(0.,-1.,0.));
#8000=DIRECTION('ref_axis',(0.,0.,1.));
#8001=DIRECTION('',(-1.,0.,0.));
#8002=DIRECTION('',(-1.,0.,0.));
#8003=DIRECTION('center_axis',(0.,-1.,0.));
#8004=DIRECTION('ref_axis',(0.,0.,1.));
#8005=DIRECTION('',(1.,0.,0.));
#8006=DIRECTION('',(0.,0.,1.));
#8007=DIRECTION('center_axis',(0.,0.,1.));
#8008=DIRECTION('ref_axis',(-1.,0.,0.));
#8009=DIRECTION('',(-0.732964093231908,0.680267328359026,0.));
#8010=DIRECTION('',(0.,1.,0.));
#8011=DIRECTION('',(1.,0.,0.));
#8012=DIRECTION('',(1.07524182395257E-15,-1.,0.));
#8013=DIRECTION('center_axis',(0.,0.,-1.));
#8014=DIRECTION('ref_axis',(1.,0.,0.));
#8015=DIRECTION('',(1.,0.,0.));
#8016=DIRECTION('',(0.732964093231908,-0.680267328359026,0.));
#8017=DIRECTION('',(-1.07524182395257E-15,1.,0.));
#8018=DIRECTION('',(-1.,0.,0.));
#8019=DIRECTION('',(0.,-1.,0.));
#8020=DIRECTION('center_axis',(0.,1.,0.));
#8021=DIRECTION('ref_axis',(0.,0.,1.));
#8022=DIRECTION('center_axis',(0.,-1.,0.));
#8023=DIRECTION('ref_axis',(0.,0.,1.));
#8024=DIRECTION('',(-1.,0.,0.));
#8025=DIRECTION('',(-1.,0.,0.));
#8026=DIRECTION('center_axis',(0.,-1.,0.));
#8027=DIRECTION('ref_axis',(0.,0.,1.));
#8028=DIRECTION('',(1.,0.,0.));
#8029=DIRECTION('',(0.,0.,1.));
#8030=DIRECTION('center_axis',(0.,0.,1.));
#8031=DIRECTION('ref_axis',(-1.,0.,0.));
#8032=DIRECTION('',(-0.732964093231908,0.680267328359026,0.));
#8033=DIRECTION('',(0.,1.,0.));
#8034=DIRECTION('',(1.,0.,0.));
#8035=DIRECTION('',(1.07524182395257E-15,-1.,0.));
#8036=DIRECTION('center_axis',(-0.680267328359026,-0.732964093231908,0.));
#8037=DIRECTION('ref_axis',(-0.732964093231908,0.680267328359025,0.));
#8038=DIRECTION('center_axis',(-0.680267328359027,-0.732964093231907,-2.74896907124278E-15));
#8039=DIRECTION('ref_axis',(0.732964093231907,-0.680267328359027,-1.31265768804257E-13));
#8040=DIRECTION('center_axis',(-0.680267328359028,-0.732964093231906,1.22176403166346E-15));
#8041=DIRECTION('ref_axis',(0.732964093231906,-0.680267328359028,-3.72501024586472E-14));
#8042=DIRECTION('center_axis',(-0.680267328359026,-0.732964093231908,0.));
#8043=DIRECTION('ref_axis',(-0.732964093231908,0.680267328359025,0.));
#8044=DIRECTION('center_axis',(-0.680267328359027,-0.732964093231907,-2.74896907124277E-15));
#8045=DIRECTION('ref_axis',(0.732964093231907,-0.680267328359027,7.77992329300457E-14));
#8046=DIRECTION('center_axis',(-0.680267328359029,-0.732964093231905,5.29431080387499E-15));
#8047=DIRECTION('ref_axis',(0.732964093231905,-0.680267328359029,-6.95513387782239E-14));
#8048=DIRECTION('center_axis',(0.,1.,0.));
#8049=DIRECTION('ref_axis',(0.,0.,1.));
#8050=DIRECTION('',(0.,0.,1.));
#8051=DIRECTION('',(-1.,0.,0.));
#8052=DIRECTION('',(0.,0.,1.));
#8053=DIRECTION('',(-1.,0.,0.));
#8054=DIRECTION('center_axis',(0.,0.,-1.));
#8055=DIRECTION('ref_axis',(1.,0.,0.));
#8056=DIRECTION('',(-1.,0.,0.));
#8057=DIRECTION('',(0.,1.,0.));
#8058=DIRECTION('',(-1.,0.,0.));
#8059=DIRECTION('center_axis',(0.,0.,1.));
#8060=DIRECTION('ref_axis',(1.,0.,0.));
#8061=DIRECTION('',(-0.574425749096429,0.818556692462413,0.));
#8062=DIRECTION('center_axis',(0.,0.,-1.));
#8063=DIRECTION('ref_axis',(1.,0.,0.));
#8064=DIRECTION('',(0.,1.,0.));
#8065=DIRECTION('',(1.,0.,0.));
#8066=DIRECTION('center_axis',(0.,0.,1.));
#8067=DIRECTION('ref_axis',(1.,0.,0.));
#8068=DIRECTION('',(0.57442574909643,-0.818556692462413,0.));
#8069=DIRECTION('center_axis',(0.,0.,-1.));
#8070=DIRECTION('ref_axis',(1.,0.,0.));
#8071=DIRECTION('center_axis',(0.,-1.,-2.4093381610789E-15));
#8072=DIRECTION('ref_axis',(0.,2.4093381610789E-15,-1.));
#8073=DIRECTION('',(1.69076362180976E-15,-2.4093381610789E-15,1.));
#8074=DIRECTION('',(-1.,0.,0.));
#8075=DIRECTION('center_axis',(1.,0.,0.));
#8076=DIRECTION('ref_axis',(0.,0.,1.));
#8077=DIRECTION('',(0.,0.,1.));
#8078=DIRECTION('',(0.,1.,0.));
#8079=DIRECTION('center_axis',(0.,0.,1.));
#8080=DIRECTION('ref_axis',(-1.,0.,0.));
#8081=DIRECTION('',(-0.57442574909643,0.818556692462413,0.));
#8082=DIRECTION('center_axis',(0.,0.,-1.));
#8083=DIRECTION('ref_axis',(-1.,0.,0.));
#8084=DIRECTION('',(-1.,0.,0.));
#8085=DIRECTION('',(0.,-1.,0.));
#8086=DIRECTION('',(-1.,0.,0.));
#8087=DIRECTION('center_axis',(0.,0.,1.));
#8088=DIRECTION('ref_axis',(-1.,0.,0.));
#8089=DIRECTION('',(0.574425749096429,-0.818556692462413,0.));
#8090=DIRECTION('center_axis',(0.,0.,-1.));
#8091=DIRECTION('ref_axis',(-1.,0.,0.));
#8092=DIRECTION('',(1.,0.,0.));
#8093=DIRECTION('',(0.,-1.,0.));
#8094=DIRECTION('',(-1.,0.,0.));
#8095=DIRECTION('center_axis',(0.,0.,1.));
#8096=DIRECTION('ref_axis',(-1.,0.,0.));
#8097=DIRECTION('center_axis',(0.,1.,0.));
#8098=DIRECTION('ref_axis',(0.,0.,1.));
#8099=DIRECTION('',(0.,0.,1.));
#8100=DIRECTION('',(-1.,0.,0.));
#8101=DIRECTION('',(0.,0.,1.));
#8102=DIRECTION('center_axis',(0.,0.,-1.));
#8103=DIRECTION('ref_axis',(1.,0.,0.));
#8104=DIRECTION('',(-1.,0.,0.));
#8105=DIRECTION('',(0.,1.,0.));
#8106=DIRECTION('',(-1.,0.,0.));
#8107=DIRECTION('center_axis',(0.,0.,1.));
#8108=DIRECTION('ref_axis',(1.,0.,0.));
#8109=DIRECTION('',(-0.574425749096429,0.818556692462413,0.));
#8110=DIRECTION('center_axis',(0.,0.,-1.));
#8111=DIRECTION('ref_axis',(1.,0.,0.));
#8112=DIRECTION('',(0.,1.,0.));
#8113=DIRECTION('',(1.,0.,0.));
#8114=DIRECTION('center_axis',(0.,0.,1.));
#8115=DIRECTION('ref_axis',(1.,0.,0.));
#8116=DIRECTION('',(0.57442574909643,-0.818556692462413,0.));
#8117=DIRECTION('center_axis',(0.,0.,-1.));
#8118=DIRECTION('ref_axis',(1.,-6.67201336914157E-15,0.));
#8119=DIRECTION('center_axis',(0.,-1.,0.));
#8120=DIRECTION('ref_axis',(0.,0.,-1.));
#8121=DIRECTION('',(0.,0.,1.));
#8122=DIRECTION('center_axis',(-1.,0.,0.));
#8123=DIRECTION('ref_axis',(0.,0.,-1.));
#8124=DIRECTION('',(0.,0.,1.));
#8125=DIRECTION('center_axis',(0.,0.,1.));
#8126=DIRECTION('ref_axis',(-1.,0.,0.));
#8127=DIRECTION('',(-0.57442574909643,0.818556692462413,0.));
#8128=DIRECTION('center_axis',(0.,0.,-1.));
#8129=DIRECTION('ref_axis',(-1.,0.,0.));
#8130=DIRECTION('',(-1.,0.,0.));
#8131=DIRECTION('',(0.,-1.,0.));
#8132=DIRECTION('',(-1.,0.,0.));
#8133=DIRECTION('center_axis',(0.,0.,1.));
#8134=DIRECTION('ref_axis',(-1.,0.,0.));
#8135=DIRECTION('',(0.574425749096429,-0.818556692462413,0.));
#8136=DIRECTION('center_axis',(0.,0.,-1.));
#8137=DIRECTION('ref_axis',(-1.,0.,0.));
#8138=DIRECTION('',(1.,0.,0.));
#8139=DIRECTION('',(0.,-1.,0.));
#8140=DIRECTION('',(-1.,0.,0.));
#8141=DIRECTION('center_axis',(0.,0.,1.));
#8142=DIRECTION('ref_axis',(-1.,6.67201336914157E-15,0.));
#8143=DIRECTION('center_axis',(0.,1.,2.44327250137579E-15));
#8144=DIRECTION('ref_axis',(0.,-2.44327250137579E-15,1.));
#8145=DIRECTION('',(0.,-2.44327250137579E-15,1.));
#8146=DIRECTION('',(-1.,0.,0.));
#8147=DIRECTION('',(1.71457719394792E-15,-2.44327250137579E-15,1.));
#8148=DIRECTION('center_axis',(0.,-1.39897054514258E-16,-1.));
#8149=DIRECTION('ref_axis',(0.,1.,-1.39897054514258E-16));
#8150=DIRECTION('',(-1.,0.,0.));
#8151=DIRECTION('',(1.,0.,0.));
#8152=DIRECTION('center_axis',(0.,1.39897054514258E-16,1.));
#8153=DIRECTION('ref_axis',(0.,1.,-1.39897054514258E-16));
#8154=DIRECTION('',(0.574425749096429,-0.818556692462414,0.));
#8155=DIRECTION('center_axis',(0.,-1.39897054514258E-16,-1.));
#8156=DIRECTION('ref_axis',(0.,1.,-1.39897054514258E-16));
#8157=DIRECTION('',(0.,1.,-1.39897054514258E-16));
#8158=DIRECTION('',(-1.,0.,0.));
#8159=DIRECTION('center_axis',(0.,1.39897054514258E-16,1.));
#8160=DIRECTION('ref_axis',(0.,1.,-1.39897054514258E-16));
#8161=DIRECTION('',(-0.57442574909643,0.818556692462413,0.));
#8162=DIRECTION('center_axis',(0.,-1.39897054514258E-16,-1.));
#8163=DIRECTION('ref_axis',(0.,1.,-1.39897054514258E-16));
#8164=DIRECTION('center_axis',(0.,-1.,0.));
#8165=DIRECTION('ref_axis',(0.,0.,-1.));
#8166=DIRECTION('',(0.,0.,1.));
#8167=DIRECTION('center_axis',(-1.,0.,0.));
#8168=DIRECTION('ref_axis',(0.,0.,-1.));
#8169=DIRECTION('',(0.,0.,-1.));
#8170=DIRECTION('center_axis',(0.,1.,0.));
#8171=DIRECTION('ref_axis',(0.,0.,1.));
#8172=DIRECTION('center_axis',(0.,-1.,0.));
#8173=DIRECTION('ref_axis',(0.,0.,1.));
#8174=DIRECTION('',(0.,0.,-1.));
#8175=DIRECTION('center_axis',(0.818556692462414,0.574425749096429,0.));
#8176=DIRECTION('ref_axis',(0.574425749096429,-0.818556692462414,0.));
#8177=DIRECTION('',(0.,0.,1.));
#8178=DIRECTION('',(-1.71457719394792E-15,2.44327250137579E-15,-1.));
#8179=DIRECTION('center_axis',(0.,1.,0.));
#8180=DIRECTION('ref_axis',(0.,0.,1.));
#8181=DIRECTION('center_axis',(0.,-1.,0.));
#8182=DIRECTION('ref_axis',(0.,0.,1.));
#8183=DIRECTION('center_axis',(0.,-1.,0.));
#8184=DIRECTION('ref_axis',(0.,0.,1.));
#8185=DIRECTION('',(0.,0.,-1.));
#8186=DIRECTION('center_axis',(0.818556692462414,0.574425749096429,0.));
#8187=DIRECTION('ref_axis',(0.574425749096429,-0.818556692462414,0.));
#8188=DIRECTION('',(0.,0.,-1.));
#8189=DIRECTION('',(0.,0.,1.));
#8190=DIRECTION('center_axis',(0.818556692462414,0.574425749096429,0.));
#8191=DIRECTION('ref_axis',(0.574425749096429,-0.818556692462414,0.));
#8192=DIRECTION('',(0.,0.,1.));
#8193=DIRECTION('',(-0.574425749096429,0.818556692462413,0.));
#8194=DIRECTION('',(0.,0.,-1.));
#8195=DIRECTION('center_axis',(0.,1.,0.));
#8196=DIRECTION('ref_axis',(0.,0.,1.));
#8197=DIRECTION('center_axis',(0.,-1.,0.));
#8198=DIRECTION('ref_axis',(0.,0.,1.));
#8199=DIRECTION('center_axis',(0.,1.,0.));
#8200=DIRECTION('ref_axis',(0.,0.,-1.));
#8201=DIRECTION('',(-1.,0.,0.));
#8202=DIRECTION('',(0.,0.,-1.));
#8203=DIRECTION('center_axis',(0.,-1.,0.));
#8204=DIRECTION('ref_axis',(0.,0.,-1.));
#8205=DIRECTION('',(0.,0.,-1.));
#8206=DIRECTION('center_axis',(-0.818556692462413,-0.57442574909643,0.));
#8207=DIRECTION('ref_axis',(-0.57442574909643,0.818556692462413,0.));
#8208=DIRECTION('',(0.,0.,1.));
#8209=DIRECTION('',(0.,0.,-1.));
#8210=DIRECTION('center_axis',(0.,-1.,0.));
#8211=DIRECTION('ref_axis',(0.,0.,-1.));
#8212=DIRECTION('',(0.,0.,-1.));
#8213=DIRECTION('center_axis',(-0.818556692462413,-0.57442574909643,0.));
#8214=DIRECTION('ref_axis',(-0.57442574909643,0.818556692462413,0.));
#8215=DIRECTION('',(0.,0.,1.));
#8216=DIRECTION('',(0.,0.,-1.));
#8217=DIRECTION('center_axis',(-0.818556692462413,-0.57442574909643,0.));
#8218=DIRECTION('ref_axis',(-0.57442574909643,0.818556692462413,0.));
#8219=DIRECTION('',(0.,0.,1.));
#8220=DIRECTION('',(0.57442574909643,-0.818556692462413,0.));
#8221=DIRECTION('',(-1.69076362180976E-15,2.4093381610789E-15,-1.));
#8222=DIRECTION('center_axis',(0.,-1.,0.));
#8223=DIRECTION('ref_axis',(0.,0.,-1.));
#8224=DIRECTION('',(1.,0.,0.));
#8225=DIRECTION('',(0.,0.,-1.));
#8226=DIRECTION('center_axis',(0.,0.,1.));
#8227=DIRECTION('ref_axis',(-1.,0.,0.));
#8228=DIRECTION('center_axis',(0.,0.,1.));
#8229=DIRECTION('ref_axis',(-1.,0.,0.));
#8230=DIRECTION('center_axis',(1.69076362180976E-15,-2.4093381610789E-15,
1.));
#8231=DIRECTION('ref_axis',(-4.07362131539023E-30,-1.,-2.4093381610789E-15));
#8232=DIRECTION('center_axis',(0.,0.,-1.));
#8233=DIRECTION('ref_axis',(1.,0.,0.));
#8234=DIRECTION('center_axis',(0.,0.,-1.));
#8235=DIRECTION('ref_axis',(1.,0.,0.));
#8236=DIRECTION('center_axis',(0.,0.,1.));
#8237=DIRECTION('ref_axis',(1.,0.,0.));
#8238=DIRECTION('center_axis',(0.,0.,-1.));
#8239=DIRECTION('ref_axis',(1.,0.,0.));
#8240=DIRECTION('center_axis',(0.,0.,-1.));
#8241=DIRECTION('ref_axis',(1.,0.,0.));
#8242=DIRECTION('center_axis',(1.71457719394792E-15,-2.44327250137579E-15,
1.));
#8243=DIRECTION('ref_axis',(-1.32925881934757E-30,-1.,-2.44327250137579E-15));
#8244=DIRECTION('center_axis',(0.,0.,-1.));
#8245=DIRECTION('ref_axis',(1.,0.,0.));
#8246=DIRECTION('center_axis',(0.,0.,-1.));
#8247=DIRECTION('ref_axis',(1.,0.,0.));
#8248=DIRECTION('center_axis',(0.,0.,1.));
#8249=DIRECTION('ref_axis',(-1.,0.,0.));
#8250=DIRECTION('center_axis',(0.,0.,1.));
#8251=DIRECTION('ref_axis',(-1.,0.,0.));
#8252=DIRECTION('center_axis',(0.,0.,-1.));
#8253=DIRECTION('ref_axis',(1.,0.,0.));
#8254=DIRECTION('center_axis',(0.,0.,-1.));
#8255=DIRECTION('ref_axis',(1.,0.,0.));
#8256=DIRECTION('center_axis',(0.,0.,1.));
#8257=DIRECTION('ref_axis',(1.,0.,0.));
#8258=DIRECTION('center_axis',(0.,0.,1.));
#8259=DIRECTION('ref_axis',(-1.,0.,0.));
#8260=DIRECTION('center_axis',(0.,0.,1.));
#8261=DIRECTION('ref_axis',(1.,0.,0.));
#8262=DIRECTION('center_axis',(0.,0.,-1.));
#8263=DIRECTION('ref_axis',(1.,0.,0.));
#8264=DIRECTION('center_axis',(0.,-1.,0.));
#8265=DIRECTION('ref_axis',(0.,0.,-1.));
#8266=DIRECTION('center_axis',(0.707106781186549,0.707106781186546,9.89404818703304E-15));
#8267=DIRECTION('ref_axis',(0.707106781186546,-0.707106781186549,-1.15642097938154E-12));
#8268=DIRECTION('center_axis',(-5.16211209758278E-15,0.707106781186549,
0.707106781186546));
#8269=DIRECTION('ref_axis',(-2.81966386493791E-12,-0.707106781186546,0.707106781186549));
#8270=DIRECTION('center_axis',(0.,-1.,0.));
#8271=DIRECTION('ref_axis',(0.,0.,-1.));
#8272=DIRECTION('center_axis',(0.,-1.,0.));
#8273=DIRECTION('ref_axis',(0.,0.,-1.));
#8274=DIRECTION('center_axis',(0.,1.,0.));
#8275=DIRECTION('ref_axis',(0.,0.,-1.));
#8276=DIRECTION('center_axis',(0.,0.,1.));
#8277=DIRECTION('ref_axis',(-1.,0.,0.));
#8278=DIRECTION('center_axis',(0.707106781186555,-4.30176008131883E-14,
-0.70710678118654));
#8279=DIRECTION('ref_axis',(0.70710678118654,6.21973798736338E-13,0.707106781186555));
#8280=DIRECTION('center_axis',(0.,0.,1.));
#8281=DIRECTION('ref_axis',(1.,0.,0.));
#8282=DIRECTION('center_axis',(0.,-1.,0.));
#8283=DIRECTION('ref_axis',(-1.,0.,0.));
#8284=DIRECTION('center_axis',(1.,0.,0.));
#8285=DIRECTION('ref_axis',(0.,0.,1.));
#8286=DIRECTION('center_axis',(-1.,0.,0.));
#8287=DIRECTION('ref_axis',(0.,0.,-1.));
#8288=DIRECTION('center_axis',(1.,0.,-1.70070929017334E-15));
#8289=DIRECTION('ref_axis',(-1.70070929017334E-15,0.,-1.));
#8290=DIRECTION('center_axis',(0.,0.,1.));
#8291=DIRECTION('ref_axis',(-1.,0.,0.));
#8292=DIRECTION('center_axis',(-0.707106781186547,8.04583980856395E-16,
-0.707106781186548));
#8293=DIRECTION('ref_axis',(0.707106781186548,-1.76541441551973E-13,-0.707106781186547));
#8294=DIRECTION('center_axis',(0.,0.,1.));
#8295=DIRECTION('ref_axis',(1.,0.,0.));
#8296=DIRECTION('center_axis',(0.,-1.,0.));
#8297=DIRECTION('ref_axis',(-1.,0.,0.));
#8298=DIRECTION('center_axis',(1.70070929017334E-15,-1.,0.));
#8299=DIRECTION('ref_axis',(-1.,-1.70070929017334E-15,0.));
#8300=DIRECTION('center_axis',(-1.07524182395257E-15,1.,0.));
#8301=DIRECTION('ref_axis',(1.,1.07524182395257E-15,0.));
#8302=DIRECTION('center_axis',(-1.07524182395257E-15,1.,0.));
#8303=DIRECTION('ref_axis',(1.,1.07524182395257E-15,0.));
#8304=DIRECTION('center_axis',(-1.70070929017334E-15,1.,0.));
#8305=DIRECTION('ref_axis',(-1.,-1.70070929017334E-15,0.));
#8306=DIRECTION('center_axis',(0.,-1.,0.));
#8307=DIRECTION('ref_axis',(-1.,0.,0.));
#8308=DIRECTION('center_axis',(-1.,0.,1.70070929017334E-15));
#8309=DIRECTION('ref_axis',(-1.70070929017334E-15,0.,-1.));
#8310=DIRECTION('center_axis',(0.,0.,-1.));
#8311=DIRECTION('ref_axis',(1.,0.,0.));
#8312=DIRECTION('center_axis',(1.07524182395257E-15,-1.,0.));
#8313=DIRECTION('ref_axis',(-1.,-1.07524182395257E-15,0.));
#8314=DIRECTION('center_axis',(-1.70070929017334E-15,1.,-2.89241208968191E-30));
#8315=DIRECTION('ref_axis',(-1.,-1.70070929017334E-15,-1.24460305557223E-60));
#8316=DIRECTION('center_axis',(0.,0.,1.));
#8317=DIRECTION('ref_axis',(-1.,0.,0.));
#8318=DIRECTION('center_axis',(0.,0.,-1.));
#8319=DIRECTION('ref_axis',(-1.,0.,0.));
#8320=DIRECTION('center_axis',(-1.,0.,0.));
#8321=DIRECTION('ref_axis',(0.,0.,-1.));
#8322=DIRECTION('center_axis',(-1.,0.,0.));
#8323=DIRECTION('ref_axis',(0.,0.,1.));
#8324=DIRECTION('center_axis',(0.,-1.,0.));
#8325=DIRECTION('ref_axis',(0.,0.,-1.));
#8326=DIRECTION('center_axis',(0.,1.,0.));
#8327=DIRECTION('ref_axis',(0.,0.,-1.));
#8328=DIRECTION('center_axis',(0.,-1.,0.));
#8329=DIRECTION('ref_axis',(-1.,0.,0.));
#8330=DIRECTION('center_axis',(-1.,-1.70070929017334E-15,0.));
#8331=DIRECTION('ref_axis',(-1.70070929017334E-15,1.,0.));
#8332=DIRECTION('center_axis',(0.,-1.,0.));
#8333=DIRECTION('ref_axis',(-1.,0.,0.));
#8334=DIRECTION('center_axis',(0.,0.,-1.));
#8335=DIRECTION('ref_axis',(1.,0.,0.));
#8336=DIRECTION('center_axis',(-1.,0.,0.));
#8337=DIRECTION('ref_axis',(0.,0.,-1.));
#8338=DIRECTION('center_axis',(-1.,0.,0.));
#8339=DIRECTION('ref_axis',(0.,0.,1.));
#8340=DIRECTION('center_axis',(0.,0.,1.));
#8341=DIRECTION('ref_axis',(-1.,0.,0.));
#8342=DIRECTION('center_axis',(0.,0.,-1.));
#8343=DIRECTION('ref_axis',(-1.,0.,0.));
#8344=DIRECTION('center_axis',(0.,-1.,0.));
#8345=DIRECTION('ref_axis',(-1.,0.,0.));
#8346=DIRECTION('center_axis',(0.,-1.,0.));
#8347=DIRECTION('ref_axis',(0.,0.,-1.));
#8348=DIRECTION('center_axis',(0.,1.,0.));
#8349=DIRECTION('ref_axis',(0.,0.,1.));
#8350=DIRECTION('center_axis',(1.07524182395257E-15,-1.,0.));
#8351=DIRECTION('ref_axis',(-1.,-1.07524182395257E-15,0.));
#8352=DIRECTION('center_axis',(-1.70070929017334E-15,1.,-2.89241208968191E-30));
#8353=DIRECTION('ref_axis',(-1.,-1.70070929017334E-15,-1.24460305557223E-60));
#8354=DIRECTION('center_axis',(0.,0.,1.));
#8355=DIRECTION('ref_axis',(-1.,0.,0.));
#8356=DIRECTION('center_axis',(0.,0.,-1.));
#8357=DIRECTION('ref_axis',(-1.,0.,0.));
#8358=DIRECTION('center_axis',(0.,0.,-1.));
#8359=DIRECTION('ref_axis',(-1.,0.,0.));
#8360=DIRECTION('center_axis',(0.,-1.,0.));
#8361=DIRECTION('ref_axis',(-1.,0.,0.));
#8362=DIRECTION('center_axis',(-1.,-1.70070929017334E-15,0.));
#8363=DIRECTION('ref_axis',(-1.70070929017334E-15,1.,0.));
#8364=DIRECTION('center_axis',(-1.,0.,0.));
#8365=DIRECTION('ref_axis',(0.,0.,-1.));
#8366=DIRECTION('center_axis',(-1.,0.,0.));
#8367=DIRECTION('ref_axis',(0.,0.,1.));
#8368=DIRECTION('center_axis',(0.,0.,1.));
#8369=DIRECTION('ref_axis',(-1.,0.,0.));
#8370=DIRECTION('center_axis',(0.,0.,-1.));
#8371=DIRECTION('ref_axis',(-1.,0.,0.));
#8372=DIRECTION('center_axis',(0.,0.,-1.));
#8373=DIRECTION('ref_axis',(-1.,0.,0.));
#8374=DIRECTION('center_axis',(0.,-1.,0.));
#8375=DIRECTION('ref_axis',(-1.,0.,0.));
#8376=DIRECTION('center_axis',(0.,-1.,0.));
#8377=DIRECTION('ref_axis',(0.,0.,-1.));
#8378=DIRECTION('center_axis',(0.,1.,0.));
#8379=DIRECTION('ref_axis',(0.,0.,1.));
#8380=DIRECTION('center_axis',(1.,0.,0.));
#8381=DIRECTION('ref_axis',(0.,0.,-1.));
#8382=DIRECTION('',(0.,0.,-1.));
#8383=DIRECTION('',(0.,1.,0.));
#8384=DIRECTION('',(0.,0.,-1.));
#8385=DIRECTION('',(0.,-1.,0.));
#8386=DIRECTION('center_axis',(0.,-1.,0.));
#8387=DIRECTION('ref_axis',(0.,0.,1.));
#8388=DIRECTION('',(-1.,0.,0.));
#8389=DIRECTION('',(0.,0.,-1.));
#8390=DIRECTION('',(1.,0.,0.));
#8391=DIRECTION('',(0.,0.,1.));
#8392=DIRECTION('center_axis',(0.,-1.,0.));
#8393=DIRECTION('ref_axis',(0.,0.,1.));
#8394=DIRECTION('',(0.707106781186546,0.,-0.707106781186549));
#8395=DIRECTION('',(1.,0.,0.));
#8396=DIRECTION('',(0.,0.,1.));
#8397=DIRECTION('',(-1.,0.,0.));
#8398=DIRECTION('',(0.,0.,-1.));
#8399=DIRECTION('center_axis',(0.,0.,-1.));
#8400=DIRECTION('ref_axis',(-1.,0.,0.));
#8401=DIRECTION('',(0.,-1.,0.));
#8402=DIRECTION('',(-1.,0.,0.));
#8403=DIRECTION('',(-1.07524182395257E-15,1.,0.));
#8404=DIRECTION('',(1.,4.01556360179817E-16,0.));
#8405=DIRECTION('center_axis',(0.,0.,1.));
#8406=DIRECTION('ref_axis',(1.,0.,0.));
#8407=DIRECTION('center_axis',(0.,0.,1.));
#8408=DIRECTION('ref_axis',(1.,0.,0.));
#8409=DIRECTION('',(1.,0.,0.));
#8410=DIRECTION('',(0.,-1.,0.));
#8411=DIRECTION('',(-1.,0.,0.));
#8412=DIRECTION('',(-1.07524182395257E-15,1.,0.));
#8413=DIRECTION('',(0.732964093231908,-0.680267328359026,0.));
#8414=DIRECTION('center_axis',(0.,1.,0.));
#8415=DIRECTION('ref_axis',(0.,0.,-1.));
#8416=DIRECTION('',(0.,0.,-1.));
#8417=DIRECTION('',(1.,0.,0.));
#8418=DIRECTION('center_axis',(0.,1.,0.));
#8419=DIRECTION('ref_axis',(0.,0.,-1.));
#8420=DIRECTION('',(-1.,0.,0.));
#8421=DIRECTION('',(-1.,0.,0.));
#8422=DIRECTION('center_axis',(0.,1.,0.));
#8423=DIRECTION('ref_axis',(0.,0.,-1.));
#8424=DIRECTION('center_axis',(0.,0.,-1.));
#8425=DIRECTION('ref_axis',(-1.,0.,0.));
#8426=DIRECTION('',(-0.732964093231908,0.680267328359026,0.));
#8427=DIRECTION('',(1.07524182395257E-15,-1.,0.));
#8428=DIRECTION('',(1.,0.,0.));
#8429=DIRECTION('',(0.,1.,0.));
#8430=DIRECTION('center_axis',(0.,0.,1.));
#8431=DIRECTION('ref_axis',(1.,0.,0.));
#8432=DIRECTION('',(1.,0.,0.));
#8433=DIRECTION('',(0.,-1.,0.));
#8434=DIRECTION('',(-1.,0.,0.));
#8435=DIRECTION('',(-1.07524182395257E-15,1.,0.));
#8436=DIRECTION('',(0.732964093231908,-0.680267328359026,0.));
#8437=DIRECTION('center_axis',(0.,1.,0.));
#8438=DIRECTION('ref_axis',(0.,0.,-1.));
#8439=DIRECTION('',(0.,0.,-1.));
#8440=DIRECTION('',(1.,0.,0.));
#8441=DIRECTION('center_axis',(0.,1.,0.));
#8442=DIRECTION('ref_axis',(0.,0.,-1.));
#8443=DIRECTION('',(-1.,0.,0.));
#8444=DIRECTION('',(-1.,0.,0.));
#8445=DIRECTION('center_axis',(0.,1.,0.));
#8446=DIRECTION('ref_axis',(0.,0.,-1.));
#8447=DIRECTION('center_axis',(0.,0.,-1.));
#8448=DIRECTION('ref_axis',(-1.,0.,0.));
#8449=DIRECTION('',(-0.732964093231908,0.680267328359026,0.));
#8450=DIRECTION('',(1.07524182395257E-15,-1.,0.));
#8451=DIRECTION('',(1.,0.,0.));
#8452=DIRECTION('',(0.,1.,0.));
#8453=DIRECTION('center_axis',(-0.680267328359026,-0.732964093231908,0.));
#8454=DIRECTION('ref_axis',(-0.732964093231908,0.680267328359025,0.));
#8455=DIRECTION('center_axis',(0.680267328359028,0.732964093231906,1.22176403166346E-15));
#8456=DIRECTION('ref_axis',(0.732964093231906,-0.680267328359028,-1.69767751155863E-13));
#8457=DIRECTION('center_axis',(0.680267328359027,0.732964093231907,-2.64715540193749E-15));
#8458=DIRECTION('ref_axis',(0.732964093231907,-0.680267328359027,-2.80561390522322E-13));
#8459=DIRECTION('center_axis',(-0.680267328359026,-0.732964093231908,0.));
#8460=DIRECTION('ref_axis',(-0.732964093231908,0.680267328359025,0.));
#8461=DIRECTION('center_axis',(0.680267328359029,0.732964093231905,5.29431080387501E-15));
#8462=DIRECTION('ref_axis',(0.732964093231905,-0.680267328359029,-7.70756453022767E-14));
#8463=DIRECTION('center_axis',(0.680267328359027,0.732964093231907,0.));
#8464=DIRECTION('ref_axis',(0.732964093231907,-0.680267328359027,-2.10344469309205E-13));
#8465=DIRECTION('center_axis',(0.,0.,1.));
#8466=DIRECTION('ref_axis',(1.,0.,0.));
#8467=DIRECTION('',(0.,1.,0.));
#8468=DIRECTION('center_axis',(0.,0.,-1.));
#8469=DIRECTION('ref_axis',(-1.,0.,0.));
#8470=DIRECTION('',(-0.57442574909643,0.818556692462413,0.));
#8471=DIRECTION('center_axis',(0.,0.,1.));
#8472=DIRECTION('ref_axis',(-1.,0.,0.));
#8473=DIRECTION('',(-1.,0.,0.));
#8474=DIRECTION('',(0.,-1.,0.));
#8475=DIRECTION('',(1.,0.,0.));
#8476=DIRECTION('center_axis',(0.,0.,-1.));
#8477=DIRECTION('ref_axis',(-1.,0.,0.));
#8478=DIRECTION('',(0.574425749096429,-0.818556692462413,0.));
#8479=DIRECTION('center_axis',(0.,0.,1.));
#8480=DIRECTION('ref_axis',(-1.,0.,0.));
#8481=DIRECTION('',(-1.,0.,0.));
#8482=DIRECTION('',(0.,-1.,0.));
#8483=DIRECTION('',(-1.,0.,0.));
#8484=DIRECTION('center_axis',(0.,0.,-1.));
#8485=DIRECTION('ref_axis',(-1.,0.,0.));
#8486=DIRECTION('center_axis',(0.,1.,0.));
#8487=DIRECTION('ref_axis',(0.,0.,-1.));
#8488=DIRECTION('',(0.,0.,-1.));
#8489=DIRECTION('',(-1.,0.,0.));
#8490=DIRECTION('',(0.,0.,-1.));
#8491=DIRECTION('center_axis',(0.,0.,1.));
#8492=DIRECTION('ref_axis',(1.,0.,0.));
#8493=DIRECTION('',(-1.,0.,0.));
#8494=DIRECTION('center_axis',(0.,0.,-1.));
#8495=DIRECTION('ref_axis',(1.,-6.67201336914157E-15,0.));
#8496=DIRECTION('',(0.57442574909643,-0.818556692462413,0.));
#8497=DIRECTION('center_axis',(0.,0.,1.));
#8498=DIRECTION('ref_axis',(1.,0.,0.));
#8499=DIRECTION('',(1.,0.,0.));
#8500=DIRECTION('',(0.,1.,0.));
#8501=DIRECTION('center_axis',(0.,0.,-1.));
#8502=DIRECTION('ref_axis',(1.,0.,0.));
#8503=DIRECTION('',(-0.574425749096429,0.818556692462413,0.));
#8504=DIRECTION('center_axis',(0.,0.,1.));
#8505=DIRECTION('ref_axis',(1.,0.,0.));
#8506=DIRECTION('',(-1.,0.,0.));
#8507=DIRECTION('',(0.,1.,0.));
#8508=DIRECTION('center_axis',(0.,-1.,0.));
#8509=DIRECTION('ref_axis',(0.,0.,1.));
#8510=DIRECTION('',(0.,0.,-1.));
#8511=DIRECTION('center_axis',(-1.,0.,0.));
#8512=DIRECTION('ref_axis',(0.,0.,1.));
#8513=DIRECTION('',(0.,0.,-1.));
#8514=DIRECTION('center_axis',(0.,0.,-1.));
#8515=DIRECTION('ref_axis',(-1.,0.,0.));
#8516=DIRECTION('',(-0.57442574909643,0.818556692462413,0.));
#8517=DIRECTION('center_axis',(0.,0.,1.));
#8518=DIRECTION('ref_axis',(-1.,6.67201336914157E-15,0.));
#8519=DIRECTION('',(-1.,0.,0.));
#8520=DIRECTION('',(0.,-1.,0.));
#8521=DIRECTION('',(1.,0.,0.));
#8522=DIRECTION('center_axis',(0.,0.,-1.));
#8523=DIRECTION('ref_axis',(-1.,0.,0.));
#8524=DIRECTION('',(0.574425749096429,-0.818556692462413,0.));
#8525=DIRECTION('center_axis',(0.,0.,1.));
#8526=DIRECTION('ref_axis',(-1.,0.,0.));
#8527=DIRECTION('',(-1.,0.,0.));
#8528=DIRECTION('',(0.,-1.,0.));
#8529=DIRECTION('',(-1.,0.,0.));
#8530=DIRECTION('center_axis',(0.,0.,-1.));
#8531=DIRECTION('ref_axis',(-1.,0.,0.));
#8532=DIRECTION('center_axis',(0.,1.,-2.44327250137579E-15));
#8533=DIRECTION('ref_axis',(0.,-2.44327250137579E-15,-1.));
#8534=DIRECTION('',(1.71457719394792E-15,-2.44327250137579E-15,-1.));
#8535=DIRECTION('',(-1.,0.,0.));
#8536=DIRECTION('',(0.,-2.44327250137579E-15,-1.));
#8537=DIRECTION('center_axis',(0.,-1.39897054514258E-16,1.));
#8538=DIRECTION('ref_axis',(0.,1.,1.39897054514258E-16));
#8539=DIRECTION('',(-1.,0.,0.));
#8540=DIRECTION('center_axis',(0.,1.39897054514258E-16,-1.));
#8541=DIRECTION('ref_axis',(0.,1.,1.39897054514258E-16));
#8542=DIRECTION('',(-0.57442574909643,0.818556692462413,0.));
#8543=DIRECTION('center_axis',(0.,-1.39897054514258E-16,1.));
#8544=DIRECTION('ref_axis',(0.,1.,1.39897054514258E-16));
#8545=DIRECTION('',(-1.,0.,0.));
#8546=DIRECTION('',(0.,1.,1.39897054514258E-16));
#8547=DIRECTION('center_axis',(0.,1.39897054514258E-16,-1.));
#8548=DIRECTION('ref_axis',(0.,1.,1.39897054514258E-16));
#8549=DIRECTION('',(0.574425749096429,-0.818556692462414,0.));
#8550=DIRECTION('center_axis',(0.,-1.39897054514258E-16,1.));
#8551=DIRECTION('ref_axis',(0.,1.,1.39897054514258E-16));
#8552=DIRECTION('',(1.,0.,0.));
#8553=DIRECTION('center_axis',(0.,-1.,0.));
#8554=DIRECTION('ref_axis',(0.,0.,1.));
#8555=DIRECTION('',(0.,0.,-1.));
#8556=DIRECTION('center_axis',(-1.,0.,0.));
#8557=DIRECTION('ref_axis',(0.,0.,1.));
#8558=DIRECTION('',(0.,0.,1.));
#8559=DIRECTION('center_axis',(0.,1.,0.));
#8560=DIRECTION('ref_axis',(0.,0.,-1.));
#8561=DIRECTION('',(0.,0.,1.));
#8562=DIRECTION('center_axis',(0.,1.,0.));
#8563=DIRECTION('ref_axis',(0.,0.,-1.));
#8564=DIRECTION('center_axis',(0.818556692462414,0.574425749096429,0.));
#8565=DIRECTION('ref_axis',(0.574425749096429,-0.818556692462414,0.));
#8566=DIRECTION('',(-1.71457719394792E-15,2.44327250137579E-15,1.));
#8567=DIRECTION('',(0.,0.,-1.));
#8568=DIRECTION('center_axis',(0.,1.,0.));
#8569=DIRECTION('ref_axis',(0.,0.,-1.));
#8570=DIRECTION('',(0.,0.,1.));
#8571=DIRECTION('center_axis',(0.,1.,0.));
#8572=DIRECTION('ref_axis',(0.,0.,-1.));
#8573=DIRECTION('center_axis',(0.,1.,0.));
#8574=DIRECTION('ref_axis',(0.,0.,-1.));
#8575=DIRECTION('center_axis',(0.818556692462414,0.574425749096429,0.));
#8576=DIRECTION('ref_axis',(0.574425749096429,-0.818556692462414,0.));
#8577=DIRECTION('',(0.,0.,-1.));
#8578=DIRECTION('',(0.,0.,1.));
#8579=DIRECTION('center_axis',(0.,-1.,0.));
#8580=DIRECTION('ref_axis',(0.,0.,1.));
#8581=DIRECTION('',(0.,0.,1.));
#8582=DIRECTION('center_axis',(-0.818556692462413,-0.57442574909643,0.));
#8583=DIRECTION('ref_axis',(-0.57442574909643,0.818556692462413,0.));
#8584=DIRECTION('',(0.,0.,1.));
#8585=DIRECTION('',(0.,0.,-1.));
#8586=DIRECTION('center_axis',(0.,-1.,0.));
#8587=DIRECTION('ref_axis',(0.,0.,1.));
#8588=DIRECTION('',(0.,0.,1.));
#8589=DIRECTION('center_axis',(-0.818556692462413,-0.57442574909643,0.));
#8590=DIRECTION('ref_axis',(-0.57442574909643,0.818556692462413,0.));
#8591=DIRECTION('',(0.,0.,1.));
#8592=DIRECTION('',(0.,0.,-1.));
#8593=DIRECTION('center_axis',(0.,0.,-1.));
#8594=DIRECTION('ref_axis',(-1.,0.,0.));
#8595=DIRECTION('center_axis',(0.,0.,-1.));
#8596=DIRECTION('ref_axis',(-1.,0.,0.));
#8597=DIRECTION('center_axis',(0.,0.,1.));
#8598=DIRECTION('ref_axis',(1.,0.,0.));
#8599=DIRECTION('center_axis',(0.,0.,1.));
#8600=DIRECTION('ref_axis',(1.,0.,0.));
#8601=DIRECTION('center_axis',(1.71457719394792E-15,-2.44327250137579E-15,
-1.));
#8602=DIRECTION('ref_axis',(-4.189179309459E-30,-1.,2.44327250137579E-15));
#8603=DIRECTION('center_axis',(0.,0.,1.));
#8604=DIRECTION('ref_axis',(1.,0.,0.));
#8605=DIRECTION('center_axis',(0.,0.,1.));
#8606=DIRECTION('ref_axis',(1.,0.,0.));
#8607=DIRECTION('center_axis',(0.,0.,-1.));
#8608=DIRECTION('ref_axis',(-1.,0.,0.));
#8609=DIRECTION('center_axis',(0.,-1.,0.));
#8610=DIRECTION('ref_axis',(0.,0.,1.));
#8611=DIRECTION('center_axis',(-5.72134090815435E-14,-0.707106781186538,
0.707106781186557));
#8612=DIRECTION('ref_axis',(-5.49642078939006E-13,-0.707106781186557,-0.707106781186538));
#8613=DIRECTION('center_axis',(0.707106781186545,0.70710678118655,8.17334415450638E-15));
#8614=DIRECTION('ref_axis',(0.70710678118655,-0.707106781186545,7.6007950440322E-13));
#8615=DIRECTION('center_axis',(0.,-1.,0.));
#8616=DIRECTION('ref_axis',(0.,0.,-1.));
#8617=DIRECTION('center_axis',(0.,-1.,0.));
#8618=DIRECTION('ref_axis',(0.,0.,1.));
#8619=DIRECTION('center_axis',(0.,-1.,0.));
#8620=DIRECTION('ref_axis',(0.,0.,1.));
#8621=DIRECTION('center_axis',(0.,0.,-1.));
#8622=DIRECTION('ref_axis',(-1.,0.,0.));
#8623=DIRECTION('center_axis',(0.707106781186543,2.88217925448354E-14,0.707106781186552));
#8624=DIRECTION('ref_axis',(0.707106781186552,4.45705128075777E-12,-0.707106781186543));
#8625=DIRECTION('center_axis',(0.,0.,1.));
#8626=DIRECTION('ref_axis',(1.,0.,0.));
#8627=DIRECTION('center_axis',(0.,1.,0.));
#8628=DIRECTION('ref_axis',(-1.,0.,0.));
#8629=DIRECTION('center_axis',(-1.,0.,0.));
#8630=DIRECTION('ref_axis',(0.,0.,-1.));
#8631=DIRECTION('center_axis',(-1.,0.,0.));
#8632=DIRECTION('ref_axis',(0.,0.,1.));
#8633=DIRECTION('center_axis',(-1.,0.,-1.70070929017334E-15));
#8634=DIRECTION('ref_axis',(-1.70070929017334E-15,0.,1.));
#8635=DIRECTION('center_axis',(0.,0.,-1.));
#8636=DIRECTION('ref_axis',(-1.,0.,0.));
#8637=DIRECTION('center_axis',(0.707106781186553,1.06607377463472E-14,0.707106781186543));
#8638=DIRECTION('ref_axis',(0.707106781186543,7.43973080727714E-14,-0.707106781186553));
#8639=DIRECTION('center_axis',(0.,0.,1.));
#8640=DIRECTION('ref_axis',(1.,0.,0.));
#8641=DIRECTION('center_axis',(0.,1.,0.));
#8642=DIRECTION('ref_axis',(-1.,0.,0.));
#8643=DIRECTION('center_axis',(-1.70070929017334E-15,1.,0.));
#8644=DIRECTION('ref_axis',(-1.,-1.70070929017334E-15,0.));
#8645=DIRECTION('center_axis',(-1.07524182395257E-15,1.,0.));
#8646=DIRECTION('ref_axis',(1.,1.07524182395257E-15,0.));
#8647=DIRECTION('center_axis',(-1.07524182395257E-15,1.,0.));
#8648=DIRECTION('ref_axis',(1.,1.07524182395257E-15,0.));
#8649=DIRECTION('center_axis',(1.70070929017334E-15,-1.,0.));
#8650=DIRECTION('ref_axis',(-1.,-1.70070929017334E-15,0.));
#8651=DIRECTION('center_axis',(0.,1.,0.));
#8652=DIRECTION('ref_axis',(-1.,0.,0.));
#8653=DIRECTION('center_axis',(1.,0.,1.70070929017334E-15));
#8654=DIRECTION('ref_axis',(-1.70070929017334E-15,0.,1.));
#8655=DIRECTION('center_axis',(0.,0.,-1.));
#8656=DIRECTION('ref_axis',(1.,0.,0.));
#8657=DIRECTION('center_axis',(1.07524182395257E-15,-1.,0.));
#8658=DIRECTION('ref_axis',(-1.,-1.07524182395257E-15,0.));
#8659=DIRECTION('center_axis',(1.70070929017334E-15,-1.,-2.89241208968191E-30));
#8660=DIRECTION('ref_axis',(-1.,-1.70070929017334E-15,1.24460305557223E-60));
#8661=DIRECTION('center_axis',(0.,0.,-1.));
#8662=DIRECTION('ref_axis',(-1.,0.,0.));
#8663=DIRECTION('center_axis',(0.,0.,-1.));
#8664=DIRECTION('ref_axis',(-1.,0.,0.));
#8665=DIRECTION('center_axis',(-1.,0.,0.));
#8666=DIRECTION('ref_axis',(0.,0.,1.));
#8667=DIRECTION('center_axis',(1.,0.,0.));
#8668=DIRECTION('ref_axis',(0.,0.,-1.));
#8669=DIRECTION('center_axis',(0.,-1.,0.));
#8670=DIRECTION('ref_axis',(0.,0.,1.));
#8671=DIRECTION('center_axis',(0.,-1.,0.));
#8672=DIRECTION('ref_axis',(0.,0.,1.));
#8673=DIRECTION('center_axis',(0.,1.,0.));
#8674=DIRECTION('ref_axis',(-1.,0.,0.));
#8675=DIRECTION('center_axis',(1.,1.70070929017334E-15,0.));
#8676=DIRECTION('ref_axis',(-1.70070929017334E-15,1.,0.));
#8677=DIRECTION('center_axis',(0.,1.,0.));
#8678=DIRECTION('ref_axis',(-1.,0.,0.));
#8679=DIRECTION('center_axis',(0.,0.,-1.));
#8680=DIRECTION('ref_axis',(1.,0.,0.));
#8681=DIRECTION('center_axis',(-1.,0.,0.));
#8682=DIRECTION('ref_axis',(0.,0.,1.));
#8683=DIRECTION('center_axis',(1.,0.,0.));
#8684=DIRECTION('ref_axis',(0.,0.,-1.));
#8685=DIRECTION('center_axis',(0.,0.,-1.));
#8686=DIRECTION('ref_axis',(-1.,0.,0.));
#8687=DIRECTION('center_axis',(0.,0.,-1.));
#8688=DIRECTION('ref_axis',(-1.,0.,0.));
#8689=DIRECTION('center_axis',(0.,1.,0.));
#8690=DIRECTION('ref_axis',(-1.,0.,0.));
#8691=DIRECTION('center_axis',(0.,1.,0.));
#8692=DIRECTION('ref_axis',(0.,0.,1.));
#8693=DIRECTION('center_axis',(0.,1.,0.));
#8694=DIRECTION('ref_axis',(0.,0.,-1.));
#8695=DIRECTION('center_axis',(1.07524182395257E-15,-1.,0.));
#8696=DIRECTION('ref_axis',(-1.,-1.07524182395257E-15,0.));
#8697=DIRECTION('center_axis',(1.70070929017334E-15,-1.,-2.89241208968191E-30));
#8698=DIRECTION('ref_axis',(-1.,-1.70070929017334E-15,1.24460305557223E-60));
#8699=DIRECTION('center_axis',(0.,1.,0.));
#8700=DIRECTION('ref_axis',(-1.,0.,0.));
#8701=DIRECTION('center_axis',(1.,1.70070929017334E-15,0.));
#8702=DIRECTION('ref_axis',(-1.70070929017334E-15,1.,0.));
#8703=DIRECTION('center_axis',(-1.,0.,0.));
#8704=DIRECTION('ref_axis',(0.,0.,1.));
#8705=DIRECTION('center_axis',(1.,0.,0.));
#8706=DIRECTION('ref_axis',(0.,0.,-1.));
#8707=DIRECTION('center_axis',(0.,1.,0.));
#8708=DIRECTION('ref_axis',(-1.,0.,0.));
#8709=DIRECTION('center_axis',(0.,1.,0.));
#8710=DIRECTION('ref_axis',(0.,0.,1.));
#8711=DIRECTION('center_axis',(0.,1.,0.));
#8712=DIRECTION('ref_axis',(0.,0.,-1.));
#8713=DIRECTION('center_axis',(-1.,1.07524182395257E-15,0.));
#8714=DIRECTION('ref_axis',(1.07524182395257E-15,1.,1.22464679914735E-16));
#8715=DIRECTION('center_axis',(0.707106781186549,7.60310785132253E-16,0.707106781186546));
#8716=DIRECTION('ref_axis',(0.707106781186546,-2.12820481959348E-33,-0.707106781186549));
#8717=DIRECTION('center_axis',(-0.707106781186545,-8.95099678702737E-15,
-0.70710678118655));
#8718=DIRECTION('ref_axis',(0.70710678118655,3.19798350303797E-13,-0.707106781186545));
#8719=DIRECTION('center_axis',(-0.707106781186547,2.81604393299739E-15,
-0.707106781186548));
#8720=DIRECTION('ref_axis',(0.707106781186548,3.4287520886068E-14,-0.707106781186547));
#8721=DIRECTION('center_axis',(-1.,4.01556360179817E-16,0.));
#8722=DIRECTION('ref_axis',(-4.01556360179817E-16,-1.,0.));
#8723=DIRECTION('center_axis',(-1.,0.,0.));
#8724=DIRECTION('ref_axis',(0.,0.,1.));
#8725=DIRECTION('center_axis',(0.,1.,0.));
#8726=DIRECTION('ref_axis',(1.,0.,0.));
#8727=DIRECTION('center_axis',(1.,4.01556360179817E-16,0.));
#8728=DIRECTION('ref_axis',(-4.01556360179817E-16,1.,0.));
#8729=DIRECTION('center_axis',(1.,0.,0.));
#8730=DIRECTION('ref_axis',(0.,0.,-1.));
#8731=DIRECTION('center_axis',(0.,1.,0.));
#8732=DIRECTION('ref_axis',(1.,0.,0.));
#8733=DIRECTION('center_axis',(-1.,4.01556360179817E-16,0.));
#8734=DIRECTION('ref_axis',(-4.01556360179817E-16,-1.,0.));
#8735=DIRECTION('center_axis',(-1.,0.,0.));
#8736=DIRECTION('ref_axis',(0.,0.,1.));
#8737=DIRECTION('center_axis',(0.,1.,0.));
#8738=DIRECTION('ref_axis',(1.,0.,0.));
#8739=DIRECTION('center_axis',(1.,4.01556360179817E-16,0.));
#8740=DIRECTION('ref_axis',(-4.01556360179817E-16,1.,0.));
#8741=DIRECTION('center_axis',(1.,0.,0.));
#8742=DIRECTION('ref_axis',(0.,0.,-1.));
#8743=DIRECTION('center_axis',(0.,1.,0.));
#8744=DIRECTION('ref_axis',(1.,0.,0.));
#8745=DIRECTION('center_axis',(-1.,0.,0.));
#8746=DIRECTION('ref_axis',(0.,0.,1.));
#8747=DIRECTION('center_axis',(1.,0.,0.));
#8748=DIRECTION('ref_axis',(0.,0.,-1.));
#8749=DIRECTION('center_axis',(1.,0.,0.));
#8750=DIRECTION('ref_axis',(0.,0.,-1.));
#8751=DIRECTION('center_axis',(-1.,0.,0.));
#8752=DIRECTION('ref_axis',(0.,0.,1.));
#8753=DIRECTION('axis',(0.,0.,1.));
#8754=DIRECTION('refdir',(1.,0.,0.));
#8755=DIRECTION('center_axis',(0.,0.,1.));
#8756=DIRECTION('ref_axis',(1.,0.,0.));
#8757=DIRECTION('center_axis',(0.,0.,1.));
#8758=DIRECTION('ref_axis',(1.,0.,0.));
#8759=DIRECTION('',(0.,0.,1.));
#8760=DIRECTION('center_axis',(0.,0.,1.));
#8761=DIRECTION('ref_axis',(1.,0.,0.));
#8762=DIRECTION('center_axis',(0.,0.,1.));
#8763=DIRECTION('ref_axis',(1.,0.,0.));
#8764=DIRECTION('center_axis',(0.,0.,1.));
#8765=DIRECTION('ref_axis',(1.,0.,0.));
#8766=DIRECTION('',(0.,0.,-1.));
#8767=DIRECTION('center_axis',(0.,0.,1.));
#8768=DIRECTION('ref_axis',(1.,0.,0.));
#8769=DIRECTION('center_axis',(0.,0.,1.));
#8770=DIRECTION('ref_axis',(1.,0.,0.));
#8771=DIRECTION('center_axis',(0.,0.,1.));
#8772=DIRECTION('ref_axis',(1.,0.,0.));
#8773=DIRECTION('axis',(0.,0.,1.));
#8774=DIRECTION('refdir',(1.,0.,0.));
#8775=DIRECTION('center_axis',(-1.,-1.2000711069496E-16,0.));
#8776=DIRECTION('ref_axis',(1.2000711069496E-16,-1.,0.));
#8777=DIRECTION('',(1.2000711069496E-16,-1.,0.));
#8778=DIRECTION('',(0.,0.,1.));
#8779=DIRECTION('',(1.2000711069496E-16,-1.,0.));
#8780=DIRECTION('',(0.,0.,1.));
#8781=DIRECTION('center_axis',(0.,1.,0.));
#8782=DIRECTION('ref_axis',(0.,0.,1.));
#8783=DIRECTION('',(-1.,0.,0.));
#8784=DIRECTION('',(0.,0.,1.));
#8785=DIRECTION('',(-1.,0.,0.));
#8786=DIRECTION('center_axis',(1.,1.32421639387543E-16,0.));
#8787=DIRECTION('ref_axis',(-1.32421639387543E-16,1.,0.));
#8788=DIRECTION('',(-1.32421639387542E-16,1.,0.));
#8789=DIRECTION('',(0.,0.,1.));
#8790=DIRECTION('',(-1.32421639387542E-16,1.,0.));
#8791=DIRECTION('center_axis',(0.,-1.,0.));
#8792=DIRECTION('ref_axis',(0.,0.,-1.));
#8793=DIRECTION('',(1.,0.,0.));
#8794=DIRECTION('',(1.,0.,0.));
#8795=DIRECTION('center_axis',(0.,0.,1.));
#8796=DIRECTION('ref_axis',(1.,0.,0.));
#8797=DIRECTION('',(-1.,0.,0.));
#8798=DIRECTION('',(1.22464679914735E-16,-1.,0.));
#8799=DIRECTION('',(1.,0.,0.));
#8800=DIRECTION('',(-2.71050543121376E-16,1.,0.));
#8801=DIRECTION('center_axis',(0.,0.,1.));
#8802=DIRECTION('ref_axis',(1.,0.,0.));
#8803=DIRECTION('',(1.22464679914735E-16,-1.,0.));
#8804=DIRECTION('',(-1.,0.,0.));
#8805=DIRECTION('',(-2.71050543121376E-16,1.,0.));
#8806=DIRECTION('',(1.,0.,0.));
#8807=DIRECTION('center_axis',(-1.,-1.22464679914735E-16,0.));
#8808=DIRECTION('ref_axis',(1.22464679914735E-16,-1.,0.));
#8809=DIRECTION('',(0.,0.,1.));
#8810=DIRECTION('',(0.,0.,1.));
#8811=DIRECTION('center_axis',(0.,1.,0.));
#8812=DIRECTION('ref_axis',(0.,0.,1.));
#8813=DIRECTION('',(0.,0.,1.));
#8814=DIRECTION('center_axis',(1.,2.71050543121376E-16,0.));
#8815=DIRECTION('ref_axis',(-2.71050543121376E-16,1.,0.));
#8816=DIRECTION('',(0.,0.,1.));
#8817=DIRECTION('center_axis',(0.,-1.,0.));
#8818=DIRECTION('ref_axis',(0.,0.,-1.));
#8819=DIRECTION('axis',(0.,0.,1.));
#8820=DIRECTION('refdir',(1.,0.,0.));
#8821=DIRECTION('center_axis',(0.,0.,1.));
#8822=DIRECTION('ref_axis',(1.,0.,0.));
#8823=DIRECTION('center_axis',(0.,0.,1.));
#8824=DIRECTION('ref_axis',(1.,0.,0.));
#8825=DIRECTION('',(0.,0.,-1.));
#8826=DIRECTION('center_axis',(0.,0.,1.));
#8827=DIRECTION('ref_axis',(1.,0.,0.));
#8828=DIRECTION('center_axis',(0.,-1.,0.));
#8829=DIRECTION('ref_axis',(0.,0.,-1.));
#8830=DIRECTION('',(-1.,0.,0.));
#8831=DIRECTION('',(0.,0.,1.));
#8832=DIRECTION('',(-1.,0.,0.));
#8833=DIRECTION('',(0.,0.,-1.));
#8834=DIRECTION('center_axis',(1.,1.22464679914735E-16,0.));
#8835=DIRECTION('ref_axis',(-1.22464679914735E-16,1.,0.));
#8836=DIRECTION('',(1.22464679914735E-16,-1.,0.));
#8837=DIRECTION('',(0.,0.,-1.));
#8838=DIRECTION('',(1.22464679914735E-16,-1.,0.));
#8839=DIRECTION('',(0.,0.,1.));
#8840=DIRECTION('center_axis',(-3.85922909004852E-16,1.,0.));
#8841=DIRECTION('ref_axis',(-1.,-3.85922909004852E-16,0.));
#8842=DIRECTION('',(1.,3.85922909004851E-16,0.));
#8843=DIRECTION('',(0.,0.,-1.));
#8844=DIRECTION('',(1.,3.85922909004851E-16,0.));
#8845=DIRECTION('',(0.,0.,-1.));
#8846=DIRECTION('center_axis',(-1.,-1.35525271560688E-16,0.));
#8847=DIRECTION('ref_axis',(1.35525271560688E-16,-1.,0.));
#8848=DIRECTION('',(0.,1.,0.));
#8849=DIRECTION('',(0.,0.,1.));
#8850=DIRECTION('',(-1.35525271560688E-16,1.,0.));
#8851=DIRECTION('',(-1.35525271560688E-16,1.,0.));
#8852=DIRECTION('',(-1.35525271560688E-16,1.,0.));
#8853=DIRECTION('',(0.,0.,1.));
#8854=DIRECTION('center_axis',(0.,0.,1.));
#8855=DIRECTION('ref_axis',(1.,0.,0.));
#8856=DIRECTION('',(1.,0.,0.));
#8857=DIRECTION('center_axis',(0.,0.,1.));
#8858=DIRECTION('ref_axis',(1.,0.,0.));
#8859=DIRECTION('',(-1.,0.,0.));
#8860=DIRECTION('center_axis',(0.,0.,1.));
#8861=DIRECTION('ref_axis',(1.,0.,0.));
#8862=DIRECTION('center_axis',(0.,0.,1.));
#8863=DIRECTION('ref_axis',(1.,0.,0.));
#8864=DIRECTION('center_axis',(0.,0.,1.));
#8865=DIRECTION('ref_axis',(1.,0.,0.));
#8866=DIRECTION('center_axis',(0.,0.,-1.));
#8867=DIRECTION('ref_axis',(1.,0.,0.));
#8868=DIRECTION('center_axis',(0.,0.,-1.));
#8869=DIRECTION('ref_axis',(1.,0.,0.));
#8870=DIRECTION('center_axis',(0.,0.,-1.));
#8871=DIRECTION('ref_axis',(-1.,0.,0.));
#8872=DIRECTION('center_axis',(0.,0.,-1.));
#8873=DIRECTION('ref_axis',(-1.,0.,0.));
#8874=DIRECTION('center_axis',(0.,-1.,0.));
#8875=DIRECTION('ref_axis',(0.,0.,-1.));
#8876=DIRECTION('',(1.,0.,0.));
#8877=DIRECTION('',(0.,0.,1.));
#8878=DIRECTION('center_axis',(0.,0.,1.));
#8879=DIRECTION('ref_axis',(-1.,1.22464679914735E-16,0.));
#8880=DIRECTION('center_axis',(0.,0.,1.));
#8881=DIRECTION('ref_axis',(1.,0.,0.));
#8882=DIRECTION('',(0.,0.,1.));
#8883=DIRECTION('center_axis',(0.,1.,0.));
#8884=DIRECTION('ref_axis',(0.,0.,1.));
#8885=DIRECTION('',(-1.,0.,0.));
#8886=DIRECTION('center_axis',(0.,0.,1.));
#8887=DIRECTION('ref_axis',(1.,0.,0.));
#8888=DIRECTION('center_axis',(0.,0.,1.));
#8889=DIRECTION('ref_axis',(1.,0.,0.));
#8890=DIRECTION('',(-8.51406627781227E-49,-2.47339309052835E-15,-1.));
#8891=DIRECTION('',(-1.,-4.57701855830602E-17,1.13207660773341E-31));
#8892=DIRECTION('',(-1.,7.40311594429624E-17,-2.96315819023367E-31));
#8893=DIRECTION('',(-2.90835206454897E-31,7.40311594429624E-17,1.));
#8894=DIRECTION('',(1.,1.55438551042155E-17,5.55111512312578E-17));
#8895=DIRECTION('',(1.55438551042155E-17,-1.,6.02334025116483E-17));
#8896=DIRECTION('',(5.55111512312578E-17,1.,-6.02334025116483E-17));
#8897=DIRECTION('',(1.,-5.55111512312578E-17,5.55111512312578E-17));
#8898=DIRECTION('',(-1.,-1.55438551042155E-17,-5.55111512312578E-17));
#8899=DIRECTION('',(1.55438551042155E-17,-1.,6.02334025116483E-17));
#8900=CARTESIAN_POINT('',(0.,0.,0.));
#8901=CARTESIAN_POINT('',(0.,0.,0.));
#8902=CARTESIAN_POINT('Origin',(-6.51,-2.9,-6.4));
#8903=CARTESIAN_POINT('',(-4.35,-2.9,-4.1));
#8904=CARTESIAN_POINT('Origin',(-4.35,-2.9,-6.4));
#8905=CARTESIAN_POINT('',(4.35,-2.9,-4.1));
#8906=CARTESIAN_POINT('',(-6.51,-2.9,-4.1));
#8907=CARTESIAN_POINT('Origin',(4.35,-2.9,-6.4));
#8908=CARTESIAN_POINT('Origin',(-6.51,-5.39,-6.4));
#8909=CARTESIAN_POINT('',(-6.51,-7.21,-1.77));
#8910=CARTESIAN_POINT('',(-6.51,-7.21,-3.55));
#8911=CARTESIAN_POINT('',(-6.51,-7.21,-2.17));
#8912=CARTESIAN_POINT('',(-6.51,-6.81,-1.77));
#8913=CARTESIAN_POINT('',(-6.51,-8.36,-1.77));
#8914=CARTESIAN_POINT('',(-6.51,-6.81,-1.06));
#8915=CARTESIAN_POINT('',(-6.51,-6.81,-1.77));
#8916=CARTESIAN_POINT('',(-6.51,-7.22,-1.06));
#8917=CARTESIAN_POINT('',(-6.51,-6.81,-1.06));
#8918=CARTESIAN_POINT('',(-6.51,-7.22,-1.66));
#8919=CARTESIAN_POINT('',(-6.51,-7.22,-6.40005));
#8920=CARTESIAN_POINT('',(-6.51,-7.7,-1.66));
#8921=CARTESIAN_POINT('',(-6.51,-8.21,-1.66));
#8922=CARTESIAN_POINT('',(-6.51,-7.7,-0.51));
#8923=CARTESIAN_POINT('',(-6.51,-7.7,-6.4));
#8924=CARTESIAN_POINT('',(-6.51,-5.9,-0.51));
#8925=CARTESIAN_POINT('',(-6.51,-5.39,-0.51));
#8926=CARTESIAN_POINT('',(-6.51,-5.9,-12.29));
#8927=CARTESIAN_POINT('',(-6.51,-5.9,-6.4));
#8928=CARTESIAN_POINT('',(-6.51,-7.7,-12.29));
#8929=CARTESIAN_POINT('',(-6.51,-5.39,-12.29));
#8930=CARTESIAN_POINT('',(-6.51,-7.7,-11.14));
#8931=CARTESIAN_POINT('',(-6.51,-7.7,-6.4));
#8932=CARTESIAN_POINT('',(-6.51,-7.22,-11.14));
#8933=CARTESIAN_POINT('',(-6.51,-8.21,-11.14));
#8934=CARTESIAN_POINT('',(-6.51,-7.22,-11.74));
#8935=CARTESIAN_POINT('',(-6.51,-7.22,-6.39995));
#8936=CARTESIAN_POINT('',(-6.51,-6.81,-11.74));
#8937=CARTESIAN_POINT('',(-6.51,-6.81,-11.74));
#8938=CARTESIAN_POINT('',(-6.51,-6.81,-11.03));
#8939=CARTESIAN_POINT('',(-6.51,-6.81,-11.03));
#8940=CARTESIAN_POINT('',(-6.51,-7.21,-11.03));
#8941=CARTESIAN_POINT('',(-6.51,-8.36,-11.03));
#8942=CARTESIAN_POINT('',(-6.51,-7.21,-9.25));
#8943=CARTESIAN_POINT('',(-6.51,-7.21,-10.63));
#8944=CARTESIAN_POINT('',(-6.51,-6.81,-9.25));
#8945=CARTESIAN_POINT('',(-6.51,-5.39,-9.25));
#8946=CARTESIAN_POINT('',(-6.51,-6.81,-8.54));
#8947=CARTESIAN_POINT('',(-6.51,-6.81,-8.54));
#8948=CARTESIAN_POINT('',(-6.51,-7.21,-8.54));
#8949=CARTESIAN_POINT('',(-6.51,-8.36,-8.54));
#8950=CARTESIAN_POINT('',(-6.51,-7.21,-6.76));
#8951=CARTESIAN_POINT('',(-6.51,-7.21,-8.13));
#8952=CARTESIAN_POINT('',(-6.51,-6.81,-6.76));
#8953=CARTESIAN_POINT('',(-6.51,-6.81,-6.76));
#8954=CARTESIAN_POINT('',(-6.51,-6.81,-6.04));
#8955=CARTESIAN_POINT('',(-6.51,-6.81,-6.4));
#8956=CARTESIAN_POINT('',(-6.51,-7.21,-6.04));
#8957=CARTESIAN_POINT('',(-6.51,-6.81,-6.04));
#8958=CARTESIAN_POINT('',(-6.51,-7.21,-4.26));
#8959=CARTESIAN_POINT('',(-6.51,-7.21,-4.67));
#8960=CARTESIAN_POINT('',(-6.51,-6.81,-4.26));
#8961=CARTESIAN_POINT('',(-6.51,-8.36,-4.26));
#8962=CARTESIAN_POINT('',(-6.51,-6.81,-3.55));
#8963=CARTESIAN_POINT('',(-6.51,-6.81,-4.26));
#8964=CARTESIAN_POINT('',(-6.51,-5.39,-3.55));
#8965=CARTESIAN_POINT('Origin',(-6.51,-5.39,-6.4));
#8966=CARTESIAN_POINT('',(-6.51,-7.7,-6.62));
#8967=CARTESIAN_POINT('',(-6.51,-7.7,-6.18));
#8968=CARTESIAN_POINT('',(-6.51,-7.7,-6.4));
#8969=CARTESIAN_POINT('',(-6.51,-7.22,-6.18));
#8970=CARTESIAN_POINT('',(-6.51,-7.21,-6.18));
#8971=CARTESIAN_POINT('',(-6.51,-7.22,-6.62));
#8972=CARTESIAN_POINT('',(-6.51,-7.22,-6.40005));
#8973=CARTESIAN_POINT('',(-6.51,-7.21,-6.62));
#8974=CARTESIAN_POINT('Origin',(-6.51,-5.39,-6.4));
#8975=CARTESIAN_POINT('',(-6.51,-7.7,-4.16));
#8976=CARTESIAN_POINT('',(-6.51,-7.7,-3.68));
#8977=CARTESIAN_POINT('',(-6.51,-7.7,-6.4));
#8978=CARTESIAN_POINT('',(-6.51,-7.22,-3.68));
#8979=CARTESIAN_POINT('',(-6.51,-7.21,-3.68));
#8980=CARTESIAN_POINT('',(-6.51,-7.22,-4.16));
#8981=CARTESIAN_POINT('',(-6.51,-7.22,-6.40005));
#8982=CARTESIAN_POINT('',(-6.51,-8.21,-4.16));
#8983=CARTESIAN_POINT('Origin',(-6.51,-8.21,-6.4));
#8984=CARTESIAN_POINT('',(-6.,-8.21,-6.18));
#8985=CARTESIAN_POINT('',(-6.,-8.21,-6.62));
#8986=CARTESIAN_POINT('',(-6.,-8.21,-6.4));
#8987=CARTESIAN_POINT('',(-4.31,-8.21,-6.62));
#8988=CARTESIAN_POINT('',(-6.51,-8.21,-6.62));
#8989=CARTESIAN_POINT('',(-4.31,-8.21,-6.18));
#8990=CARTESIAN_POINT('',(-4.31,-8.21,-6.4));
#8991=CARTESIAN_POINT('',(-6.51,-8.21,-6.18));
#8992=CARTESIAN_POINT('Origin',(-6.51,-8.21,-6.4));
#8993=CARTESIAN_POINT('',(-6.,-8.21,-4.16));
#8994=CARTESIAN_POINT('',(-4.31,-8.21,-4.16));
#8995=CARTESIAN_POINT('',(-3.8,-8.21,-4.16));
#8996=CARTESIAN_POINT('',(-4.31,-8.21,-3.68));
#8997=CARTESIAN_POINT('',(-4.31,-8.21,-6.4));
#8998=CARTESIAN_POINT('',(-6.,-8.21,-3.68));
#8999=CARTESIAN_POINT('',(-6.51,-8.21,-3.68));
#9000=CARTESIAN_POINT('',(-6.,-8.21,-6.4));
#9001=CARTESIAN_POINT('Origin',(-3.8,-5.79,-6.4));
#9002=CARTESIAN_POINT('',(-3.8,-5.79,-6.22992648648297));
#9003=CARTESIAN_POINT('',(3.8,-5.79,-6.22992648648284));
#9004=CARTESIAN_POINT('',(15.5238304320729,-5.79,-6.22992648648262));
#9005=CARTESIAN_POINT('',(-3.8,-5.79,-6.57007351351703));
#9006=CARTESIAN_POINT('',(-3.8,-5.79,-6.4));
#9007=CARTESIAN_POINT('',(3.8,-5.79,-6.57007351351717));
#9008=CARTESIAN_POINT('',(15.5238304320729,-5.79,-6.57007351351738));
#9009=CARTESIAN_POINT('',(3.8,-5.79,-6.4));
#9010=CARTESIAN_POINT('Origin',(-3.8,-8.21,-6.4));
#9011=CARTESIAN_POINT('',(-3.8,-7.7,-12.8));
#9012=CARTESIAN_POINT('',(-3.8,-5.9,-12.8));
#9013=CARTESIAN_POINT('',(-3.8,-8.21,-12.8));
#9014=CARTESIAN_POINT('',(-3.8,-5.39,-12.29));
#9015=CARTESIAN_POINT('Origin',(-3.8,-5.9,-12.29));
#9016=CARTESIAN_POINT('',(-3.8,-5.39,-11.15));
#9017=CARTESIAN_POINT('',(-3.8,-5.39,-6.4));
#9018=CARTESIAN_POINT('',(-3.79999999999999,-2.89999999999997,-11.15));
#9019=CARTESIAN_POINT('',(-3.8,-8.21,-11.15));
#9020=CARTESIAN_POINT('',(-3.79999999999999,-2.89999999999997,-1.65));
#9021=CARTESIAN_POINT('Origin',(-3.79999999999999,-2.9,-6.4));
#9022=CARTESIAN_POINT('',(-3.8,-5.39,-1.65));
#9023=CARTESIAN_POINT('',(-3.8,-8.21,-1.65));
#9024=CARTESIAN_POINT('',(-3.8,-5.39,-0.51));
#9025=CARTESIAN_POINT('',(-3.8,-5.39,-6.4));
#9026=CARTESIAN_POINT('',(-3.8,-5.9,0.));
#9027=CARTESIAN_POINT('Origin',(-3.8,-5.9,-0.51));
#9028=CARTESIAN_POINT('',(-3.8,-7.7,0.));
#9029=CARTESIAN_POINT('',(-3.8,-8.21,0.));
#9030=CARTESIAN_POINT('',(-3.8,-7.7,-1.66));
#9031=CARTESIAN_POINT('',(-3.8,-7.7,-6.4));
#9032=CARTESIAN_POINT('',(-3.8,-5.79,-1.66));
#9033=CARTESIAN_POINT('',(-3.8,-5.79,-1.66));
#9034=CARTESIAN_POINT('',(-3.8,-5.79,-3.68));
#9035=CARTESIAN_POINT('',(-3.8,-5.79,-3.17));
#9036=CARTESIAN_POINT('',(-3.8,-7.7,-3.68));
#9037=CARTESIAN_POINT('',(-3.8,-8.21,-3.68));
#9038=CARTESIAN_POINT('',(-3.8,-7.7,-4.16));
#9039=CARTESIAN_POINT('',(-3.8,-7.7,-6.4));
#9040=CARTESIAN_POINT('',(-3.8,-5.79,-4.16));
#9041=CARTESIAN_POINT('',(-3.8,-5.79,-4.16));
#9042=CARTESIAN_POINT('',(-3.8,-5.79,-6.18));
#9043=CARTESIAN_POINT('',(-3.8,-5.79,-6.4));
#9044=CARTESIAN_POINT('',(-3.8,-7.7,-6.18));
#9045=CARTESIAN_POINT('',(-3.8,-8.21,-6.18));
#9046=CARTESIAN_POINT('',(-3.8,-7.7,-6.62));
#9047=CARTESIAN_POINT('',(-3.8,-7.7,-6.4));
#9048=CARTESIAN_POINT('',(-3.8,-5.79,-6.62));
#9049=CARTESIAN_POINT('',(-3.8,-8.21,-6.62));
#9050=CARTESIAN_POINT('',(-3.8,-5.79,-8.64));
#9051=CARTESIAN_POINT('',(-3.8,-5.79,-6.4));
#9052=CARTESIAN_POINT('',(-3.8,-7.7,-8.64));
#9053=CARTESIAN_POINT('',(-3.8,-5.79,-8.64));
#9054=CARTESIAN_POINT('',(-3.8,-7.7,-9.12));
#9055=CARTESIAN_POINT('',(-3.8,-7.7,-6.4));
#9056=CARTESIAN_POINT('',(-3.8,-5.79,-9.12));
#9057=CARTESIAN_POINT('',(-3.8,-8.21,-9.12));
#9058=CARTESIAN_POINT('',(-3.8,-5.79,-11.14));
#9059=CARTESIAN_POINT('',(-3.8,-5.79,-6.4));
#9060=CARTESIAN_POINT('',(-3.8,-7.7,-11.14));
#9061=CARTESIAN_POINT('',(-3.8,-5.79,-11.14));
#9062=CARTESIAN_POINT('',(-3.8,-7.7,-6.4));
#9063=CARTESIAN_POINT('Origin',(-3.79999999999999,-2.9,-6.4));
#9064=CARTESIAN_POINT('Origin',(-6.51,-8.21,-6.4));
#9065=CARTESIAN_POINT('',(-4.31,-8.21,-1.66));
#9066=CARTESIAN_POINT('',(-4.31,-8.21,-0.51));
#9067=CARTESIAN_POINT('',(-4.31,-8.21,-6.4));
#9068=CARTESIAN_POINT('',(-6.,-8.21,-0.51));
#9069=CARTESIAN_POINT('',(-6.51,-8.21,-0.51));
#9070=CARTESIAN_POINT('',(-6.,-8.21,-1.66));
#9071=CARTESIAN_POINT('',(-6.,-8.21,-6.4));
#9072=CARTESIAN_POINT('',(-3.8,-8.21,-1.66));
#9073=CARTESIAN_POINT('Origin',(-4.35,-5.39,-6.4));
#9074=CARTESIAN_POINT('',(-6.,-5.39,-12.29));
#9075=CARTESIAN_POINT('',(-4.35,-5.39,-12.29));
#9076=CARTESIAN_POINT('',(-6.,-5.39,-0.51));
#9077=CARTESIAN_POINT('',(-6.,-5.39,-6.4));
#9078=CARTESIAN_POINT('',(-4.35,-5.39,-0.51));
#9079=CARTESIAN_POINT('',(-4.35,-5.39,-1.65));
#9080=CARTESIAN_POINT('',(-6.51,-5.39,-1.65));
#9081=CARTESIAN_POINT('',(-4.35,-5.39,-11.15));
#9082=CARTESIAN_POINT('',(-4.35,-5.39,-6.4));
#9083=CARTESIAN_POINT('',(-6.51,-5.39,-11.15));
#9084=CARTESIAN_POINT('Origin',(-4.35,1.85,-6.4));
#9085=CARTESIAN_POINT('',(-4.35,-2.89999999999997,-11.15));
#9086=CARTESIAN_POINT('',(-4.35,1.85,-11.15));
#9087=CARTESIAN_POINT('',(-4.35,-2.89999999999997,-1.65));
#9088=CARTESIAN_POINT('',(-4.35,1.85,-1.65));
#9089=CARTESIAN_POINT('Origin',(-4.35,-2.9,-6.4));
#9090=CARTESIAN_POINT('Origin',(0.,1.85,0.));
#9091=CARTESIAN_POINT('',(-6.,-5.9,0.));
#9092=CARTESIAN_POINT('',(-6.,-7.7,0.));
#9093=CARTESIAN_POINT('',(-6.,1.85,0.));
#9094=CARTESIAN_POINT('',(0.,-7.7,0.));
#9095=CARTESIAN_POINT('',(-3.11206179139358E-15,-5.9,0.));
#9096=CARTESIAN_POINT('Origin',(-6.51,-2.9,-6.4));
#9097=CARTESIAN_POINT('',(-6.51,-2.89999999999997,-11.15));
#9098=CARTESIAN_POINT('',(-6.51,-2.89999999999997,-1.65));
#9099=CARTESIAN_POINT('Origin',(-6.51,-2.89999999999997,-1.65));
#9100=CARTESIAN_POINT('Origin',(0.,-7.21,-3.17));
#9101=CARTESIAN_POINT('',(-5.33,-7.21,-3.17));
#9102=CARTESIAN_POINT('',(-6.,-7.21,-3.17));
#9103=CARTESIAN_POINT('',(0.,-7.21,-3.17));
#9104=CARTESIAN_POINT('',(-6.,-7.7,-3.17));
#9105=CARTESIAN_POINT('',(-6.,-8.21,-3.17));
#9106=CARTESIAN_POINT('',(-4.31,-7.7,-3.17));
#9107=CARTESIAN_POINT('',(-3.8,-7.7,-3.17));
#9108=CARTESIAN_POINT('',(-4.31,-6.26333333333334,-3.17));
#9109=CARTESIAN_POINT('',(-4.31,-5.79,-3.17));
#9110=CARTESIAN_POINT('',(-2.46653019071443,-4.5524005691598,-3.17));
#9111=CARTESIAN_POINT('Origin',(0.,-7.21,-2.17));
#9112=CARTESIAN_POINT('',(-5.33,-7.21,-2.17));
#9113=CARTESIAN_POINT('',(-5.33,-7.21,-2.17));
#9114=CARTESIAN_POINT('',(-6.,-7.21,-2.17));
#9115=CARTESIAN_POINT('',(0.,-7.21,-2.17));
#9116=CARTESIAN_POINT('',(-6.49799598391955,-7.21,-1.77));
#9117=CARTESIAN_POINT('Origin',(-6.,-7.21,-1.66));
#9118=CARTESIAN_POINT('',(0.,-7.21,-1.77));
#9119=CARTESIAN_POINT('',(-6.49315312023752,-7.21,-3.55));
#9120=CARTESIAN_POINT('',(0.,-7.21,-3.55));
#9121=CARTESIAN_POINT('Origin',(-6.,-7.21,-3.68));
#9122=CARTESIAN_POINT('Origin',(0.,-8.21,-2.17));
#9123=CARTESIAN_POINT('',(-4.31,-6.26333333333334,-2.17));
#9124=CARTESIAN_POINT('',(-2.96514171620039,-5.01516420719253,-2.17));
#9125=CARTESIAN_POINT('',(-4.31,-7.7,-2.17));
#9126=CARTESIAN_POINT('',(-4.31,-8.21,-2.17));
#9127=CARTESIAN_POINT('',(-6.,-7.7,-2.17));
#9128=CARTESIAN_POINT('',(-6.51,-7.7,-2.17));
#9129=CARTESIAN_POINT('',(-6.,-7.21,-2.17));
#9130=CARTESIAN_POINT('Origin',(0.,-7.21,-5.67));
#9131=CARTESIAN_POINT('',(-5.33,-7.21,-5.67));
#9132=CARTESIAN_POINT('',(-6.,-7.21,-5.67));
#9133=CARTESIAN_POINT('',(0.,-7.21,-5.67));
#9134=CARTESIAN_POINT('',(-6.,-7.7,-5.67));
#9135=CARTESIAN_POINT('',(-6.,-8.21,-5.67));
#9136=CARTESIAN_POINT('',(-4.31,-7.7,-5.67));
#9137=CARTESIAN_POINT('',(-3.8,-7.7,-5.67));
#9138=CARTESIAN_POINT('',(-4.31,-6.26333333333334,-5.67));
#9139=CARTESIAN_POINT('',(-4.31,-5.79,-5.67));
#9140=CARTESIAN_POINT('',(-2.46653019071443,-4.5524005691598,-5.67));
#9141=CARTESIAN_POINT('Origin',(0.,-7.21,-4.67));
#9142=CARTESIAN_POINT('',(-5.33,-7.21,-4.67));
#9143=CARTESIAN_POINT('',(-5.33,-7.21,-4.67));
#9144=CARTESIAN_POINT('',(-6.,-7.21,-4.67));
#9145=CARTESIAN_POINT('',(0.,-7.21,-4.67));
#9146=CARTESIAN_POINT('',(-6.500099990002,-7.21,-4.26));
#9147=CARTESIAN_POINT('Origin',(-6.,-7.21,-4.16));
#9148=CARTESIAN_POINT('',(0.,-7.21,-4.26));
#9149=CARTESIAN_POINT('',(-6.49040799340957,-7.21,-6.04));
#9150=CARTESIAN_POINT('',(0.,-7.21,-6.04));
#9151=CARTESIAN_POINT('Origin',(-6.,-7.21,-6.18));
#9152=CARTESIAN_POINT('Origin',(0.,-8.21,-4.67));
#9153=CARTESIAN_POINT('',(-4.31,-6.26333333333334,-4.67));
#9154=CARTESIAN_POINT('',(-2.96514171620039,-5.01516420719253,-4.67));
#9155=CARTESIAN_POINT('',(-4.31,-7.7,-4.67));
#9156=CARTESIAN_POINT('',(-4.31,-8.21,-4.67));
#9157=CARTESIAN_POINT('',(-6.,-7.7,-4.67));
#9158=CARTESIAN_POINT('',(-6.51,-7.7,-4.67));
#9159=CARTESIAN_POINT('',(-6.,-7.21,-4.67));
#9160=CARTESIAN_POINT('Origin',(-5.33,-7.21,-2.17));
#9161=CARTESIAN_POINT('Origin',(-4.31000000000001,-6.26333333333335,-3.68000000000002));
#9162=CARTESIAN_POINT('Origin',(-4.30999999999995,-6.26333333333329,-1.66000000000005));
#9163=CARTESIAN_POINT('Origin',(-5.33,-7.21,-4.67));
#9164=CARTESIAN_POINT('Origin',(-4.30999999999999,-6.26333333333333,-6.17999999999999));
#9165=CARTESIAN_POINT('Origin',(-4.31000000000003,-6.26333333333337,-4.15999999999997));
#9166=CARTESIAN_POINT('Origin',(-8.58,-8.36,-6.04));
#9167=CARTESIAN_POINT('',(-8.58,-8.36,-6.76));
#9168=CARTESIAN_POINT('',(-8.58,-8.36,-6.04));
#9169=CARTESIAN_POINT('',(-8.58,-8.36,-6.04));
#9170=CARTESIAN_POINT('',(-7.70758805239382,-8.36,-6.76));
#9171=CARTESIAN_POINT('',(-8.58,-8.36,-6.76));
#9172=CARTESIAN_POINT('',(-7.70758805239382,-8.36,-6.04));
#9173=CARTESIAN_POINT('',(-7.70758805239382,-8.36,-6.04));
#9174=CARTESIAN_POINT('',(-8.58,-8.36,-6.04));
#9175=CARTESIAN_POINT('Origin',(-8.58,-6.81,-6.04));
#9176=CARTESIAN_POINT('',(-6.99241194760618,-6.81,-6.04));
#9177=CARTESIAN_POINT('',(-8.58,-6.81,-6.04));
#9178=CARTESIAN_POINT('',(-7.09882431762629,-6.86532465261747,-6.04));
#9179=CARTESIAN_POINT('Origin',(-6.99241194760618,-6.94,-6.04));
#9180=CARTESIAN_POINT('',(-7.82117568237371,-7.89467534738254,-6.04));
#9181=CARTESIAN_POINT('',(-7.56154671066199,-7.52470406269334,-6.04));
#9182=CARTESIAN_POINT('',(-7.92758805239382,-7.95,-6.04));
#9183=CARTESIAN_POINT('Origin',(-7.92758805239382,-7.82,-6.04));
#9184=CARTESIAN_POINT('',(-8.58,-7.95,-6.04));
#9185=CARTESIAN_POINT('',(-8.58,-7.95,-6.04));
#9186=CARTESIAN_POINT('',(-8.58,-6.81,-6.04));
#9187=CARTESIAN_POINT('',(-7.60117568237371,-8.30467534738254,-6.04));
#9188=CARTESIAN_POINT('Origin',(-7.70758805239382,-8.23,-6.04));
#9189=CARTESIAN_POINT('',(-6.87882431762629,-7.27532465261746,-6.04));
#9190=CARTESIAN_POINT('',(-7.22135698082079,-7.76343369766962,-6.04));
#9191=CARTESIAN_POINT('',(-6.77241194760618,-7.22,-6.04));
#9192=CARTESIAN_POINT('Origin',(-6.77241194760618,-7.35,-6.04));
#9193=CARTESIAN_POINT('',(-6.49040799340957,-7.22,-6.04));
#9194=CARTESIAN_POINT('',(-8.58,-7.22,-6.04));
#9195=CARTESIAN_POINT('',(-6.49040799340957,-7.21,-6.04));
#9196=CARTESIAN_POINT('Origin',(-8.58,-6.81,-6.4));
#9197=CARTESIAN_POINT('',(-6.99241194760618,-6.81,-6.76));
#9198=CARTESIAN_POINT('',(-8.58,-6.81,-6.76));
#9199=CARTESIAN_POINT('',(-6.99241194760618,-6.81,-6.4));
#9200=CARTESIAN_POINT('Origin',(-8.58,-8.36,-6.4));
#9201=CARTESIAN_POINT('',(-8.58,-7.95,-6.76));
#9202=CARTESIAN_POINT('',(-8.58,-7.95,-6.40005));
#9203=CARTESIAN_POINT('',(-8.58,-6.81,-6.76));
#9204=CARTESIAN_POINT('Origin',(-8.58,-8.36,-4.26));
#9205=CARTESIAN_POINT('',(-7.82117568237371,-7.89467534738254,-4.26));
#9206=CARTESIAN_POINT('',(-7.09882431762629,-6.86532465261747,-4.26));
#9207=CARTESIAN_POINT('',(-8.2903567745927,-8.5632584037946,-4.26));
#9208=CARTESIAN_POINT('',(-6.99241194760618,-6.81,-4.26));
#9209=CARTESIAN_POINT('Origin',(-6.99241194760618,-6.94,-4.26));
#9210=CARTESIAN_POINT('',(-8.58,-6.81,-4.26));
#9211=CARTESIAN_POINT('',(-6.500099990002,-7.22,-4.26));
#9212=CARTESIAN_POINT('',(-6.500099990002,-8.21,-4.26));
#9213=CARTESIAN_POINT('',(-6.77241194760618,-7.22,-4.26));
#9214=CARTESIAN_POINT('',(-8.58,-7.22,-4.26));
#9215=CARTESIAN_POINT('',(-6.87882431762629,-7.27532465261746,-4.26));
#9216=CARTESIAN_POINT('Origin',(-6.77241194760618,-7.35,-4.26));
#9217=CARTESIAN_POINT('',(-7.60117568237371,-8.30467534738254,-4.26));
#9218=CARTESIAN_POINT('',(-7.95016704475149,-8.80198803877088,-4.26));
#9219=CARTESIAN_POINT('',(-7.70758805239382,-8.36,-4.26));
#9220=CARTESIAN_POINT('Origin',(-7.70758805239382,-8.23,-4.26));
#9221=CARTESIAN_POINT('',(-8.58,-8.36,-4.26));
#9222=CARTESIAN_POINT('',(-8.58,-8.36,-4.26));
#9223=CARTESIAN_POINT('',(-8.58,-7.95,-4.26));
#9224=CARTESIAN_POINT('',(-8.58,-8.36,-4.26));
#9225=CARTESIAN_POINT('',(-7.92758805239382,-7.95,-4.26));
#9226=CARTESIAN_POINT('',(-8.58,-7.95,-4.26));
#9227=CARTESIAN_POINT('Origin',(-7.92758805239382,-7.82,-4.26));
#9228=CARTESIAN_POINT('Origin',(-8.58,-8.36,-3.55));
#9229=CARTESIAN_POINT('',(-7.70758805239382,-8.36,-3.55));
#9230=CARTESIAN_POINT('',(-7.70758805239382,-8.36,-3.55));
#9231=CARTESIAN_POINT('',(-8.58,-8.36,-3.55));
#9232=CARTESIAN_POINT('',(-8.58,-8.36,-3.55));
#9233=CARTESIAN_POINT('',(-8.58,-8.36,-3.55));
#9234=CARTESIAN_POINT('Origin',(-8.58,-6.81,-3.55));
#9235=CARTESIAN_POINT('',(-6.99241194760618,-6.81,-3.55));
#9236=CARTESIAN_POINT('',(-8.58,-6.81,-3.55));
#9237=CARTESIAN_POINT('',(-7.09882431762629,-6.86532465261747,-3.55));
#9238=CARTESIAN_POINT('Origin',(-6.99241194760618,-6.94,-3.55));
#9239=CARTESIAN_POINT('',(-7.82117568237371,-7.89467534738254,-3.55));
#9240=CARTESIAN_POINT('',(-7.56154671066199,-7.52470406269334,-3.55));
#9241=CARTESIAN_POINT('',(-7.92758805239382,-7.95,-3.55));
#9242=CARTESIAN_POINT('Origin',(-7.92758805239382,-7.82,-3.55));
#9243=CARTESIAN_POINT('',(-8.58,-7.95,-3.55));
#9244=CARTESIAN_POINT('',(-8.58,-7.95,-3.55));
#9245=CARTESIAN_POINT('',(-8.58,-6.81,-3.55));
#9246=CARTESIAN_POINT('',(-7.60117568237371,-8.30467534738254,-3.55));
#9247=CARTESIAN_POINT('Origin',(-7.70758805239382,-8.23,-3.55));
#9248=CARTESIAN_POINT('',(-6.87882431762629,-7.27532465261746,-3.55));
#9249=CARTESIAN_POINT('',(-7.22135698082079,-7.76343369766962,-3.55));
#9250=CARTESIAN_POINT('',(-6.77241194760618,-7.22,-3.55));
#9251=CARTESIAN_POINT('Origin',(-6.77241194760618,-7.35,-3.55));
#9252=CARTESIAN_POINT('',(-6.49315312023752,-7.22,-3.55));
#9253=CARTESIAN_POINT('',(-8.58,-7.22,-3.55));
#9254=CARTESIAN_POINT('',(-6.49315312023752,-7.21,-3.55));
#9255=CARTESIAN_POINT('Origin',(-8.58,-6.81,-4.26));
#9256=CARTESIAN_POINT('',(-6.99241194760618,-6.81,-4.26));
#9257=CARTESIAN_POINT('Origin',(-8.58,-6.81,-4.26));
#9258=CARTESIAN_POINT('',(-8.58,-7.95,-6.40005));
#9259=CARTESIAN_POINT('Origin',(-8.58,-8.36,-1.77));
#9260=CARTESIAN_POINT('',(-7.82117568237371,-7.89467534738254,-1.77));
#9261=CARTESIAN_POINT('',(-7.09882431762629,-6.86532465261746,-1.77));
#9262=CARTESIAN_POINT('',(-8.2903567745927,-8.5632584037946,-1.77));
#9263=CARTESIAN_POINT('',(-6.99241194760617,-6.81,-1.77));
#9264=CARTESIAN_POINT('Origin',(-6.99241194760617,-6.94,-1.77));
#9265=CARTESIAN_POINT('',(-8.58,-6.81,-1.77));
#9266=CARTESIAN_POINT('',(-6.49799598391955,-7.22,-1.77));
#9267=CARTESIAN_POINT('',(-6.49799598391955,-8.21,-1.77));
#9268=CARTESIAN_POINT('',(-6.77241194760618,-7.22,-1.77));
#9269=CARTESIAN_POINT('',(-8.58,-7.22,-1.77));
#9270=CARTESIAN_POINT('',(-6.87882431762629,-7.27532465261746,-1.77));
#9271=CARTESIAN_POINT('Origin',(-6.77241194760618,-7.35,-1.77));
#9272=CARTESIAN_POINT('',(-7.60117568237371,-8.30467534738253,-1.77));
#9273=CARTESIAN_POINT('',(-7.95016704475149,-8.80198803877088,-1.77));
#9274=CARTESIAN_POINT('',(-7.70758805239382,-8.36,-1.77));
#9275=CARTESIAN_POINT('Origin',(-7.70758805239382,-8.23,-1.77));
#9276=CARTESIAN_POINT('',(-8.58,-8.36,-1.77));
#9277=CARTESIAN_POINT('',(-8.58,-8.36,-1.77));
#9278=CARTESIAN_POINT('',(-8.58,-7.95,-1.77));
#9279=CARTESIAN_POINT('',(-8.58,-8.36,-1.77));
#9280=CARTESIAN_POINT('',(-7.92758805239382,-7.95,-1.77));
#9281=CARTESIAN_POINT('',(-8.58,-7.95,-1.77));
#9282=CARTESIAN_POINT('Origin',(-7.92758805239382,-7.82,-1.77));
#9283=CARTESIAN_POINT('Origin',(-8.58,-8.36,-1.06));
#9284=CARTESIAN_POINT('',(-7.70758805239382,-8.36,-1.06));
#9285=CARTESIAN_POINT('',(-7.70758805239382,-8.36,-1.06));
#9286=CARTESIAN_POINT('',(-8.58,-8.36,-1.06));
#9287=CARTESIAN_POINT('',(-8.58,-8.36,-1.06));
#9288=CARTESIAN_POINT('',(-8.58,-8.36,-1.06));
#9289=CARTESIAN_POINT('Origin',(-8.58,-6.81,-1.06));
#9290=CARTESIAN_POINT('',(-6.99241194760617,-6.81,-1.06));
#9291=CARTESIAN_POINT('',(-8.58,-6.81,-1.06));
#9292=CARTESIAN_POINT('',(-7.09882431762629,-6.86532465261746,-1.06));
#9293=CARTESIAN_POINT('Origin',(-6.99241194760617,-6.94,-1.06));
#9294=CARTESIAN_POINT('',(-7.82117568237371,-7.89467534738254,-1.06));
#9295=CARTESIAN_POINT('',(-7.06,-6.81,-1.06));
#9296=CARTESIAN_POINT('',(-7.92758805239382,-7.95,-1.06));
#9297=CARTESIAN_POINT('Origin',(-7.92758805239382,-7.82,-1.06));
#9298=CARTESIAN_POINT('',(-8.58,-7.95,-1.06));
#9299=CARTESIAN_POINT('',(-7.86,-7.95,-1.06));
#9300=CARTESIAN_POINT('',(-8.58,-6.81,-1.06));
#9301=CARTESIAN_POINT('',(-7.60117568237371,-8.30467534738254,-1.06));
#9302=CARTESIAN_POINT('Origin',(-7.70758805239382,-8.23,-1.06));
#9303=CARTESIAN_POINT('',(-6.87882431762629,-7.27532465261746,-1.06));
#9304=CARTESIAN_POINT('',(-6.84,-7.22,-1.06));
#9305=CARTESIAN_POINT('',(-6.77241194760618,-7.22,-1.06));
#9306=CARTESIAN_POINT('Origin',(-6.77241194760618,-7.35,-1.06));
#9307=CARTESIAN_POINT('',(-6.51,-7.22,-1.06));
#9308=CARTESIAN_POINT('Origin',(-8.58,-6.81,-1.77));
#9309=CARTESIAN_POINT('',(-6.99241194760617,-6.81,-1.77));
#9310=CARTESIAN_POINT('Origin',(-8.58,-6.81,-1.77));
#9311=CARTESIAN_POINT('',(-8.58,-7.95,-1.77));
#9312=CARTESIAN_POINT('Origin',(-6.51,-7.22,-6.40005));
#9313=CARTESIAN_POINT('',(-6.77241194760618,-7.22,-1.77));
#9314=CARTESIAN_POINT('Origin',(-6.,-7.22,-1.66));
#9315=CARTESIAN_POINT('Origin',(-6.84,-7.22,-6.40005));
#9316=CARTESIAN_POINT('',(-7.6011756823737,-8.30467534738252,-6.40005));
#9317=CARTESIAN_POINT('',(-6.87882431762629,-7.27532465261746,-1.06));
#9318=CARTESIAN_POINT('Origin',(-6.51,-7.22,-6.40005));
#9319=CARTESIAN_POINT('',(-6.77241194760618,-7.22,-4.26));
#9320=CARTESIAN_POINT('Origin',(-6.,-7.22,-4.16));
#9321=CARTESIAN_POINT('Origin',(-6.,-7.22,-3.68));
#9322=CARTESIAN_POINT('Origin',(-6.84,-7.22,-6.40005));
#9323=CARTESIAN_POINT('',(-6.87882431762629,-7.27532465261746,-3.55));
#9324=CARTESIAN_POINT('',(-7.60117568237371,-8.30467534738254,-6.40005));
#9325=CARTESIAN_POINT('Origin',(-6.84,-7.22,-6.40005));
#9326=CARTESIAN_POINT('',(-7.60117568237371,-8.30467534738254,-6.76));
#9327=CARTESIAN_POINT('',(-7.60117568237371,-8.30467534738254,-6.40005));
#9328=CARTESIAN_POINT('',(-6.87882431762629,-7.27532465261746,-6.76));
#9329=CARTESIAN_POINT('',(-7.22135698082079,-7.76343369766962,-6.76));
#9330=CARTESIAN_POINT('',(-6.87882431762629,-7.27532465261746,-6.04));
#9331=CARTESIAN_POINT('Origin',(-6.51,-7.22,-6.40005));
#9332=CARTESIAN_POINT('',(-6.77241194760618,-7.22,-6.76));
#9333=CARTESIAN_POINT('',(-6.77241194760618,-7.22,-6.4));
#9334=CARTESIAN_POINT('',(-6.49040799340957,-7.22,-6.76));
#9335=CARTESIAN_POINT('',(-8.58,-7.22,-6.76));
#9336=CARTESIAN_POINT('Origin',(-6.,-7.22,-6.62));
#9337=CARTESIAN_POINT('Origin',(-6.,-7.22,-6.18));
#9338=CARTESIAN_POINT('Origin',(-7.86,-7.95,-6.40005));
#9339=CARTESIAN_POINT('',(-7.92758805239382,-7.95,-1.77));
#9340=CARTESIAN_POINT('Origin',(-7.06,-6.81,-6.40005));
#9341=CARTESIAN_POINT('',(-7.09882431762629,-6.86532465261746,-6.40005));
#9342=CARTESIAN_POINT('',(-7.82117568237371,-7.89467534738254,-1.06));
#9343=CARTESIAN_POINT('Origin',(-7.86,-7.95,-6.40005));
#9344=CARTESIAN_POINT('',(-7.92758805239382,-7.95,-4.26));
#9345=CARTESIAN_POINT('Origin',(-7.06,-6.81,-6.40005));
#9346=CARTESIAN_POINT('',(-7.09882431762629,-6.86532465261747,-6.40005));
#9347=CARTESIAN_POINT('',(-7.82117568237371,-7.89467534738254,-3.55));
#9348=CARTESIAN_POINT('Origin',(-7.06,-6.81,-6.40005));
#9349=CARTESIAN_POINT('',(-7.09882431762629,-6.86532465261747,-6.76));
#9350=CARTESIAN_POINT('',(-7.09882431762629,-6.86532465261747,-6.40005));
#9351=CARTESIAN_POINT('',(-7.82117568237371,-7.89467534738254,-6.76));
#9352=CARTESIAN_POINT('',(-7.56154671066199,-7.52470406269334,-6.76));
#9353=CARTESIAN_POINT('',(-7.82117568237371,-7.89467534738254,-6.04));
#9354=CARTESIAN_POINT('Origin',(-7.86,-7.95,-6.40005));
#9355=CARTESIAN_POINT('',(-7.92758805239382,-7.95,-6.76));
#9356=CARTESIAN_POINT('',(-7.92758805239382,-7.95,-6.4));
#9357=CARTESIAN_POINT('',(-8.58,-7.95,-6.76));
#9358=CARTESIAN_POINT('Origin',(-6.99241194760617,-6.94,-1.77));
#9359=CARTESIAN_POINT('Origin',(-6.99241194760618,-6.94,-4.26));
#9360=CARTESIAN_POINT('Origin',(-6.99241194760618,-6.94,-6.4));
#9361=CARTESIAN_POINT('Origin',(-6.99241194760618,-6.94,-6.76));
#9362=CARTESIAN_POINT('Origin',(-7.92758805239382,-7.82,-6.40005));
#9363=CARTESIAN_POINT('Origin',(-7.92758805239382,-7.82,-6.76));
#9364=CARTESIAN_POINT('Origin',(-7.92758805239382,-7.82,-6.40005));
#9365=CARTESIAN_POINT('Origin',(-7.92758805239382,-7.82,-6.40005));
#9366=CARTESIAN_POINT('Origin',(-7.70758805239382,-8.23,-1.06));
#9367=CARTESIAN_POINT('Origin',(-6.77241194760618,-7.35,-6.40005));
#9368=CARTESIAN_POINT('Origin',(-6.77241194760618,-7.35,-6.40005));
#9369=CARTESIAN_POINT('Origin',(-7.70758805239382,-8.23,-3.55));
#9370=CARTESIAN_POINT('Origin',(-7.70758805239382,-8.23,-6.04));
#9371=CARTESIAN_POINT('Origin',(-7.70758805239382,-8.23,-6.76));
#9372=CARTESIAN_POINT('Origin',(-6.77241194760618,-7.35,-6.40005));
#9373=CARTESIAN_POINT('Origin',(-6.77241194760618,-7.35,-6.76));
#9374=CARTESIAN_POINT('Origin',(-6.,-5.9,-6.4));
#9375=CARTESIAN_POINT('Origin',(-6.,-5.9,-12.29));
#9376=CARTESIAN_POINT('Origin',(-6.,-5.9,-0.51));
#9377=CARTESIAN_POINT('Origin',(-6.,1.85,-0.51));
#9378=CARTESIAN_POINT('',(-6.36062445840514,-8.06062445840514,-0.149375541594861));
#9379=CARTESIAN_POINT('Origin',(-6.0000000000026,-7.70000000000105,-0.509999999998954));
#9380=CARTESIAN_POINT('Origin',(-6.0000000000002,-7.70000000000018,-0.509999999999508));
#9381=CARTESIAN_POINT('Origin',(-6.,-5.9,-0.51));
#9382=CARTESIAN_POINT('Origin',(-6.,-8.21,-1.66));
#9383=CARTESIAN_POINT('Origin',(-6.,-7.7,-1.66));
#9384=CARTESIAN_POINT('Origin',(-6.,-7.7,-6.4));
#9385=CARTESIAN_POINT('Origin',(-6.00000000000197,-7.70000000000485,-0.509999999998034));
#9386=CARTESIAN_POINT('Origin',(-6.,-7.7,-1.66));
#9387=CARTESIAN_POINT('Origin',(-6.,-7.7,-1.66));
#9388=CARTESIAN_POINT('Origin',(-6.,-7.7,-1.66));
#9389=CARTESIAN_POINT('Origin',(0.,-7.7,-1.66));
#9390=CARTESIAN_POINT('Origin',(-4.31,-7.7,-1.66));
#9391=CARTESIAN_POINT('Origin',(-4.31,-7.7,-6.4));
#9392=CARTESIAN_POINT('Origin',(-4.31000000000001,-7.69999999999999,-0.510000000000016));
#9393=CARTESIAN_POINT('Origin',(-4.31,-7.7,-1.66));
#9394=CARTESIAN_POINT('Origin',(-4.31,-7.7,-1.66));
#9395=CARTESIAN_POINT('Origin',(-4.31,-7.7,-1.66));
#9396=CARTESIAN_POINT('Origin',(-4.31,-8.21,-1.66));
#9397=CARTESIAN_POINT('Origin',(-4.31,-8.21,-4.16));
#9398=CARTESIAN_POINT('Origin',(-4.31,-7.7,-4.16));
#9399=CARTESIAN_POINT('Origin',(-4.31,-7.7,-4.16));
#9400=CARTESIAN_POINT('Origin',(-4.31,-7.7,-4.16));
#9401=CARTESIAN_POINT('Origin',(-4.31,-7.7,-4.16));
#9402=CARTESIAN_POINT('Origin',(-4.31,-7.21,-3.68));
#9403=CARTESIAN_POINT('Origin',(-4.31,-7.7,-3.68));
#9404=CARTESIAN_POINT('Origin',(-4.31,-7.7,-6.4));
#9405=CARTESIAN_POINT('Origin',(-4.31,-7.7,-3.68));
#9406=CARTESIAN_POINT('Origin',(0.,-7.7,-4.16));
#9407=CARTESIAN_POINT('Origin',(-6.,-7.7,-4.16));
#9408=CARTESIAN_POINT('Origin',(-6.,-8.21,-4.16));
#9409=CARTESIAN_POINT('Origin',(-6.,-7.7,-4.16));
#9410=CARTESIAN_POINT('Origin',(-4.31,-7.7,-3.68));
#9411=CARTESIAN_POINT('Origin',(-4.31,-7.7,-3.68));
#9412=CARTESIAN_POINT('Origin',(-6.,-7.7,-4.16));
#9413=CARTESIAN_POINT('Origin',(-6.,-7.7,-4.16));
#9414=CARTESIAN_POINT('Origin',(-6.51,-7.7,-3.68));
#9415=CARTESIAN_POINT('Origin',(-6.,-7.7,-3.68));
#9416=CARTESIAN_POINT('Origin',(-6.,-7.7,-6.4));
#9417=CARTESIAN_POINT('Origin',(-6.,-7.7,-3.68));
#9418=CARTESIAN_POINT('Origin',(-6.,-7.7,-3.68));
#9419=CARTESIAN_POINT('Origin',(-6.,-7.7,-3.68));
#9420=CARTESIAN_POINT('Origin',(-6.,-7.21,-3.68));
#9421=CARTESIAN_POINT('Origin',(-4.31,-7.21,-6.18));
#9422=CARTESIAN_POINT('Origin',(-4.31,-7.7,-6.18));
#9423=CARTESIAN_POINT('Origin',(-4.31,-7.7,-6.4));
#9424=CARTESIAN_POINT('Origin',(-4.31,-7.7,-6.62));
#9425=CARTESIAN_POINT('Origin',(-4.31,-7.7,-6.18));
#9426=CARTESIAN_POINT('Origin',(-4.31,-7.7,-6.18));
#9427=CARTESIAN_POINT('Origin',(-4.31,-7.7,-6.18));
#9428=CARTESIAN_POINT('Origin',(-6.51,-7.7,-6.18));
#9429=CARTESIAN_POINT('Origin',(-6.,-7.7,-6.18));
#9430=CARTESIAN_POINT('Origin',(-6.,-7.7,-6.4));
#9431=CARTESIAN_POINT('Origin',(-6.,-7.7,-6.62));
#9432=CARTESIAN_POINT('Origin',(-6.,-7.7,-6.18));
#9433=CARTESIAN_POINT('Origin',(-6.,-7.7,-6.18));
#9434=CARTESIAN_POINT('Origin',(-6.,-7.7,-6.18));
#9435=CARTESIAN_POINT('Origin',(-6.,-7.21,-6.18));
#9436=CARTESIAN_POINT('Origin',(-6.51,-5.39,-6.4));
#9437=CARTESIAN_POINT('',(-6.51,-7.7,-8.64));
#9438=CARTESIAN_POINT('',(-6.51,-7.7,-9.12));
#9439=CARTESIAN_POINT('',(-6.51,-7.7,-6.4));
#9440=CARTESIAN_POINT('',(-6.51,-7.22,-8.64));
#9441=CARTESIAN_POINT('',(-6.51,-8.21,-8.64));
#9442=CARTESIAN_POINT('',(-6.51,-7.22,-9.12));
#9443=CARTESIAN_POINT('',(-6.51,-7.22,-6.39995));
#9444=CARTESIAN_POINT('',(-6.51,-7.21,-9.12));
#9445=CARTESIAN_POINT('Origin',(-6.51,-8.21,-6.4));
#9446=CARTESIAN_POINT('',(-6.,-8.21,-8.64));
#9447=CARTESIAN_POINT('',(-4.31,-8.21,-8.64));
#9448=CARTESIAN_POINT('',(-3.8,-8.21,-8.64));
#9449=CARTESIAN_POINT('',(-6.,-8.21,-9.12));
#9450=CARTESIAN_POINT('',(-6.,-8.21,-6.4));
#9451=CARTESIAN_POINT('',(-4.31,-8.21,-9.12));
#9452=CARTESIAN_POINT('',(-6.51,-8.21,-9.12));
#9453=CARTESIAN_POINT('',(-4.31,-8.21,-6.4));
#9454=CARTESIAN_POINT('Origin',(-6.51,-8.21,-6.4));
#9455=CARTESIAN_POINT('',(-6.,-8.21,-12.29));
#9456=CARTESIAN_POINT('',(-6.,-8.21,-11.14));
#9457=CARTESIAN_POINT('',(-6.,-8.21,-6.4));
#9458=CARTESIAN_POINT('',(-4.31,-8.21,-12.29));
#9459=CARTESIAN_POINT('',(-6.51,-8.21,-12.29));
#9460=CARTESIAN_POINT('',(-4.31,-8.21,-11.14));
#9461=CARTESIAN_POINT('',(-4.31,-8.21,-6.4));
#9462=CARTESIAN_POINT('',(-3.8,-8.21,-11.14));
#9463=CARTESIAN_POINT('Origin',(0.,1.85,-12.8));
#9464=CARTESIAN_POINT('',(-6.,-7.7,-12.8));
#9465=CARTESIAN_POINT('',(0.,-7.7,-12.8));
#9466=CARTESIAN_POINT('',(-6.,-5.9,-12.8));
#9467=CARTESIAN_POINT('',(-6.,1.85,-12.8));
#9468=CARTESIAN_POINT('',(-3.11206179139358E-15,-5.9,-12.8));
#9469=CARTESIAN_POINT('Origin',(-6.51,-2.89999999999997,-11.15));
#9470=CARTESIAN_POINT('Origin',(0.,-7.21,-9.63));
#9471=CARTESIAN_POINT('',(-5.33,-7.21,-9.63));
#9472=CARTESIAN_POINT('',(-6.,-7.21,-9.63));
#9473=CARTESIAN_POINT('',(0.,-7.21,-9.63));
#9474=CARTESIAN_POINT('',(-4.31,-6.26333333333334,-9.63));
#9475=CARTESIAN_POINT('',(-2.46653019071443,-4.5524005691598,-9.63));
#9476=CARTESIAN_POINT('',(-4.31,-7.7,-9.63));
#9477=CARTESIAN_POINT('',(-4.31,-5.79,-9.63));
#9478=CARTESIAN_POINT('',(-6.,-7.7,-9.63));
#9479=CARTESIAN_POINT('',(-3.8,-7.7,-9.63));
#9480=CARTESIAN_POINT('',(-6.,-8.21,-9.63));
#9481=CARTESIAN_POINT('Origin',(0.,-7.21,-10.63));
#9482=CARTESIAN_POINT('',(-6.49315312023752,-7.21,-9.25));
#9483=CARTESIAN_POINT('Origin',(-6.,-7.21,-9.12));
#9484=CARTESIAN_POINT('',(0.,-7.21,-9.25));
#9485=CARTESIAN_POINT('',(-6.49799598391955,-7.21,-11.03));
#9486=CARTESIAN_POINT('',(0.,-7.21,-11.03));
#9487=CARTESIAN_POINT('',(-6.,-7.21,-10.63));
#9488=CARTESIAN_POINT('Origin',(-6.,-7.21,-11.14));
#9489=CARTESIAN_POINT('',(-5.33,-7.21,-10.63));
#9490=CARTESIAN_POINT('',(0.,-7.21,-10.63));
#9491=CARTESIAN_POINT('',(-5.33,-7.21,-10.63));
#9492=CARTESIAN_POINT('Origin',(0.,-8.21,-10.63));
#9493=CARTESIAN_POINT('',(-4.31,-6.26333333333334,-10.63));
#9494=CARTESIAN_POINT('',(-2.96514171620039,-5.01516420719253,-10.63));
#9495=CARTESIAN_POINT('',(-6.,-7.7,-10.63));
#9496=CARTESIAN_POINT('',(-6.,-7.21,-10.63));
#9497=CARTESIAN_POINT('',(-4.31,-7.7,-10.63));
#9498=CARTESIAN_POINT('',(-6.51,-7.7,-10.63));
#9499=CARTESIAN_POINT('',(-4.31,-8.21,-10.63));
#9500=CARTESIAN_POINT('Origin',(0.,-7.21,-7.13));
#9501=CARTESIAN_POINT('',(-5.33,-7.21,-7.13));
#9502=CARTESIAN_POINT('',(-6.,-7.21,-7.13));
#9503=CARTESIAN_POINT('',(0.,-7.21,-7.13));
#9504=CARTESIAN_POINT('',(-4.31,-6.26333333333334,-7.13));
#9505=CARTESIAN_POINT('',(-2.46653019071443,-4.5524005691598,-7.13));
#9506=CARTESIAN_POINT('',(-4.31,-7.7,-7.13));
#9507=CARTESIAN_POINT('',(-4.31,-5.79,-7.13));
#9508=CARTESIAN_POINT('',(-6.,-7.7,-7.13));
#9509=CARTESIAN_POINT('',(-3.8,-7.7,-7.13));
#9510=CARTESIAN_POINT('',(-6.,-8.21,-7.13));
#9511=CARTESIAN_POINT('Origin',(0.,-7.21,-8.13));
#9512=CARTESIAN_POINT('',(-6.49040799340957,-7.21,-6.76));
#9513=CARTESIAN_POINT('Origin',(-6.,-7.21,-6.62));
#9514=CARTESIAN_POINT('',(0.,-7.21,-6.76));
#9515=CARTESIAN_POINT('',(-6.500099990002,-7.21,-8.54));
#9516=CARTESIAN_POINT('',(0.,-7.21,-8.54));
#9517=CARTESIAN_POINT('',(-6.,-7.21,-8.13));
#9518=CARTESIAN_POINT('Origin',(-6.,-7.21,-8.64));
#9519=CARTESIAN_POINT('',(-5.33,-7.21,-8.13));
#9520=CARTESIAN_POINT('',(0.,-7.21,-8.13));
#9521=CARTESIAN_POINT('',(-5.33,-7.21,-8.13));
#9522=CARTESIAN_POINT('Origin',(0.,-8.21,-8.13));
#9523=CARTESIAN_POINT('',(-4.31,-6.26333333333334,-8.13));
#9524=CARTESIAN_POINT('',(-2.96514171620039,-5.01516420719253,-8.13));
#9525=CARTESIAN_POINT('',(-6.,-7.7,-8.13));
#9526=CARTESIAN_POINT('',(-6.,-7.21,-8.13));
#9527=CARTESIAN_POINT('',(-4.31,-7.7,-8.13));
#9528=CARTESIAN_POINT('',(-6.51,-7.7,-8.13));
#9529=CARTESIAN_POINT('',(-4.31,-8.21,-8.13));
#9530=CARTESIAN_POINT('Origin',(-5.33,-7.21,-10.63));
#9531=CARTESIAN_POINT('Origin',(-4.31000000000011,-6.26333333333345,-11.1400000000001));
#9532=CARTESIAN_POINT('Origin',(-4.30999999999999,-6.26333333333333,-9.12));
#9533=CARTESIAN_POINT('Origin',(-5.33,-7.21,-8.13));
#9534=CARTESIAN_POINT('Origin',(-4.31000000000009,-6.26333333333342,-8.64000000000008));
#9535=CARTESIAN_POINT('Origin',(-4.30999999999996,-6.26333333333331,-6.62000000000002));
#9536=CARTESIAN_POINT('Origin',(-8.58,-6.81,-6.76));
#9537=CARTESIAN_POINT('',(-6.49040799340957,-7.21,-6.76));
#9538=CARTESIAN_POINT('Origin',(-8.58,-8.36,-8.54));
#9539=CARTESIAN_POINT('',(-7.82117568237371,-7.89467534738254,-8.54));
#9540=CARTESIAN_POINT('',(-7.09882431762629,-6.86532465261747,-8.54));
#9541=CARTESIAN_POINT('',(-8.2903567745927,-8.5632584037946,-8.54));
#9542=CARTESIAN_POINT('',(-7.92758805239382,-7.95,-8.54));
#9543=CARTESIAN_POINT('Origin',(-7.92758805239382,-7.82,-8.54));
#9544=CARTESIAN_POINT('',(-8.58,-7.95,-8.54));
#9545=CARTESIAN_POINT('',(-8.58,-7.95,-8.54));
#9546=CARTESIAN_POINT('',(-8.58,-8.36,-8.54));
#9547=CARTESIAN_POINT('',(-8.58,-8.36,-8.54));
#9548=CARTESIAN_POINT('',(-7.70758805239382,-8.36,-8.54));
#9549=CARTESIAN_POINT('',(-8.58,-8.36,-8.54));
#9550=CARTESIAN_POINT('',(-7.60117568237371,-8.30467534738254,-8.54));
#9551=CARTESIAN_POINT('Origin',(-7.70758805239382,-8.23,-8.54));
#9552=CARTESIAN_POINT('',(-6.87882431762629,-7.27532465261746,-8.54));
#9553=CARTESIAN_POINT('',(-7.95016704475149,-8.80198803877088,-8.54));
#9554=CARTESIAN_POINT('',(-6.77241194760618,-7.22,-8.54));
#9555=CARTESIAN_POINT('Origin',(-6.77241194760618,-7.35,-8.54));
#9556=CARTESIAN_POINT('',(-6.500099990002,-7.22,-8.54));
#9557=CARTESIAN_POINT('',(-8.58,-7.22,-8.54));
#9558=CARTESIAN_POINT('',(-6.500099990002,-8.21,-8.54));
#9559=CARTESIAN_POINT('',(-6.99241194760618,-6.81,-8.54));
#9560=CARTESIAN_POINT('',(-8.58,-6.81,-8.54));
#9561=CARTESIAN_POINT('Origin',(-6.99241194760618,-6.94,-8.54));
#9562=CARTESIAN_POINT('Origin',(-8.58,-8.36,-9.25));
#9563=CARTESIAN_POINT('',(-8.58,-8.36,-9.25));
#9564=CARTESIAN_POINT('',(-8.58,-8.36,-9.25));
#9565=CARTESIAN_POINT('',(-7.70758805239382,-8.36,-9.25));
#9566=CARTESIAN_POINT('',(-8.58,-8.36,-9.25));
#9567=CARTESIAN_POINT('',(-7.70758805239382,-8.36,-9.25));
#9568=CARTESIAN_POINT('Origin',(-8.58,-6.81,-9.25));
#9569=CARTESIAN_POINT('',(-6.99241194760618,-6.81,-9.25));
#9570=CARTESIAN_POINT('',(-8.58,-6.81,-9.25));
#9571=CARTESIAN_POINT('',(-6.49315312023752,-7.22,-9.25));
#9572=CARTESIAN_POINT('',(-6.49315312023752,-7.21,-9.25));
#9573=CARTESIAN_POINT('',(-6.77241194760618,-7.22,-9.25));
#9574=CARTESIAN_POINT('',(-8.58,-7.22,-9.25));
#9575=CARTESIAN_POINT('',(-6.87882431762629,-7.27532465261746,-9.25));
#9576=CARTESIAN_POINT('Origin',(-6.77241194760618,-7.35,-9.25));
#9577=CARTESIAN_POINT('',(-7.60117568237371,-8.30467534738254,-9.25));
#9578=CARTESIAN_POINT('',(-7.22135698082079,-7.76343369766962,-9.25));
#9579=CARTESIAN_POINT('Origin',(-7.70758805239382,-8.23,-9.25));
#9580=CARTESIAN_POINT('',(-8.58,-7.95,-9.25));
#9581=CARTESIAN_POINT('',(-8.58,-6.81,-9.25));
#9582=CARTESIAN_POINT('',(-7.92758805239382,-7.95,-9.25));
#9583=CARTESIAN_POINT('',(-8.58,-7.95,-9.25));
#9584=CARTESIAN_POINT('',(-7.82117568237371,-7.89467534738254,-9.25));
#9585=CARTESIAN_POINT('Origin',(-7.92758805239382,-7.82,-9.25));
#9586=CARTESIAN_POINT('',(-7.09882431762629,-6.86532465261747,-9.25));
#9587=CARTESIAN_POINT('',(-7.56154671066199,-7.52470406269334,-9.25));
#9588=CARTESIAN_POINT('Origin',(-6.99241194760618,-6.94,-9.25));
#9589=CARTESIAN_POINT('Origin',(-8.58,-6.81,-8.54));
#9590=CARTESIAN_POINT('',(-6.99241194760618,-6.81,-8.54));
#9591=CARTESIAN_POINT('Origin',(-8.58,-6.81,-8.54));
#9592=CARTESIAN_POINT('',(-8.58,-7.95,-6.39995));
#9593=CARTESIAN_POINT('Origin',(-8.58,-8.36,-11.03));
#9594=CARTESIAN_POINT('',(-7.82117568237371,-7.89467534738254,-11.03));
#9595=CARTESIAN_POINT('',(-7.09882431762629,-6.86532465261746,-11.03));
#9596=CARTESIAN_POINT('',(-8.2903567745927,-8.5632584037946,-11.03));
#9597=CARTESIAN_POINT('',(-7.92758805239382,-7.95,-11.03));
#9598=CARTESIAN_POINT('Origin',(-7.92758805239382,-7.82,-11.03));
#9599=CARTESIAN_POINT('',(-8.58,-7.95,-11.03));
#9600=CARTESIAN_POINT('',(-8.58,-7.95,-11.03));
#9601=CARTESIAN_POINT('',(-8.58,-8.36,-11.03));
#9602=CARTESIAN_POINT('',(-8.58,-8.36,-11.03));
#9603=CARTESIAN_POINT('',(-7.70758805239382,-8.36,-11.03));
#9604=CARTESIAN_POINT('',(-8.58,-8.36,-11.03));
#9605=CARTESIAN_POINT('',(-7.60117568237371,-8.30467534738253,-11.03));
#9606=CARTESIAN_POINT('Origin',(-7.70758805239382,-8.23,-11.03));
#9607=CARTESIAN_POINT('',(-6.87882431762629,-7.27532465261746,-11.03));
#9608=CARTESIAN_POINT('',(-7.95016704475149,-8.80198803877088,-11.03));
#9609=CARTESIAN_POINT('',(-6.77241194760618,-7.22,-11.03));
#9610=CARTESIAN_POINT('Origin',(-6.77241194760618,-7.35,-11.03));
#9611=CARTESIAN_POINT('',(-6.49799598391955,-7.22,-11.03));
#9612=CARTESIAN_POINT('',(-8.58,-7.22,-11.03));
#9613=CARTESIAN_POINT('',(-6.49799598391955,-8.21,-11.03));
#9614=CARTESIAN_POINT('',(-6.99241194760617,-6.81,-11.03));
#9615=CARTESIAN_POINT('',(-8.58,-6.81,-11.03));
#9616=CARTESIAN_POINT('Origin',(-6.99241194760617,-6.94,-11.03));
#9617=CARTESIAN_POINT('Origin',(-8.58,-8.36,-11.74));
#9618=CARTESIAN_POINT('',(-8.58,-8.36,-11.74));
#9619=CARTESIAN_POINT('',(-8.58,-8.36,-11.74));
#9620=CARTESIAN_POINT('',(-7.70758805239382,-8.36,-11.74));
#9621=CARTESIAN_POINT('',(-8.58,-8.36,-11.74));
#9622=CARTESIAN_POINT('',(-7.70758805239382,-8.36,-11.74));
#9623=CARTESIAN_POINT('Origin',(-8.58,-6.81,-11.74));
#9624=CARTESIAN_POINT('',(-6.99241194760617,-6.81,-11.74));
#9625=CARTESIAN_POINT('',(-8.58,-6.81,-11.74));
#9626=CARTESIAN_POINT('',(-6.77241194760618,-7.22,-11.74));
#9627=CARTESIAN_POINT('',(-6.51,-7.22,-11.74));
#9628=CARTESIAN_POINT('',(-6.87882431762629,-7.27532465261746,-11.74));
#9629=CARTESIAN_POINT('Origin',(-6.77241194760618,-7.35,-11.74));
#9630=CARTESIAN_POINT('',(-7.60117568237371,-8.30467534738254,-11.74));
#9631=CARTESIAN_POINT('',(-6.84,-7.22,-11.74));
#9632=CARTESIAN_POINT('Origin',(-7.70758805239382,-8.23,-11.74));
#9633=CARTESIAN_POINT('',(-8.58,-7.95,-11.74));
#9634=CARTESIAN_POINT('',(-8.58,-6.81,-11.74));
#9635=CARTESIAN_POINT('',(-7.92758805239382,-7.95,-11.74));
#9636=CARTESIAN_POINT('',(-7.86,-7.95,-11.74));
#9637=CARTESIAN_POINT('',(-7.82117568237371,-7.89467534738254,-11.74));
#9638=CARTESIAN_POINT('Origin',(-7.92758805239382,-7.82,-11.74));
#9639=CARTESIAN_POINT('',(-7.09882431762629,-6.86532465261746,-11.74));
#9640=CARTESIAN_POINT('',(-7.06,-6.81,-11.74));
#9641=CARTESIAN_POINT('Origin',(-6.99241194760617,-6.94,-11.74));
#9642=CARTESIAN_POINT('Origin',(-8.58,-6.81,-11.03));
#9643=CARTESIAN_POINT('',(-6.99241194760617,-6.81,-11.03));
#9644=CARTESIAN_POINT('Origin',(-8.58,-6.81,-11.03));
#9645=CARTESIAN_POINT('',(-8.58,-7.95,-11.03));
#9646=CARTESIAN_POINT('Origin',(-6.51,-7.22,-6.39995));
#9647=CARTESIAN_POINT('Origin',(-6.,-7.22,-11.14));
#9648=CARTESIAN_POINT('',(-6.77241194760618,-7.22,-11.03));
#9649=CARTESIAN_POINT('Origin',(-6.84,-7.22,-6.39995));
#9650=CARTESIAN_POINT('',(-6.87882431762629,-7.27532465261746,-11.74));
#9651=CARTESIAN_POINT('',(-7.6011756823737,-8.30467534738252,-6.39995));
#9652=CARTESIAN_POINT('Origin',(-6.51,-7.22,-6.39995));
#9653=CARTESIAN_POINT('Origin',(-6.,-7.22,-9.12));
#9654=CARTESIAN_POINT('Origin',(-6.,-7.22,-8.64));
#9655=CARTESIAN_POINT('',(-6.77241194760618,-7.22,-8.54));
#9656=CARTESIAN_POINT('Origin',(-6.84,-7.22,-6.39995));
#9657=CARTESIAN_POINT('',(-7.60117568237371,-8.30467534738254,-6.39995));
#9658=CARTESIAN_POINT('',(-6.87882431762629,-7.27532465261746,-9.25));
#9659=CARTESIAN_POINT('Origin',(-7.86,-7.95,-6.39995));
#9660=CARTESIAN_POINT('',(-7.92758805239382,-7.95,-11.03));
#9661=CARTESIAN_POINT('Origin',(-7.06,-6.81,-6.39995));
#9662=CARTESIAN_POINT('',(-7.82117568237371,-7.89467534738254,-11.74));
#9663=CARTESIAN_POINT('',(-7.09882431762629,-6.86532465261746,-6.39995));
#9664=CARTESIAN_POINT('Origin',(-7.86,-7.95,-6.39995));
#9665=CARTESIAN_POINT('',(-7.92758805239382,-7.95,-8.54));
#9666=CARTESIAN_POINT('Origin',(-7.06,-6.81,-6.39995));
#9667=CARTESIAN_POINT('',(-7.82117568237371,-7.89467534738254,-9.25));
#9668=CARTESIAN_POINT('',(-7.09882431762629,-6.86532465261747,-6.39995));
#9669=CARTESIAN_POINT('Origin',(-6.99241194760617,-6.94,-11.03));
#9670=CARTESIAN_POINT('Origin',(-6.99241194760618,-6.94,-8.54));
#9671=CARTESIAN_POINT('Origin',(-7.92758805239382,-7.82,-6.39995));
#9672=CARTESIAN_POINT('Origin',(-7.92758805239382,-7.82,-6.39995));
#9673=CARTESIAN_POINT('Origin',(-7.70758805239382,-8.23,-11.74));
#9674=CARTESIAN_POINT('Origin',(-6.77241194760618,-7.35,-6.39995));
#9675=CARTESIAN_POINT('Origin',(-6.77241194760618,-7.35,-6.39995));
#9676=CARTESIAN_POINT('Origin',(-7.70758805239382,-8.23,-9.25));
#9677=CARTESIAN_POINT('Origin',(-6.,1.85,-12.29));
#9678=CARTESIAN_POINT('',(-6.36062445840514,-8.06062445840514,-12.6506244584051));
#9679=CARTESIAN_POINT('Origin',(-6.00000000000317,-7.70000000000316,-12.2900000000077));
#9680=CARTESIAN_POINT('Origin',(-6.00000000000043,-7.70000000000017,-12.2900000000002));
#9681=CARTESIAN_POINT('Origin',(-6.,-5.9,-12.29));
#9682=CARTESIAN_POINT('Origin',(-6.,-8.21,-11.14));
#9683=CARTESIAN_POINT('Origin',(-6.,-7.7,-11.14));
#9684=CARTESIAN_POINT('Origin',(-6.,-7.7,-6.4));
#9685=CARTESIAN_POINT('Origin',(-5.99999999999905,-7.69999999999835,-12.2899999999991));
#9686=CARTESIAN_POINT('Origin',(-6.,-7.7,-11.14));
#9687=CARTESIAN_POINT('Origin',(-6.,-7.7,-11.14));
#9688=CARTESIAN_POINT('Origin',(-6.,-7.7,-11.14));
#9689=CARTESIAN_POINT('Origin',(0.,-7.7,-11.14));
#9690=CARTESIAN_POINT('Origin',(-4.31,-7.7,-11.14));
#9691=CARTESIAN_POINT('Origin',(-4.31,-7.7,-6.4));
#9692=CARTESIAN_POINT('Origin',(-4.30999999999979,-7.70000000000022,-12.2900000000002));
#9693=CARTESIAN_POINT('Origin',(-4.31,-7.7,-11.14));
#9694=CARTESIAN_POINT('Origin',(-4.31,-7.7,-11.14));
#9695=CARTESIAN_POINT('Origin',(-4.31,-7.7,-11.14));
#9696=CARTESIAN_POINT('Origin',(-4.31,-8.21,-11.14));
#9697=CARTESIAN_POINT('Origin',(-4.31,-8.21,-8.64));
#9698=CARTESIAN_POINT('Origin',(-4.31,-7.7,-8.64));
#9699=CARTESIAN_POINT('Origin',(-4.31,-7.7,-8.64));
#9700=CARTESIAN_POINT('Origin',(-4.31,-7.7,-8.64));
#9701=CARTESIAN_POINT('Origin',(-4.31,-7.7,-8.64));
#9702=CARTESIAN_POINT('Origin',(-4.31,-7.21,-9.12));
#9703=CARTESIAN_POINT('Origin',(-4.31,-7.7,-9.12));
#9704=CARTESIAN_POINT('Origin',(-4.31,-7.7,-6.4));
#9705=CARTESIAN_POINT('Origin',(-4.31,-7.7,-9.12));
#9706=CARTESIAN_POINT('Origin',(0.,-7.7,-8.64));
#9707=CARTESIAN_POINT('Origin',(-6.,-7.7,-8.64));
#9708=CARTESIAN_POINT('Origin',(-6.,-8.21,-8.64));
#9709=CARTESIAN_POINT('Origin',(-6.,-7.7,-8.64));
#9710=CARTESIAN_POINT('Origin',(-4.31,-7.7,-9.12));
#9711=CARTESIAN_POINT('Origin',(-4.31,-7.7,-9.12));
#9712=CARTESIAN_POINT('Origin',(-6.,-7.7,-8.64));
#9713=CARTESIAN_POINT('Origin',(-6.,-7.7,-8.64));
#9714=CARTESIAN_POINT('Origin',(-6.51,-7.7,-9.12));
#9715=CARTESIAN_POINT('Origin',(-6.,-7.7,-9.12));
#9716=CARTESIAN_POINT('Origin',(-6.,-7.7,-6.4));
#9717=CARTESIAN_POINT('Origin',(-6.,-7.7,-9.12));
#9718=CARTESIAN_POINT('Origin',(-6.,-7.7,-9.12));
#9719=CARTESIAN_POINT('Origin',(-6.,-7.7,-9.12));
#9720=CARTESIAN_POINT('Origin',(-6.,-7.21,-9.12));
#9721=CARTESIAN_POINT('Origin',(-4.31,-7.21,-6.62));
#9722=CARTESIAN_POINT('Origin',(-4.31,-7.7,-6.62));
#9723=CARTESIAN_POINT('Origin',(-4.31,-7.7,-6.62));
#9724=CARTESIAN_POINT('Origin',(-4.31,-7.7,-6.62));
#9725=CARTESIAN_POINT('Origin',(-6.51,-7.7,-6.62));
#9726=CARTESIAN_POINT('Origin',(-6.,-7.7,-6.62));
#9727=CARTESIAN_POINT('Origin',(-6.,-7.7,-6.62));
#9728=CARTESIAN_POINT('Origin',(-6.,-7.7,-6.62));
#9729=CARTESIAN_POINT('Origin',(-6.,-7.21,-6.62));
#9730=CARTESIAN_POINT('Origin',(6.51,-5.39,-6.4));
#9731=CARTESIAN_POINT('',(6.51,-7.21,-1.77));
#9732=CARTESIAN_POINT('',(6.51,-7.21,-3.55));
#9733=CARTESIAN_POINT('',(6.51,-7.21,-2.17));
#9734=CARTESIAN_POINT('',(6.51,-6.81,-3.55));
#9735=CARTESIAN_POINT('',(6.51,-5.39,-3.55));
#9736=CARTESIAN_POINT('',(6.51,-6.81,-4.26));
#9737=CARTESIAN_POINT('',(6.51,-6.81,-4.26));
#9738=CARTESIAN_POINT('',(6.51,-7.21,-4.26));
#9739=CARTESIAN_POINT('',(6.51,-8.36,-4.26));
#9740=CARTESIAN_POINT('',(6.51,-7.21,-6.04));
#9741=CARTESIAN_POINT('',(6.51,-7.21,-4.67));
#9742=CARTESIAN_POINT('',(6.51,-6.81,-6.04));
#9743=CARTESIAN_POINT('',(6.51,-6.81,-6.04));
#9744=CARTESIAN_POINT('',(6.51,-6.81,-6.76));
#9745=CARTESIAN_POINT('',(6.51,-6.81,-6.4));
#9746=CARTESIAN_POINT('',(6.51,-7.21,-6.76));
#9747=CARTESIAN_POINT('',(6.51,-6.81,-6.76));
#9748=CARTESIAN_POINT('',(6.51,-7.21,-8.54));
#9749=CARTESIAN_POINT('',(6.51,-7.21,-8.13));
#9750=CARTESIAN_POINT('',(6.51,-6.81,-8.54));
#9751=CARTESIAN_POINT('',(6.51,-8.36,-8.54));
#9752=CARTESIAN_POINT('',(6.51,-6.81,-9.25));
#9753=CARTESIAN_POINT('',(6.51,-6.81,-8.54));
#9754=CARTESIAN_POINT('',(6.51,-7.21,-9.25));
#9755=CARTESIAN_POINT('',(6.51,-5.39,-9.25));
#9756=CARTESIAN_POINT('',(6.51,-7.21,-11.03));
#9757=CARTESIAN_POINT('',(6.51,-7.21,-10.63));
#9758=CARTESIAN_POINT('',(6.51,-6.81,-11.03));
#9759=CARTESIAN_POINT('',(6.51,-8.36,-11.03));
#9760=CARTESIAN_POINT('',(6.51,-6.81,-11.74));
#9761=CARTESIAN_POINT('',(6.51,-6.81,-11.03));
#9762=CARTESIAN_POINT('',(6.51,-7.22,-11.74));
#9763=CARTESIAN_POINT('',(6.51,-6.81,-11.74));
#9764=CARTESIAN_POINT('',(6.51,-7.22,-11.14));
#9765=CARTESIAN_POINT('',(6.51,-7.22,-6.39995));
#9766=CARTESIAN_POINT('',(6.51,-7.7,-11.14));
#9767=CARTESIAN_POINT('',(6.51,-8.21,-11.14));
#9768=CARTESIAN_POINT('',(6.51,-7.7,-12.29));
#9769=CARTESIAN_POINT('',(6.51,-7.7,-6.4));
#9770=CARTESIAN_POINT('',(6.51,-5.9,-12.29));
#9771=CARTESIAN_POINT('',(6.51,-5.39,-12.29));
#9772=CARTESIAN_POINT('',(6.51,-5.9,-0.51));
#9773=CARTESIAN_POINT('',(6.51,-5.9,-6.4));
#9774=CARTESIAN_POINT('',(6.51,-7.7,-0.51));
#9775=CARTESIAN_POINT('',(6.51,-5.39,-0.51));
#9776=CARTESIAN_POINT('',(6.51,-7.7,-1.66));
#9777=CARTESIAN_POINT('',(6.51,-7.7,-6.4));
#9778=CARTESIAN_POINT('',(6.51,-7.22,-1.66));
#9779=CARTESIAN_POINT('',(6.51,-8.21,-1.66));
#9780=CARTESIAN_POINT('',(6.51,-7.22,-1.06));
#9781=CARTESIAN_POINT('',(6.51,-7.22,-6.40005));
#9782=CARTESIAN_POINT('',(6.51,-6.81,-1.06));
#9783=CARTESIAN_POINT('',(6.51,-6.81,-1.06));
#9784=CARTESIAN_POINT('',(6.51,-6.81,-1.77));
#9785=CARTESIAN_POINT('',(6.51,-6.81,-1.77));
#9786=CARTESIAN_POINT('',(6.51,-8.36,-1.77));
#9787=CARTESIAN_POINT('Origin',(6.51,-5.39,-6.4));
#9788=CARTESIAN_POINT('',(6.51,-7.7,-6.62));
#9789=CARTESIAN_POINT('',(6.51,-7.7,-6.18));
#9790=CARTESIAN_POINT('',(6.51,-7.7,-6.4));
#9791=CARTESIAN_POINT('',(6.51,-7.22,-6.62));
#9792=CARTESIAN_POINT('',(6.51,-7.21,-6.62));
#9793=CARTESIAN_POINT('',(6.51,-7.22,-6.18));
#9794=CARTESIAN_POINT('',(6.51,-7.22,-6.40005));
#9795=CARTESIAN_POINT('',(6.51,-7.21,-6.18));
#9796=CARTESIAN_POINT('Origin',(3.8,-8.21,-6.4));
#9797=CARTESIAN_POINT('',(3.8,-7.7,0.));
#9798=CARTESIAN_POINT('',(3.8,-5.9,0.));
#9799=CARTESIAN_POINT('',(3.8,-8.21,0.));
#9800=CARTESIAN_POINT('',(3.8,-5.39,-0.51));
#9801=CARTESIAN_POINT('Origin',(3.8,-5.9,-0.51));
#9802=CARTESIAN_POINT('',(3.8,-5.39,-1.65));
#9803=CARTESIAN_POINT('',(3.8,-5.39,-6.4));
#9804=CARTESIAN_POINT('',(3.79999999999999,-2.89999999999997,-1.65));
#9805=CARTESIAN_POINT('',(3.8,-8.21,-1.65));
#9806=CARTESIAN_POINT('',(3.79999999999999,-2.89999999999997,-11.15));
#9807=CARTESIAN_POINT('Origin',(3.79999999999999,-2.9,-6.4));
#9808=CARTESIAN_POINT('',(3.8,-5.39,-11.15));
#9809=CARTESIAN_POINT('',(3.8,-8.21,-11.15));
#9810=CARTESIAN_POINT('',(3.8,-5.39,-11.53));
#9811=CARTESIAN_POINT('',(3.8,-5.39,-6.4));
#9812=CARTESIAN_POINT('',(3.8,-7.7,-11.53));
#9813=CARTESIAN_POINT('',(3.8,-8.21,-11.53));
#9814=CARTESIAN_POINT('',(3.8,-7.7,-11.14));
#9815=CARTESIAN_POINT('',(3.8,-7.7,-6.4));
#9816=CARTESIAN_POINT('',(3.8,-5.79,-11.14));
#9817=CARTESIAN_POINT('',(3.8,-5.79,-11.14));
#9818=CARTESIAN_POINT('',(3.8,-5.79,-9.12));
#9819=CARTESIAN_POINT('',(3.8,-5.79,-9.63));
#9820=CARTESIAN_POINT('',(3.8,-7.7,-9.12));
#9821=CARTESIAN_POINT('',(3.8,-8.21,-9.12));
#9822=CARTESIAN_POINT('',(3.8,-7.7,-8.64));
#9823=CARTESIAN_POINT('',(3.8,-7.7,-6.4));
#9824=CARTESIAN_POINT('',(3.8,-5.79,-8.64));
#9825=CARTESIAN_POINT('',(3.8,-5.79,-8.64));
#9826=CARTESIAN_POINT('',(3.8,-5.79,-6.62));
#9827=CARTESIAN_POINT('',(3.8,-5.79,-6.4));
#9828=CARTESIAN_POINT('',(3.8,-7.7,-6.62));
#9829=CARTESIAN_POINT('',(3.8,-8.21,-6.62));
#9830=CARTESIAN_POINT('',(3.8,-7.7,-6.18));
#9831=CARTESIAN_POINT('',(3.8,-7.7,-6.4));
#9832=CARTESIAN_POINT('',(3.8,-5.79,-6.18));
#9833=CARTESIAN_POINT('',(3.8,-8.21,-6.18));
#9834=CARTESIAN_POINT('',(3.8,-5.79,-4.16));
#9835=CARTESIAN_POINT('',(3.8,-5.79,-6.4));
#9836=CARTESIAN_POINT('',(3.8,-7.7,-4.16));
#9837=CARTESIAN_POINT('',(3.8,-5.79,-4.16));
#9838=CARTESIAN_POINT('',(3.8,-7.7,-3.68));
#9839=CARTESIAN_POINT('',(3.8,-7.7,-6.4));
#9840=CARTESIAN_POINT('',(3.8,-5.79,-3.68));
#9841=CARTESIAN_POINT('',(3.8,-8.21,-3.68));
#9842=CARTESIAN_POINT('',(3.8,-5.79,-1.66));
#9843=CARTESIAN_POINT('',(3.8,-5.79,-6.4));
#9844=CARTESIAN_POINT('',(3.8,-7.7,-1.66));
#9845=CARTESIAN_POINT('',(3.8,-5.79,-1.66));
#9846=CARTESIAN_POINT('',(3.8,-7.7,-6.4));
#9847=CARTESIAN_POINT('Origin',(3.79999999999999,-2.90000000000001,-6.4));
#9848=CARTESIAN_POINT('Origin',(6.51,-5.39,-6.4));
#9849=CARTESIAN_POINT('',(6.51,-7.7,-4.16));
#9850=CARTESIAN_POINT('',(6.51,-7.7,-3.68));
#9851=CARTESIAN_POINT('',(6.51,-7.7,-6.4));
#9852=CARTESIAN_POINT('',(6.51,-7.22,-4.16));
#9853=CARTESIAN_POINT('',(6.51,-8.21,-4.16));
#9854=CARTESIAN_POINT('',(6.51,-7.22,-3.68));
#9855=CARTESIAN_POINT('',(6.51,-7.22,-6.40005));
#9856=CARTESIAN_POINT('',(6.51,-7.21,-3.68));
#9857=CARTESIAN_POINT('Origin',(6.51,-8.21,-6.4));
#9858=CARTESIAN_POINT('',(6.,-8.21,-6.18));
#9859=CARTESIAN_POINT('',(6.,-8.21,-6.62));
#9860=CARTESIAN_POINT('',(6.,-8.21,-6.4));
#9861=CARTESIAN_POINT('',(4.31,-8.21,-6.18));
#9862=CARTESIAN_POINT('',(6.51,-8.21,-6.18));
#9863=CARTESIAN_POINT('',(4.31,-8.21,-6.62));
#9864=CARTESIAN_POINT('',(4.31,-8.21,-6.4));
#9865=CARTESIAN_POINT('',(6.51,-8.21,-6.62));
#9866=CARTESIAN_POINT('Origin',(6.51,-8.21,-6.4));
#9867=CARTESIAN_POINT('',(6.,-8.21,-4.16));
#9868=CARTESIAN_POINT('',(4.31,-8.21,-4.16));
#9869=CARTESIAN_POINT('',(3.8,-8.21,-4.16));
#9870=CARTESIAN_POINT('',(6.,-8.21,-3.68));
#9871=CARTESIAN_POINT('',(6.,-8.21,-6.4));
#9872=CARTESIAN_POINT('',(4.31,-8.21,-3.68));
#9873=CARTESIAN_POINT('',(6.51,-8.21,-3.68));
#9874=CARTESIAN_POINT('',(4.31,-8.21,-6.4));
#9875=CARTESIAN_POINT('Origin',(6.51,-8.21,-6.4));
#9876=CARTESIAN_POINT('',(6.,-8.21,-0.51));
#9877=CARTESIAN_POINT('',(6.,-8.21,-1.66));
#9878=CARTESIAN_POINT('',(6.,-8.21,-6.4));
#9879=CARTESIAN_POINT('',(4.31,-8.21,-0.51));
#9880=CARTESIAN_POINT('',(6.51,-8.21,-0.51));
#9881=CARTESIAN_POINT('',(4.31,-8.21,-1.66));
#9882=CARTESIAN_POINT('',(4.31,-8.21,-6.4));
#9883=CARTESIAN_POINT('',(3.8,-8.21,-1.66));
#9884=CARTESIAN_POINT('Origin',(4.35,-5.39,-6.4));
#9885=CARTESIAN_POINT('',(6.,-5.39,-12.29));
#9886=CARTESIAN_POINT('',(6.,-5.39,-0.51));
#9887=CARTESIAN_POINT('',(6.,-5.39,-6.4));
#9888=CARTESIAN_POINT('',(4.56,-5.39,-12.29));
#9889=CARTESIAN_POINT('',(4.35,-5.39,-12.29));
#9890=CARTESIAN_POINT('',(1.51,-5.39,-9.23999999999999));
#9891=CARTESIAN_POINT('',(4.35,-5.39,-11.15));
#9892=CARTESIAN_POINT('',(6.51,-5.39,-11.15));
#9893=CARTESIAN_POINT('',(4.35,-5.39,-1.65));
#9894=CARTESIAN_POINT('',(4.35,-5.39,-6.4));
#9895=CARTESIAN_POINT('',(6.51,-5.39,-1.65));
#9896=CARTESIAN_POINT('',(4.35,-5.39,-0.51));
#9897=CARTESIAN_POINT('Origin',(4.35,1.85,-6.4));
#9898=CARTESIAN_POINT('',(4.35,-2.89999999999997,-11.15));
#9899=CARTESIAN_POINT('',(4.35,1.85,-11.15));
#9900=CARTESIAN_POINT('',(4.35,-2.89999999999997,-1.65));
#9901=CARTESIAN_POINT('Origin',(4.35,-2.9,-6.4));
#9902=CARTESIAN_POINT('',(4.35,1.85,-1.65));
#9903=CARTESIAN_POINT('Origin',(0.,1.85,0.));
#9904=CARTESIAN_POINT('',(6.,-7.7,0.));
#9905=CARTESIAN_POINT('',(0.,-7.7,0.));
#9906=CARTESIAN_POINT('',(6.,-5.9,0.));
#9907=CARTESIAN_POINT('',(6.,1.85,0.));
#9908=CARTESIAN_POINT('',(3.11206179139358E-15,-5.9,0.));
#9909=CARTESIAN_POINT('Origin',(6.51,-2.9,-6.4));
#9910=CARTESIAN_POINT('',(6.51,-2.89999999999997,-1.65));
#9911=CARTESIAN_POINT('',(6.51,-2.89999999999997,-11.15));
#9912=CARTESIAN_POINT('Origin',(6.51,-2.89999999999997,-1.65));
#9913=CARTESIAN_POINT('Origin',(0.,-7.21,-3.17));
#9914=CARTESIAN_POINT('',(5.33,-7.21,-3.17));
#9915=CARTESIAN_POINT('',(6.,-7.21,-3.17));
#9916=CARTESIAN_POINT('',(0.,-7.21,-3.17));
#9917=CARTESIAN_POINT('',(4.31,-6.26333333333334,-3.17));
#9918=CARTESIAN_POINT('',(2.46653019071443,-4.5524005691598,-3.17));
#9919=CARTESIAN_POINT('',(4.31,-7.7,-3.17));
#9920=CARTESIAN_POINT('',(4.31,-5.79,-3.17));
#9921=CARTESIAN_POINT('',(6.,-7.7,-3.17));
#9922=CARTESIAN_POINT('',(3.8,-7.7,-3.17));
#9923=CARTESIAN_POINT('',(6.,-8.21,-3.17));
#9924=CARTESIAN_POINT('Origin',(0.,-7.21,-2.17));
#9925=CARTESIAN_POINT('',(6.49315312023752,-7.21,-3.55));
#9926=CARTESIAN_POINT('Origin',(6.,-7.21,-3.68));
#9927=CARTESIAN_POINT('',(0.,-7.21,-3.55));
#9928=CARTESIAN_POINT('',(6.49799598391955,-7.21,-1.77));
#9929=CARTESIAN_POINT('',(0.,-7.21,-1.77));
#9930=CARTESIAN_POINT('',(6.,-7.21,-2.17));
#9931=CARTESIAN_POINT('Origin',(6.,-7.21,-1.66));
#9932=CARTESIAN_POINT('',(5.33,-7.21,-2.17));
#9933=CARTESIAN_POINT('',(0.,-7.21,-2.17));
#9934=CARTESIAN_POINT('',(5.33,-7.21,-2.17));
#9935=CARTESIAN_POINT('Origin',(0.,-8.21,-2.17));
#9936=CARTESIAN_POINT('',(4.31,-6.26333333333334,-2.17));
#9937=CARTESIAN_POINT('',(2.96514171620039,-5.01516420719253,-2.17));
#9938=CARTESIAN_POINT('',(6.,-7.7,-2.17));
#9939=CARTESIAN_POINT('',(6.,-7.21,-2.17));
#9940=CARTESIAN_POINT('',(4.31,-7.7,-2.17));
#9941=CARTESIAN_POINT('',(6.51,-7.7,-2.17));
#9942=CARTESIAN_POINT('',(4.31,-8.21,-2.17));
#9943=CARTESIAN_POINT('Origin',(0.,-7.21,-5.67));
#9944=CARTESIAN_POINT('',(5.33,-7.21,-5.67));
#9945=CARTESIAN_POINT('',(6.,-7.21,-5.67));
#9946=CARTESIAN_POINT('',(0.,-7.21,-5.67));
#9947=CARTESIAN_POINT('',(4.31,-6.26333333333334,-5.67));
#9948=CARTESIAN_POINT('',(2.46653019071443,-4.5524005691598,-5.67));
#9949=CARTESIAN_POINT('',(4.31,-7.7,-5.67));
#9950=CARTESIAN_POINT('',(4.31,-5.79,-5.67));
#9951=CARTESIAN_POINT('',(6.,-7.7,-5.67));
#9952=CARTESIAN_POINT('',(3.8,-7.7,-5.67));
#9953=CARTESIAN_POINT('',(6.,-8.21,-5.67));
#9954=CARTESIAN_POINT('Origin',(0.,-7.21,-4.67));
#9955=CARTESIAN_POINT('',(6.49040799340957,-7.21,-6.04));
#9956=CARTESIAN_POINT('Origin',(6.,-7.21,-6.18));
#9957=CARTESIAN_POINT('',(0.,-7.21,-6.04));
#9958=CARTESIAN_POINT('',(6.500099990002,-7.21,-4.26));
#9959=CARTESIAN_POINT('',(0.,-7.21,-4.26));
#9960=CARTESIAN_POINT('',(6.,-7.21,-4.67));
#9961=CARTESIAN_POINT('Origin',(6.,-7.21,-4.16));
#9962=CARTESIAN_POINT('',(5.33,-7.21,-4.67));
#9963=CARTESIAN_POINT('',(0.,-7.21,-4.67));
#9964=CARTESIAN_POINT('',(5.33,-7.21,-4.67));
#9965=CARTESIAN_POINT('Origin',(0.,-8.21,-4.67));
#9966=CARTESIAN_POINT('',(4.31,-6.26333333333334,-4.67));
#9967=CARTESIAN_POINT('',(2.96514171620039,-5.01516420719253,-4.67));
#9968=CARTESIAN_POINT('',(6.,-7.7,-4.67));
#9969=CARTESIAN_POINT('',(6.,-7.21,-4.67));
#9970=CARTESIAN_POINT('',(4.31,-7.7,-4.67));
#9971=CARTESIAN_POINT('',(6.51,-7.7,-4.67));
#9972=CARTESIAN_POINT('',(4.31,-8.21,-4.67));
#9973=CARTESIAN_POINT('Origin',(5.33,-7.21,-2.17));
#9974=CARTESIAN_POINT('Origin',(4.30999999999995,-6.26333333333329,-1.66000000000005));
#9975=CARTESIAN_POINT('Origin',(4.31000000000001,-6.26333333333335,-3.68000000000002));
#9976=CARTESIAN_POINT('Origin',(5.33,-7.21,-4.67));
#9977=CARTESIAN_POINT('Origin',(4.31000000000003,-6.26333333333337,-4.15999999999998));
#9978=CARTESIAN_POINT('Origin',(4.31000000000002,-6.26333333333336,-6.18000000000003));
#9979=CARTESIAN_POINT('Origin',(8.58,-8.36,-6.04));
#9980=CARTESIAN_POINT('',(8.58,-8.36,-6.76));
#9981=CARTESIAN_POINT('',(8.58,-8.36,-6.04));
#9982=CARTESIAN_POINT('',(8.58,-8.36,-6.04));
#9983=CARTESIAN_POINT('',(7.70758805239382,-8.36,-6.04));
#9984=CARTESIAN_POINT('',(8.58,-8.36,-6.04));
#9985=CARTESIAN_POINT('',(7.70758805239382,-8.36,-6.76));
#9986=CARTESIAN_POINT('',(7.70758805239382,-8.36,-6.04));
#9987=CARTESIAN_POINT('',(8.58,-8.36,-6.76));
#9988=CARTESIAN_POINT('Origin',(8.58,-6.81,-6.04));
#9989=CARTESIAN_POINT('',(6.99241194760618,-6.81,-6.04));
#9990=CARTESIAN_POINT('',(8.58,-6.81,-6.04));
#9991=CARTESIAN_POINT('',(6.49040799340957,-7.22,-6.04));
#9992=CARTESIAN_POINT('',(6.49040799340957,-7.21,-6.04));
#9993=CARTESIAN_POINT('',(6.77241194760618,-7.22,-6.04));
#9994=CARTESIAN_POINT('',(8.58,-7.22,-6.04));
#9995=CARTESIAN_POINT('',(6.87882431762629,-7.27532465261746,-6.04));
#9996=CARTESIAN_POINT('Origin',(6.77241194760618,-7.35,-6.04));
#9997=CARTESIAN_POINT('',(7.60117568237371,-8.30467534738254,-6.04));
#9998=CARTESIAN_POINT('',(7.22135698082079,-7.76343369766962,-6.04));
#9999=CARTESIAN_POINT('Origin',(7.70758805239382,-8.23,-6.04));
#10000=CARTESIAN_POINT('',(8.58,-7.95,-6.04));
#10001=CARTESIAN_POINT('',(8.58,-6.81,-6.04));
#10002=CARTESIAN_POINT('',(7.92758805239382,-7.95,-6.04));
#10003=CARTESIAN_POINT('',(8.58,-7.95,-6.04));
#10004=CARTESIAN_POINT('',(7.82117568237371,-7.89467534738254,-6.04));
#10005=CARTESIAN_POINT('Origin',(7.92758805239382,-7.82,-6.04));
#10006=CARTESIAN_POINT('',(7.09882431762629,-6.86532465261747,-6.04));
#10007=CARTESIAN_POINT('',(7.56154671066199,-7.52470406269334,-6.04));
#10008=CARTESIAN_POINT('Origin',(6.99241194760618,-6.94,-6.04));
#10009=CARTESIAN_POINT('Origin',(8.58,-6.81,-6.4));
#10010=CARTESIAN_POINT('',(6.99241194760618,-6.81,-6.76));
#10011=CARTESIAN_POINT('',(6.99241194760618,-6.81,-6.4));
#10012=CARTESIAN_POINT('',(8.58,-6.81,-6.76));
#10013=CARTESIAN_POINT('Origin',(8.58,-8.36,-6.4));
#10014=CARTESIAN_POINT('',(8.58,-7.95,-6.76));
#10015=CARTESIAN_POINT('',(8.58,-7.95,-6.40005));
#10016=CARTESIAN_POINT('',(8.58,-6.81,-6.76));
#10017=CARTESIAN_POINT('Origin',(8.58,-8.36,-4.26));
#10018=CARTESIAN_POINT('',(7.82117568237371,-7.89467534738254,-4.26));
#10019=CARTESIAN_POINT('',(7.09882431762629,-6.86532465261747,-4.26));
#10020=CARTESIAN_POINT('',(8.2903567745927,-8.5632584037946,-4.26));
#10021=CARTESIAN_POINT('',(7.92758805239382,-7.95,-4.26));
#10022=CARTESIAN_POINT('Origin',(7.92758805239382,-7.82,-4.26));
#10023=CARTESIAN_POINT('',(8.58,-7.95,-4.26));
#10024=CARTESIAN_POINT('',(8.58,-7.95,-4.26));
#10025=CARTESIAN_POINT('',(8.58,-8.36,-4.26));
#10026=CARTESIAN_POINT('',(8.58,-8.36,-4.26));
#10027=CARTESIAN_POINT('',(7.70758805239382,-8.36,-4.26));
#10028=CARTESIAN_POINT('',(8.58,-8.36,-4.26));
#10029=CARTESIAN_POINT('',(7.60117568237371,-8.30467534738254,-4.26));
#10030=CARTESIAN_POINT('Origin',(7.70758805239382,-8.23,-4.26));
#10031=CARTESIAN_POINT('',(6.87882431762629,-7.27532465261746,-4.26));
#10032=CARTESIAN_POINT('',(7.95016704475149,-8.80198803877088,-4.26));
#10033=CARTESIAN_POINT('',(6.77241194760618,-7.22,-4.26));
#10034=CARTESIAN_POINT('Origin',(6.77241194760618,-7.35,-4.26));
#10035=CARTESIAN_POINT('',(6.500099990002,-7.22,-4.26));
#10036=CARTESIAN_POINT('',(8.58,-7.22,-4.26));
#10037=CARTESIAN_POINT('',(6.500099990002,-8.21,-4.26));
#10038=CARTESIAN_POINT('',(6.99241194760618,-6.81,-4.26));
#10039=CARTESIAN_POINT('',(8.58,-6.81,-4.26));
#10040=CARTESIAN_POINT('Origin',(6.99241194760618,-6.94,-4.26));
#10041=CARTESIAN_POINT('Origin',(8.58,-8.36,-3.55));
#10042=CARTESIAN_POINT('',(8.58,-8.36,-3.55));
#10043=CARTESIAN_POINT('',(8.58,-8.36,-3.55));
#10044=CARTESIAN_POINT('',(7.70758805239382,-8.36,-3.55));
#10045=CARTESIAN_POINT('',(8.58,-8.36,-3.55));
#10046=CARTESIAN_POINT('',(7.70758805239382,-8.36,-3.55));
#10047=CARTESIAN_POINT('Origin',(8.58,-6.81,-3.55));
#10048=CARTESIAN_POINT('',(6.99241194760618,-6.81,-3.55));
#10049=CARTESIAN_POINT('',(8.58,-6.81,-3.55));
#10050=CARTESIAN_POINT('',(6.49315312023752,-7.22,-3.55));
#10051=CARTESIAN_POINT('',(6.49315312023752,-7.21,-3.55));
#10052=CARTESIAN_POINT('',(6.77241194760618,-7.22,-3.55));
#10053=CARTESIAN_POINT('',(8.58,-7.22,-3.55));
#10054=CARTESIAN_POINT('',(6.87882431762629,-7.27532465261746,-3.55));
#10055=CARTESIAN_POINT('Origin',(6.77241194760618,-7.35,-3.55));
#10056=CARTESIAN_POINT('',(7.60117568237371,-8.30467534738254,-3.55));
#10057=CARTESIAN_POINT('',(7.22135698082079,-7.76343369766962,-3.55));
#10058=CARTESIAN_POINT('Origin',(7.70758805239382,-8.23,-3.55));
#10059=CARTESIAN_POINT('',(8.58,-7.95,-3.55));
#10060=CARTESIAN_POINT('',(8.58,-6.81,-3.55));
#10061=CARTESIAN_POINT('',(7.92758805239382,-7.95,-3.55));
#10062=CARTESIAN_POINT('',(8.58,-7.95,-3.55));
#10063=CARTESIAN_POINT('',(7.82117568237371,-7.89467534738254,-3.55));
#10064=CARTESIAN_POINT('Origin',(7.92758805239382,-7.82,-3.55));
#10065=CARTESIAN_POINT('',(7.09882431762629,-6.86532465261747,-3.55));
#10066=CARTESIAN_POINT('',(7.56154671066199,-7.52470406269334,-3.55));
#10067=CARTESIAN_POINT('Origin',(6.99241194760618,-6.94,-3.55));
#10068=CARTESIAN_POINT('Origin',(8.58,-6.81,-4.26));
#10069=CARTESIAN_POINT('',(6.99241194760618,-6.81,-4.26));
#10070=CARTESIAN_POINT('Origin',(8.58,-6.81,-4.26));
#10071=CARTESIAN_POINT('',(8.58,-7.95,-6.40005));
#10072=CARTESIAN_POINT('Origin',(8.58,-8.36,-1.77));
#10073=CARTESIAN_POINT('',(7.82117568237371,-7.89467534738254,-1.77));
#10074=CARTESIAN_POINT('',(7.09882431762629,-6.86532465261746,-1.77));
#10075=CARTESIAN_POINT('',(8.2903567745927,-8.5632584037946,-1.77));
#10076=CARTESIAN_POINT('',(7.92758805239382,-7.95,-1.77));
#10077=CARTESIAN_POINT('Origin',(7.92758805239382,-7.82,-1.77));
#10078=CARTESIAN_POINT('',(8.58,-7.95,-1.77));
#10079=CARTESIAN_POINT('',(8.58,-7.95,-1.77));
#10080=CARTESIAN_POINT('',(8.58,-8.36,-1.77));
#10081=CARTESIAN_POINT('',(8.58,-8.36,-1.77));
#10082=CARTESIAN_POINT('',(7.70758805239382,-8.36,-1.77));
#10083=CARTESIAN_POINT('',(8.58,-8.36,-1.77));
#10084=CARTESIAN_POINT('',(7.60117568237371,-8.30467534738253,-1.77));
#10085=CARTESIAN_POINT('Origin',(7.70758805239382,-8.23,-1.77));
#10086=CARTESIAN_POINT('',(6.87882431762629,-7.27532465261746,-1.77));
#10087=CARTESIAN_POINT('',(7.95016704475149,-8.80198803877088,-1.77));
#10088=CARTESIAN_POINT('',(6.77241194760618,-7.22,-1.77));
#10089=CARTESIAN_POINT('Origin',(6.77241194760618,-7.35,-1.77));
#10090=CARTESIAN_POINT('',(6.49799598391955,-7.22,-1.77));
#10091=CARTESIAN_POINT('',(8.58,-7.22,-1.77));
#10092=CARTESIAN_POINT('',(6.49799598391955,-8.21,-1.77));
#10093=CARTESIAN_POINT('',(6.99241194760617,-6.81,-1.77));
#10094=CARTESIAN_POINT('',(8.58,-6.81,-1.77));
#10095=CARTESIAN_POINT('Origin',(6.99241194760617,-6.94,-1.77));
#10096=CARTESIAN_POINT('Origin',(8.58,-8.36,-1.06));
#10097=CARTESIAN_POINT('',(8.58,-8.36,-1.06));
#10098=CARTESIAN_POINT('',(8.58,-8.36,-1.06));
#10099=CARTESIAN_POINT('',(7.70758805239382,-8.36,-1.06));
#10100=CARTESIAN_POINT('',(8.58,-8.36,-1.06));
#10101=CARTESIAN_POINT('',(7.70758805239382,-8.36,-1.06));
#10102=CARTESIAN_POINT('Origin',(8.58,-6.81,-1.06));
#10103=CARTESIAN_POINT('',(6.99241194760617,-6.81,-1.06));
#10104=CARTESIAN_POINT('',(8.58,-6.81,-1.06));
#10105=CARTESIAN_POINT('',(6.77241194760618,-7.22,-1.06));
#10106=CARTESIAN_POINT('',(6.51,-7.22,-1.06));
#10107=CARTESIAN_POINT('',(6.87882431762629,-7.27532465261746,-1.06));
#10108=CARTESIAN_POINT('Origin',(6.77241194760618,-7.35,-1.06));
#10109=CARTESIAN_POINT('',(7.60117568237371,-8.30467534738254,-1.06));
#10110=CARTESIAN_POINT('',(6.84,-7.22,-1.06));
#10111=CARTESIAN_POINT('Origin',(7.70758805239382,-8.23,-1.06));
#10112=CARTESIAN_POINT('',(8.58,-7.95,-1.06));
#10113=CARTESIAN_POINT('',(8.58,-6.81,-1.06));
#10114=CARTESIAN_POINT('',(7.92758805239382,-7.95,-1.06));
#10115=CARTESIAN_POINT('',(7.86,-7.95,-1.06));
#10116=CARTESIAN_POINT('',(7.82117568237371,-7.89467534738254,-1.06));
#10117=CARTESIAN_POINT('Origin',(7.92758805239382,-7.82,-1.06));
#10118=CARTESIAN_POINT('',(7.09882431762629,-6.86532465261746,-1.06));
#10119=CARTESIAN_POINT('',(7.06,-6.81,-1.06));
#10120=CARTESIAN_POINT('Origin',(6.99241194760617,-6.94,-1.06));
#10121=CARTESIAN_POINT('Origin',(8.58,-6.81,-1.77));
#10122=CARTESIAN_POINT('',(6.99241194760617,-6.81,-1.77));
#10123=CARTESIAN_POINT('Origin',(8.58,-6.81,-1.77));
#10124=CARTESIAN_POINT('',(8.58,-7.95,-1.77));
#10125=CARTESIAN_POINT('Origin',(6.51,-7.22,-6.40005));
#10126=CARTESIAN_POINT('Origin',(6.,-7.22,-1.66));
#10127=CARTESIAN_POINT('',(6.77241194760618,-7.22,-1.77));
#10128=CARTESIAN_POINT('Origin',(6.84,-7.22,-6.40005));
#10129=CARTESIAN_POINT('',(6.87882431762629,-7.27532465261746,-1.06));
#10130=CARTESIAN_POINT('',(7.6011756823737,-8.30467534738252,-6.40005));
#10131=CARTESIAN_POINT('Origin',(6.51,-7.22,-6.40005));
#10132=CARTESIAN_POINT('Origin',(6.,-7.22,-3.68));
#10133=CARTESIAN_POINT('Origin',(6.,-7.22,-4.16));
#10134=CARTESIAN_POINT('',(6.77241194760618,-7.22,-4.26));
#10135=CARTESIAN_POINT('Origin',(6.84,-7.22,-6.40005));
#10136=CARTESIAN_POINT('',(7.60117568237371,-8.30467534738254,-6.40005));
#10137=CARTESIAN_POINT('',(6.87882431762629,-7.27532465261746,-3.55));
#10138=CARTESIAN_POINT('Origin',(6.84,-7.22,-6.40005));
#10139=CARTESIAN_POINT('',(6.87882431762629,-7.27532465261746,-6.76));
#10140=CARTESIAN_POINT('',(6.87882431762629,-7.27532465261746,-6.04));
#10141=CARTESIAN_POINT('',(7.60117568237371,-8.30467534738254,-6.76));
#10142=CARTESIAN_POINT('',(7.22135698082079,-7.76343369766962,-6.76));
#10143=CARTESIAN_POINT('',(7.60117568237371,-8.30467534738254,-6.40005));
#10144=CARTESIAN_POINT('Origin',(6.51,-7.22,-6.40005));
#10145=CARTESIAN_POINT('Origin',(6.,-7.22,-6.18));
#10146=CARTESIAN_POINT('',(6.49040799340957,-7.22,-6.76));
#10147=CARTESIAN_POINT('Origin',(6.,-7.22,-6.62));
#10148=CARTESIAN_POINT('',(6.77241194760618,-7.22,-6.76));
#10149=CARTESIAN_POINT('',(8.58,-7.22,-6.76));
#10150=CARTESIAN_POINT('',(6.77241194760618,-7.22,-6.4));
#10151=CARTESIAN_POINT('Origin',(7.86,-7.95,-6.40005));
#10152=CARTESIAN_POINT('',(7.92758805239382,-7.95,-1.77));
#10153=CARTESIAN_POINT('Origin',(7.06,-6.81,-6.40005));
#10154=CARTESIAN_POINT('',(7.82117568237371,-7.89467534738254,-1.06));
#10155=CARTESIAN_POINT('',(7.09882431762629,-6.86532465261746,-6.40005));
#10156=CARTESIAN_POINT('Origin',(7.86,-7.95,-6.40005));
#10157=CARTESIAN_POINT('',(7.92758805239382,-7.95,-4.26));
#10158=CARTESIAN_POINT('Origin',(7.06,-6.81,-6.40005));
#10159=CARTESIAN_POINT('',(7.82117568237371,-7.89467534738254,-3.55));
#10160=CARTESIAN_POINT('',(7.09882431762629,-6.86532465261747,-6.40005));
#10161=CARTESIAN_POINT('Origin',(7.06,-6.81,-6.40005));
#10162=CARTESIAN_POINT('',(7.82117568237371,-7.89467534738254,-6.76));
#10163=CARTESIAN_POINT('',(7.82117568237371,-7.89467534738254,-6.04));
#10164=CARTESIAN_POINT('',(7.09882431762629,-6.86532465261747,-6.76));
#10165=CARTESIAN_POINT('',(7.56154671066199,-7.52470406269334,-6.76));
#10166=CARTESIAN_POINT('',(7.09882431762629,-6.86532465261747,-6.40005));
#10167=CARTESIAN_POINT('Origin',(7.86,-7.95,-6.40005));
#10168=CARTESIAN_POINT('',(7.92758805239382,-7.95,-6.76));
#10169=CARTESIAN_POINT('',(8.58,-7.95,-6.76));
#10170=CARTESIAN_POINT('',(7.92758805239382,-7.95,-6.4));
#10171=CARTESIAN_POINT('Origin',(6.99241194760617,-6.94,-1.77));
#10172=CARTESIAN_POINT('Origin',(6.99241194760618,-6.94,-4.26));
#10173=CARTESIAN_POINT('Origin',(6.99241194760618,-6.94,-6.4));
#10174=CARTESIAN_POINT('Origin',(6.99241194760618,-6.94,-6.76));
#10175=CARTESIAN_POINT('Origin',(7.92758805239382,-7.82,-6.40005));
#10176=CARTESIAN_POINT('Origin',(7.92758805239382,-7.82,-6.76));
#10177=CARTESIAN_POINT('Origin',(7.92758805239382,-7.82,-6.40005));
#10178=CARTESIAN_POINT('Origin',(7.92758805239382,-7.82,-6.40005));
#10179=CARTESIAN_POINT('Origin',(7.70758805239382,-8.23,-1.06));
#10180=CARTESIAN_POINT('Origin',(6.77241194760618,-7.35,-6.40005));
#10181=CARTESIAN_POINT('Origin',(6.77241194760618,-7.35,-6.40005));
#10182=CARTESIAN_POINT('Origin',(7.70758805239382,-8.23,-3.55));
#10183=CARTESIAN_POINT('Origin',(7.70758805239382,-8.23,-6.04));
#10184=CARTESIAN_POINT('Origin',(7.70758805239382,-8.23,-6.76));
#10185=CARTESIAN_POINT('Origin',(6.77241194760618,-7.35,-6.40005));
#10186=CARTESIAN_POINT('Origin',(6.77241194760618,-7.35,-6.76));
#10187=CARTESIAN_POINT('Origin',(6.,-5.9,-6.4));
#10188=CARTESIAN_POINT('Origin',(6.,-5.9,-12.29));
#10189=CARTESIAN_POINT('Origin',(6.,-5.9,-0.51));
#10190=CARTESIAN_POINT('Origin',(6.,1.85,-0.51));
#10191=CARTESIAN_POINT('',(6.36062445840514,-8.06062445840514,-0.149375541594861));
#10192=CARTESIAN_POINT('Origin',(6.00000000000043,-7.70000000000043,-0.509999999998923));
#10193=CARTESIAN_POINT('Origin',(6.0000000000026,-7.70000000000105,-0.509999999998954));
#10194=CARTESIAN_POINT('Origin',(6.,-5.9,-0.51));
#10195=CARTESIAN_POINT('Origin',(6.,-8.21,-1.66));
#10196=CARTESIAN_POINT('Origin',(6.,-7.7,-1.66));
#10197=CARTESIAN_POINT('Origin',(6.,-7.7,-6.4));
#10198=CARTESIAN_POINT('Origin',(6.00000000000021,-7.70000000000122,-0.509999999999824));
#10199=CARTESIAN_POINT('Origin',(6.,-7.7,-1.66));
#10200=CARTESIAN_POINT('Origin',(6.,-7.7,-1.66));
#10201=CARTESIAN_POINT('Origin',(6.,-7.7,-1.66));
#10202=CARTESIAN_POINT('Origin',(0.,-7.7,-1.66));
#10203=CARTESIAN_POINT('Origin',(4.31,-7.7,-1.66));
#10204=CARTESIAN_POINT('Origin',(4.31,-7.7,-6.4));
#10205=CARTESIAN_POINT('Origin',(4.30999999999992,-7.70000000000008,-0.509999999999924));
#10206=CARTESIAN_POINT('Origin',(4.31,-7.7,-1.66));
#10207=CARTESIAN_POINT('Origin',(4.31,-7.7,-1.66));
#10208=CARTESIAN_POINT('Origin',(4.31,-7.7,-1.66));
#10209=CARTESIAN_POINT('Origin',(4.31,-8.21,-1.66));
#10210=CARTESIAN_POINT('Origin',(4.31,-8.21,-4.16));
#10211=CARTESIAN_POINT('Origin',(4.31,-7.7,-4.16));
#10212=CARTESIAN_POINT('Origin',(4.31,-7.7,-4.16));
#10213=CARTESIAN_POINT('Origin',(4.31,-7.7,-4.16));
#10214=CARTESIAN_POINT('Origin',(4.31,-7.7,-4.16));
#10215=CARTESIAN_POINT('Origin',(4.31,-7.21,-3.68));
#10216=CARTESIAN_POINT('Origin',(4.31,-7.7,-3.68));
#10217=CARTESIAN_POINT('Origin',(4.31,-7.7,-6.4));
#10218=CARTESIAN_POINT('Origin',(4.31,-7.7,-3.68));
#10219=CARTESIAN_POINT('Origin',(0.,-7.7,-4.16));
#10220=CARTESIAN_POINT('Origin',(6.,-7.7,-4.16));
#10221=CARTESIAN_POINT('Origin',(6.,-8.21,-4.16));
#10222=CARTESIAN_POINT('Origin',(6.,-7.7,-4.16));
#10223=CARTESIAN_POINT('Origin',(4.31,-7.7,-3.68));
#10224=CARTESIAN_POINT('Origin',(4.31,-7.7,-3.68));
#10225=CARTESIAN_POINT('Origin',(6.,-7.7,-4.16));
#10226=CARTESIAN_POINT('Origin',(6.,-7.7,-4.16));
#10227=CARTESIAN_POINT('Origin',(6.51,-7.7,-3.68));
#10228=CARTESIAN_POINT('Origin',(6.,-7.7,-3.68));
#10229=CARTESIAN_POINT('Origin',(6.,-7.7,-6.4));
#10230=CARTESIAN_POINT('Origin',(6.,-7.7,-3.68));
#10231=CARTESIAN_POINT('Origin',(6.,-7.7,-3.68));
#10232=CARTESIAN_POINT('Origin',(6.,-7.7,-3.68));
#10233=CARTESIAN_POINT('Origin',(6.,-7.21,-3.68));
#10234=CARTESIAN_POINT('Origin',(4.31,-7.21,-6.18));
#10235=CARTESIAN_POINT('Origin',(4.31,-7.7,-6.18));
#10236=CARTESIAN_POINT('Origin',(4.31,-7.7,-6.4));
#10237=CARTESIAN_POINT('Origin',(4.31,-7.7,-6.18));
#10238=CARTESIAN_POINT('Origin',(4.31,-7.7,-6.62));
#10239=CARTESIAN_POINT('Origin',(4.31,-7.7,-6.18));
#10240=CARTESIAN_POINT('Origin',(4.31,-7.7,-6.18));
#10241=CARTESIAN_POINT('Origin',(6.51,-7.7,-6.18));
#10242=CARTESIAN_POINT('Origin',(6.,-7.7,-6.18));
#10243=CARTESIAN_POINT('Origin',(6.,-7.7,-6.4));
#10244=CARTESIAN_POINT('Origin',(6.,-7.7,-6.18));
#10245=CARTESIAN_POINT('Origin',(6.,-7.7,-6.62));
#10246=CARTESIAN_POINT('Origin',(6.,-7.7,-6.18));
#10247=CARTESIAN_POINT('Origin',(6.,-7.7,-6.18));
#10248=CARTESIAN_POINT('Origin',(6.,-7.21,-6.18));
#10249=CARTESIAN_POINT('Origin',(6.51,-5.39,-6.4));
#10250=CARTESIAN_POINT('',(6.51,-7.7,-8.64));
#10251=CARTESIAN_POINT('',(6.51,-7.7,-9.12));
#10252=CARTESIAN_POINT('',(6.51,-7.7,-6.4));
#10253=CARTESIAN_POINT('',(6.51,-7.22,-9.12));
#10254=CARTESIAN_POINT('',(6.51,-7.21,-9.12));
#10255=CARTESIAN_POINT('',(6.51,-7.22,-8.64));
#10256=CARTESIAN_POINT('',(6.51,-7.22,-6.39995));
#10257=CARTESIAN_POINT('',(6.51,-8.21,-8.64));
#10258=CARTESIAN_POINT('Origin',(6.51,-8.21,-6.4));
#10259=CARTESIAN_POINT('',(6.,-8.21,-8.64));
#10260=CARTESIAN_POINT('',(4.31,-8.21,-8.64));
#10261=CARTESIAN_POINT('',(3.8,-8.21,-8.64));
#10262=CARTESIAN_POINT('',(4.31,-8.21,-9.12));
#10263=CARTESIAN_POINT('',(4.31,-8.21,-6.4));
#10264=CARTESIAN_POINT('',(6.,-8.21,-9.12));
#10265=CARTESIAN_POINT('',(6.51,-8.21,-9.12));
#10266=CARTESIAN_POINT('',(6.,-8.21,-6.4));
#10267=CARTESIAN_POINT('Origin',(6.51,-8.21,-6.4));
#10268=CARTESIAN_POINT('',(4.31,-8.21,-12.04));
#10269=CARTESIAN_POINT('',(4.56,-8.21,-12.29));
#10270=CARTESIAN_POINT('',(2.59,-8.21,-10.32));
#10271=CARTESIAN_POINT('',(6.,-8.21,-12.29));
#10272=CARTESIAN_POINT('',(6.51,-8.21,-12.29));
#10273=CARTESIAN_POINT('',(6.,-8.21,-11.14));
#10274=CARTESIAN_POINT('',(6.,-8.21,-6.4));
#10275=CARTESIAN_POINT('',(4.31,-8.21,-11.14));
#10276=CARTESIAN_POINT('',(3.8,-8.21,-11.14));
#10277=CARTESIAN_POINT('',(4.31,-8.21,-6.4));
#10278=CARTESIAN_POINT('Origin',(0.,1.85,-12.8));
#10279=CARTESIAN_POINT('',(6.,-5.9,-12.8));
#10280=CARTESIAN_POINT('',(6.,-7.7,-12.8));
#10281=CARTESIAN_POINT('',(6.,1.85,-12.8));
#10282=CARTESIAN_POINT('',(5.07,-7.7,-12.8));
#10283=CARTESIAN_POINT('',(0.,-7.7,-12.8));
#10284=CARTESIAN_POINT('',(5.07,-5.9,-12.8));
#10285=CARTESIAN_POINT('',(5.06999999999999,1.85,-12.8));
#10286=CARTESIAN_POINT('',(3.11206179139358E-15,-5.9,-12.8));
#10287=CARTESIAN_POINT('Origin',(6.51,-2.89999999999997,-11.15));
#10288=CARTESIAN_POINT('Origin',(0.,-7.21,-9.63));
#10289=CARTESIAN_POINT('',(5.33,-7.21,-9.63));
#10290=CARTESIAN_POINT('',(6.,-7.21,-9.63));
#10291=CARTESIAN_POINT('',(0.,-7.21,-9.63));
#10292=CARTESIAN_POINT('',(6.,-7.7,-9.63));
#10293=CARTESIAN_POINT('',(6.,-8.21,-9.63));
#10294=CARTESIAN_POINT('',(4.31,-7.7,-9.63));
#10295=CARTESIAN_POINT('',(3.8,-7.7,-9.63));
#10296=CARTESIAN_POINT('',(4.31,-6.26333333333334,-9.63));
#10297=CARTESIAN_POINT('',(4.31,-5.79,-9.63));
#10298=CARTESIAN_POINT('',(2.46653019071443,-4.5524005691598,-9.63));
#10299=CARTESIAN_POINT('Origin',(0.,-7.21,-10.63));
#10300=CARTESIAN_POINT('',(5.33,-7.21,-10.63));
#10301=CARTESIAN_POINT('',(5.33,-7.21,-10.63));
#10302=CARTESIAN_POINT('',(6.,-7.21,-10.63));
#10303=CARTESIAN_POINT('',(0.,-7.21,-10.63));
#10304=CARTESIAN_POINT('',(6.49799598391955,-7.21,-11.03));
#10305=CARTESIAN_POINT('Origin',(6.,-7.21,-11.14));
#10306=CARTESIAN_POINT('',(0.,-7.21,-11.03));
#10307=CARTESIAN_POINT('',(6.49315312023752,-7.21,-9.25));
#10308=CARTESIAN_POINT('',(0.,-7.21,-9.25));
#10309=CARTESIAN_POINT('Origin',(6.,-7.21,-9.12));
#10310=CARTESIAN_POINT('Origin',(0.,-8.21,-10.63));
#10311=CARTESIAN_POINT('',(4.31,-6.26333333333334,-10.63));
#10312=CARTESIAN_POINT('',(2.96514171620039,-5.01516420719253,-10.63));
#10313=CARTESIAN_POINT('',(4.31,-7.7,-10.63));
#10314=CARTESIAN_POINT('',(4.31,-8.21,-10.63));
#10315=CARTESIAN_POINT('',(6.,-7.7,-10.63));
#10316=CARTESIAN_POINT('',(6.51,-7.7,-10.63));
#10317=CARTESIAN_POINT('',(6.,-7.21,-10.63));
#10318=CARTESIAN_POINT('Origin',(0.,-7.21,-7.13));
#10319=CARTESIAN_POINT('',(5.33,-7.21,-7.13));
#10320=CARTESIAN_POINT('',(6.,-7.21,-7.13));
#10321=CARTESIAN_POINT('',(0.,-7.21,-7.13));
#10322=CARTESIAN_POINT('',(6.,-7.7,-7.13));
#10323=CARTESIAN_POINT('',(6.,-8.21,-7.13));
#10324=CARTESIAN_POINT('',(4.31,-7.7,-7.13));
#10325=CARTESIAN_POINT('',(3.8,-7.7,-7.13));
#10326=CARTESIAN_POINT('',(4.31,-6.26333333333334,-7.13));
#10327=CARTESIAN_POINT('',(4.31,-5.79,-7.13));
#10328=CARTESIAN_POINT('',(2.46653019071443,-4.5524005691598,-7.13));
#10329=CARTESIAN_POINT('Origin',(0.,-7.21,-8.13));
#10330=CARTESIAN_POINT('',(5.33,-7.21,-8.13));
#10331=CARTESIAN_POINT('',(5.33,-7.21,-8.13));
#10332=CARTESIAN_POINT('',(6.,-7.21,-8.13));
#10333=CARTESIAN_POINT('',(0.,-7.21,-8.13));
#10334=CARTESIAN_POINT('',(6.500099990002,-7.21,-8.54));
#10335=CARTESIAN_POINT('Origin',(6.,-7.21,-8.64));
#10336=CARTESIAN_POINT('',(0.,-7.21,-8.54));
#10337=CARTESIAN_POINT('',(6.49040799340957,-7.21,-6.76));
#10338=CARTESIAN_POINT('',(0.,-7.21,-6.76));
#10339=CARTESIAN_POINT('Origin',(6.,-7.21,-6.62));
#10340=CARTESIAN_POINT('Origin',(0.,-8.21,-8.13));
#10341=CARTESIAN_POINT('',(4.31,-6.26333333333334,-8.13));
#10342=CARTESIAN_POINT('',(2.96514171620039,-5.01516420719253,-8.13));
#10343=CARTESIAN_POINT('',(4.31,-7.7,-8.13));
#10344=CARTESIAN_POINT('',(4.31,-8.21,-8.13));
#10345=CARTESIAN_POINT('',(6.,-7.7,-8.13));
#10346=CARTESIAN_POINT('',(6.51,-7.7,-8.13));
#10347=CARTESIAN_POINT('',(6.,-7.21,-8.13));
#10348=CARTESIAN_POINT('Origin',(5.33,-7.21,-10.63));
#10349=CARTESIAN_POINT('Origin',(4.30999999999993,-6.26333333333328,-9.12000000000006));
#10350=CARTESIAN_POINT('Origin',(4.31000000000011,-6.26333333333345,-11.1400000000001));
#10351=CARTESIAN_POINT('Origin',(5.33,-7.21,-8.13));
#10352=CARTESIAN_POINT('Origin',(4.30999999999996,-6.26333333333331,-6.62000000000002));
#10353=CARTESIAN_POINT('Origin',(4.31000000000008,-6.26333333333342,-8.64000000000008));
#10354=CARTESIAN_POINT('Origin',(8.58,-6.81,-6.76));
#10355=CARTESIAN_POINT('',(6.49040799340957,-7.21,-6.76));
#10356=CARTESIAN_POINT('Origin',(8.58,-8.36,-8.54));
#10357=CARTESIAN_POINT('',(7.82117568237371,-7.89467534738254,-8.54));
#10358=CARTESIAN_POINT('',(7.09882431762629,-6.86532465261747,-8.54));
#10359=CARTESIAN_POINT('',(8.2903567745927,-8.5632584037946,-8.54));
#10360=CARTESIAN_POINT('',(6.99241194760618,-6.81,-8.54));
#10361=CARTESIAN_POINT('Origin',(6.99241194760618,-6.94,-8.54));
#10362=CARTESIAN_POINT('',(8.58,-6.81,-8.54));
#10363=CARTESIAN_POINT('',(6.500099990002,-7.22,-8.54));
#10364=CARTESIAN_POINT('',(6.500099990002,-8.21,-8.54));
#10365=CARTESIAN_POINT('',(6.77241194760618,-7.22,-8.54));
#10366=CARTESIAN_POINT('',(8.58,-7.22,-8.54));
#10367=CARTESIAN_POINT('',(6.87882431762629,-7.27532465261746,-8.54));
#10368=CARTESIAN_POINT('Origin',(6.77241194760618,-7.35,-8.54));
#10369=CARTESIAN_POINT('',(7.60117568237371,-8.30467534738254,-8.54));
#10370=CARTESIAN_POINT('',(7.95016704475149,-8.80198803877088,-8.54));
#10371=CARTESIAN_POINT('',(7.70758805239382,-8.36,-8.54));
#10372=CARTESIAN_POINT('Origin',(7.70758805239382,-8.23,-8.54));
#10373=CARTESIAN_POINT('',(8.58,-8.36,-8.54));
#10374=CARTESIAN_POINT('',(8.58,-8.36,-8.54));
#10375=CARTESIAN_POINT('',(8.58,-7.95,-8.54));
#10376=CARTESIAN_POINT('',(8.58,-8.36,-8.54));
#10377=CARTESIAN_POINT('',(7.92758805239382,-7.95,-8.54));
#10378=CARTESIAN_POINT('',(8.58,-7.95,-8.54));
#10379=CARTESIAN_POINT('Origin',(7.92758805239382,-7.82,-8.54));
#10380=CARTESIAN_POINT('Origin',(8.58,-8.36,-9.25));
#10381=CARTESIAN_POINT('',(7.70758805239382,-8.36,-9.25));
#10382=CARTESIAN_POINT('',(7.70758805239382,-8.36,-9.25));
#10383=CARTESIAN_POINT('',(8.58,-8.36,-9.25));
#10384=CARTESIAN_POINT('',(8.58,-8.36,-9.25));
#10385=CARTESIAN_POINT('',(8.58,-8.36,-9.25));
#10386=CARTESIAN_POINT('Origin',(8.58,-6.81,-9.25));
#10387=CARTESIAN_POINT('',(6.99241194760618,-6.81,-9.25));
#10388=CARTESIAN_POINT('',(8.58,-6.81,-9.25));
#10389=CARTESIAN_POINT('',(7.09882431762629,-6.86532465261747,-9.25));
#10390=CARTESIAN_POINT('Origin',(6.99241194760618,-6.94,-9.25));
#10391=CARTESIAN_POINT('',(7.82117568237371,-7.89467534738254,-9.25));
#10392=CARTESIAN_POINT('',(7.56154671066199,-7.52470406269334,-9.25));
#10393=CARTESIAN_POINT('',(7.92758805239382,-7.95,-9.25));
#10394=CARTESIAN_POINT('Origin',(7.92758805239382,-7.82,-9.25));
#10395=CARTESIAN_POINT('',(8.58,-7.95,-9.25));
#10396=CARTESIAN_POINT('',(8.58,-7.95,-9.25));
#10397=CARTESIAN_POINT('',(8.58,-6.81,-9.25));
#10398=CARTESIAN_POINT('',(7.60117568237371,-8.30467534738254,-9.25));
#10399=CARTESIAN_POINT('Origin',(7.70758805239382,-8.23,-9.25));
#10400=CARTESIAN_POINT('',(6.87882431762629,-7.27532465261746,-9.25));
#10401=CARTESIAN_POINT('',(7.22135698082079,-7.76343369766962,-9.25));
#10402=CARTESIAN_POINT('',(6.77241194760618,-7.22,-9.25));
#10403=CARTESIAN_POINT('Origin',(6.77241194760618,-7.35,-9.25));
#10404=CARTESIAN_POINT('',(6.49315312023752,-7.22,-9.25));
#10405=CARTESIAN_POINT('',(8.58,-7.22,-9.25));
#10406=CARTESIAN_POINT('',(6.49315312023752,-7.21,-9.25));
#10407=CARTESIAN_POINT('Origin',(8.58,-6.81,-8.54));
#10408=CARTESIAN_POINT('',(6.99241194760618,-6.81,-8.54));
#10409=CARTESIAN_POINT('Origin',(8.58,-6.81,-8.54));
#10410=CARTESIAN_POINT('',(8.58,-7.95,-6.39995));
#10411=CARTESIAN_POINT('Origin',(8.58,-8.36,-11.03));
#10412=CARTESIAN_POINT('',(7.82117568237371,-7.89467534738254,-11.03));
#10413=CARTESIAN_POINT('',(7.09882431762629,-6.86532465261746,-11.03));
#10414=CARTESIAN_POINT('',(8.2903567745927,-8.5632584037946,-11.03));
#10415=CARTESIAN_POINT('',(6.99241194760617,-6.81,-11.03));
#10416=CARTESIAN_POINT('Origin',(6.99241194760617,-6.94,-11.03));
#10417=CARTESIAN_POINT('',(8.58,-6.81,-11.03));
#10418=CARTESIAN_POINT('',(6.49799598391955,-7.22,-11.03));
#10419=CARTESIAN_POINT('',(6.49799598391955,-8.21,-11.03));
#10420=CARTESIAN_POINT('',(6.77241194760618,-7.22,-11.03));
#10421=CARTESIAN_POINT('',(8.58,-7.22,-11.03));
#10422=CARTESIAN_POINT('',(6.87882431762629,-7.27532465261746,-11.03));
#10423=CARTESIAN_POINT('Origin',(6.77241194760618,-7.35,-11.03));
#10424=CARTESIAN_POINT('',(7.60117568237371,-8.30467534738253,-11.03));
#10425=CARTESIAN_POINT('',(7.95016704475149,-8.80198803877088,-11.03));
#10426=CARTESIAN_POINT('',(7.70758805239382,-8.36,-11.03));
#10427=CARTESIAN_POINT('Origin',(7.70758805239382,-8.23,-11.03));
#10428=CARTESIAN_POINT('',(8.58,-8.36,-11.03));
#10429=CARTESIAN_POINT('',(8.58,-8.36,-11.03));
#10430=CARTESIAN_POINT('',(8.58,-7.95,-11.03));
#10431=CARTESIAN_POINT('',(8.58,-8.36,-11.03));
#10432=CARTESIAN_POINT('',(7.92758805239382,-7.95,-11.03));
#10433=CARTESIAN_POINT('',(8.58,-7.95,-11.03));
#10434=CARTESIAN_POINT('Origin',(7.92758805239382,-7.82,-11.03));
#10435=CARTESIAN_POINT('Origin',(8.58,-8.36,-11.74));
#10436=CARTESIAN_POINT('',(7.70758805239382,-8.36,-11.74));
#10437=CARTESIAN_POINT('',(7.70758805239382,-8.36,-11.74));
#10438=CARTESIAN_POINT('',(8.58,-8.36,-11.74));
#10439=CARTESIAN_POINT('',(8.58,-8.36,-11.74));
#10440=CARTESIAN_POINT('',(8.58,-8.36,-11.74));
#10441=CARTESIAN_POINT('Origin',(8.58,-6.81,-11.74));
#10442=CARTESIAN_POINT('',(6.99241194760617,-6.81,-11.74));
#10443=CARTESIAN_POINT('',(8.58,-6.81,-11.74));
#10444=CARTESIAN_POINT('',(7.09882431762629,-6.86532465261746,-11.74));
#10445=CARTESIAN_POINT('Origin',(6.99241194760617,-6.94,-11.74));
#10446=CARTESIAN_POINT('',(7.82117568237371,-7.89467534738254,-11.74));
#10447=CARTESIAN_POINT('',(7.06,-6.81,-11.74));
#10448=CARTESIAN_POINT('',(7.92758805239382,-7.95,-11.74));
#10449=CARTESIAN_POINT('Origin',(7.92758805239382,-7.82,-11.74));
#10450=CARTESIAN_POINT('',(8.58,-7.95,-11.74));
#10451=CARTESIAN_POINT('',(7.86,-7.95,-11.74));
#10452=CARTESIAN_POINT('',(8.58,-6.81,-11.74));
#10453=CARTESIAN_POINT('',(7.60117568237371,-8.30467534738254,-11.74));
#10454=CARTESIAN_POINT('Origin',(7.70758805239382,-8.23,-11.74));
#10455=CARTESIAN_POINT('',(6.87882431762629,-7.27532465261746,-11.74));
#10456=CARTESIAN_POINT('',(6.84,-7.22,-11.74));
#10457=CARTESIAN_POINT('',(6.77241194760618,-7.22,-11.74));
#10458=CARTESIAN_POINT('Origin',(6.77241194760618,-7.35,-11.74));
#10459=CARTESIAN_POINT('',(6.51,-7.22,-11.74));
#10460=CARTESIAN_POINT('Origin',(8.58,-6.81,-11.03));
#10461=CARTESIAN_POINT('',(6.99241194760617,-6.81,-11.03));
#10462=CARTESIAN_POINT('Origin',(8.58,-6.81,-11.03));
#10463=CARTESIAN_POINT('',(8.58,-7.95,-11.03));
#10464=CARTESIAN_POINT('Origin',(6.51,-7.22,-6.39995));
#10465=CARTESIAN_POINT('',(6.77241194760618,-7.22,-11.03));
#10466=CARTESIAN_POINT('Origin',(6.,-7.22,-11.14));
#10467=CARTESIAN_POINT('Origin',(6.84,-7.22,-6.39995));
#10468=CARTESIAN_POINT('',(7.6011756823737,-8.30467534738252,-6.39995));
#10469=CARTESIAN_POINT('',(6.87882431762629,-7.27532465261746,-11.74));
#10470=CARTESIAN_POINT('Origin',(6.51,-7.22,-6.39995));
#10471=CARTESIAN_POINT('',(6.77241194760618,-7.22,-8.54));
#10472=CARTESIAN_POINT('Origin',(6.,-7.22,-8.64));
#10473=CARTESIAN_POINT('Origin',(6.,-7.22,-9.12));
#10474=CARTESIAN_POINT('Origin',(6.84,-7.22,-6.39995));
#10475=CARTESIAN_POINT('',(6.87882431762629,-7.27532465261746,-9.25));
#10476=CARTESIAN_POINT('',(7.60117568237371,-8.30467534738254,-6.39995));
#10477=CARTESIAN_POINT('Origin',(7.86,-7.95,-6.39995));
#10478=CARTESIAN_POINT('',(7.92758805239382,-7.95,-11.03));
#10479=CARTESIAN_POINT('Origin',(7.06,-6.81,-6.39995));
#10480=CARTESIAN_POINT('',(7.09882431762629,-6.86532465261746,-6.39995));
#10481=CARTESIAN_POINT('',(7.82117568237371,-7.89467534738254,-11.74));
#10482=CARTESIAN_POINT('Origin',(7.86,-7.95,-6.39995));
#10483=CARTESIAN_POINT('',(7.92758805239382,-7.95,-8.54));
#10484=CARTESIAN_POINT('Origin',(7.06,-6.81,-6.39995));
#10485=CARTESIAN_POINT('',(7.09882431762629,-6.86532465261747,-6.39995));
#10486=CARTESIAN_POINT('',(7.82117568237371,-7.89467534738254,-9.25));
#10487=CARTESIAN_POINT('Origin',(6.99241194760617,-6.94,-11.03));
#10488=CARTESIAN_POINT('Origin',(6.99241194760618,-6.94,-8.54));
#10489=CARTESIAN_POINT('Origin',(7.92758805239382,-7.82,-6.39995));
#10490=CARTESIAN_POINT('Origin',(7.92758805239382,-7.82,-6.39995));
#10491=CARTESIAN_POINT('Origin',(7.70758805239382,-8.23,-11.74));
#10492=CARTESIAN_POINT('Origin',(6.77241194760618,-7.35,-6.39995));
#10493=CARTESIAN_POINT('Origin',(6.77241194760618,-7.35,-6.39995));
#10494=CARTESIAN_POINT('Origin',(7.70758805239382,-8.23,-9.25));
#10495=CARTESIAN_POINT('Origin',(6.,1.85,-12.29));
#10496=CARTESIAN_POINT('',(6.36062445840514,-8.06062445840514,-12.6506244584051));
#10497=CARTESIAN_POINT('Origin',(6.00000000000043,-7.70000000000017,-12.2900000000002));
#10498=CARTESIAN_POINT('Origin',(6.00000000000022,-7.70000000000023,-12.2900000000014));
#10499=CARTESIAN_POINT('Origin',(6.,-5.9,-12.29));
#10500=CARTESIAN_POINT('Origin',(6.,-8.21,-11.14));
#10501=CARTESIAN_POINT('Origin',(6.,-7.7,-11.14));
#10502=CARTESIAN_POINT('Origin',(6.,-7.7,-6.4));
#10503=CARTESIAN_POINT('Origin',(6.00000000000166,-7.70000000000406,-12.2900000000017));
#10504=CARTESIAN_POINT('Origin',(6.,-7.7,-11.14));
#10505=CARTESIAN_POINT('Origin',(6.,-7.7,-11.14));
#10506=CARTESIAN_POINT('Origin',(6.,-7.7,-11.14));
#10507=CARTESIAN_POINT('Origin',(0.,-7.7,-11.14));
#10508=CARTESIAN_POINT('Origin',(4.31,-7.7,-11.14));
#10509=CARTESIAN_POINT('Origin',(4.31,-7.7,-6.4));
#10510=CARTESIAN_POINT('Origin',(4.31000000000002,-7.69999999999996,-12.04));
#10511=CARTESIAN_POINT('Origin',(4.31,-7.7,-11.14));
#10512=CARTESIAN_POINT('Origin',(4.31,-7.7,-11.14));
#10513=CARTESIAN_POINT('Origin',(4.31,-7.7,-11.14));
#10514=CARTESIAN_POINT('Origin',(4.31,-8.21,-11.14));
#10515=CARTESIAN_POINT('Origin',(4.31,-8.21,-8.64));
#10516=CARTESIAN_POINT('Origin',(4.31,-7.7,-8.64));
#10517=CARTESIAN_POINT('Origin',(4.31,-7.7,-8.64));
#10518=CARTESIAN_POINT('Origin',(4.31,-7.7,-8.64));
#10519=CARTESIAN_POINT('Origin',(4.31,-7.7,-8.64));
#10520=CARTESIAN_POINT('Origin',(4.31,-7.21,-9.12));
#10521=CARTESIAN_POINT('Origin',(4.31,-7.7,-9.12));
#10522=CARTESIAN_POINT('Origin',(4.31,-7.7,-6.4));
#10523=CARTESIAN_POINT('Origin',(4.31,-7.7,-9.12));
#10524=CARTESIAN_POINT('Origin',(0.,-7.7,-8.64));
#10525=CARTESIAN_POINT('Origin',(6.,-7.7,-8.64));
#10526=CARTESIAN_POINT('Origin',(6.,-8.21,-8.64));
#10527=CARTESIAN_POINT('Origin',(6.,-7.7,-8.64));
#10528=CARTESIAN_POINT('Origin',(4.31,-7.7,-9.12));
#10529=CARTESIAN_POINT('Origin',(4.31,-7.7,-9.12));
#10530=CARTESIAN_POINT('Origin',(6.,-7.7,-8.64));
#10531=CARTESIAN_POINT('Origin',(6.,-7.7,-8.64));
#10532=CARTESIAN_POINT('Origin',(6.51,-7.7,-9.12));
#10533=CARTESIAN_POINT('Origin',(6.,-7.7,-9.12));
#10534=CARTESIAN_POINT('Origin',(6.,-7.7,-6.4));
#10535=CARTESIAN_POINT('Origin',(6.,-7.7,-9.12));
#10536=CARTESIAN_POINT('Origin',(6.,-7.7,-9.12));
#10537=CARTESIAN_POINT('Origin',(6.,-7.7,-9.12));
#10538=CARTESIAN_POINT('Origin',(6.,-7.21,-9.12));
#10539=CARTESIAN_POINT('Origin',(4.31,-7.21,-6.62));
#10540=CARTESIAN_POINT('Origin',(4.31,-7.7,-6.62));
#10541=CARTESIAN_POINT('Origin',(4.31,-7.7,-6.62));
#10542=CARTESIAN_POINT('Origin',(4.31,-7.7,-6.62));
#10543=CARTESIAN_POINT('Origin',(6.51,-7.7,-6.62));
#10544=CARTESIAN_POINT('Origin',(6.,-7.7,-6.62));
#10545=CARTESIAN_POINT('Origin',(6.,-7.7,-6.62));
#10546=CARTESIAN_POINT('Origin',(6.,-7.7,-6.62));
#10547=CARTESIAN_POINT('Origin',(6.,-7.21,-6.62));
#10548=CARTESIAN_POINT('Origin',(15.5238304320729,-2.90000000000002,-6.4));
#10549=CARTESIAN_POINT('Origin',(5.06999999999999,1.85,-12.8));
#10550=CARTESIAN_POINT('Origin',(4.56000000000014,-7.70000000000013,-12.2900000000001));
#10551=CARTESIAN_POINT('Origin',(4.55999999999998,-5.90000000000002,-12.29));
#10552=CARTESIAN_POINT('Origin',(-4.35,-5.9,-12.29));
#10553=CARTESIAN_POINT('Origin',(-6.,-5.9,-12.29));
#10554=CARTESIAN_POINT('Origin',(-6.,-5.9,-12.29));
#10555=CARTESIAN_POINT('Origin',(3.11206179139358E-15,-5.9,-12.29));
#10556=CARTESIAN_POINT('Origin',(6.,-5.9,-12.29));
#10557=CARTESIAN_POINT('Origin',(6.,-5.9,-12.29));
#10558=CARTESIAN_POINT('Origin',(-3.11206179139358E-15,-5.9,-0.51));
#10559=CARTESIAN_POINT('Origin',(-6.,-5.9,-0.51));
#10560=CARTESIAN_POINT('Origin',(-6.,-5.9,-0.51));
#10561=CARTESIAN_POINT('Origin',(4.35,-5.9,-0.51));
#10562=CARTESIAN_POINT('Origin',(6.,-5.9,-0.51));
#10563=CARTESIAN_POINT('Origin',(6.,-5.9,-0.51));
#10564=CARTESIAN_POINT('Origin',(0.,-7.7,-12.29));
#10565=CARTESIAN_POINT('Origin',(-6.51,-7.7,-12.29));
#10566=CARTESIAN_POINT('Origin',(0.,-7.7,-0.51));
#10567=CARTESIAN_POINT('Origin',(6.51,-7.7,-0.51));
#10568=CARTESIAN_POINT('',(0.,0.,0.));
#10569=CARTESIAN_POINT('Origin',(0.,0.,-7.6));
#10570=CARTESIAN_POINT('',(-2.895,-3.54535248353159E-16,-7.6));
#10571=CARTESIAN_POINT('Origin',(0.,0.,-7.6));
#10572=CARTESIAN_POINT('',(-2.895,-3.54535248353159E-16,0.));
#10573=CARTESIAN_POINT('',(-2.895,-3.54535248353159E-16,-7.6));
#10574=CARTESIAN_POINT('Origin',(0.,0.,0.));
#10575=CARTESIAN_POINT('Origin',(0.,0.,-7.6));
#10576=CARTESIAN_POINT('',(-4.745,-5.81094906195419E-16,0.));
#10577=CARTESIAN_POINT('Origin',(0.,0.,0.));
#10578=CARTESIAN_POINT('',(-4.745,-5.81094906195419E-16,-7.6));
#10579=CARTESIAN_POINT('',(-4.745,-5.81094906195419E-16,-7.6));
#10580=CARTESIAN_POINT('Origin',(0.,0.,-7.6));
#10581=CARTESIAN_POINT('Origin',(0.,0.,-7.6));
#10582=CARTESIAN_POINT('Origin',(0.,0.,0.));
#10583=CARTESIAN_POINT('',(0.,0.,0.));
#10584=CARTESIAN_POINT('Origin',(-0.15,0.15,-6.22));
#10585=CARTESIAN_POINT('',(-0.15,0.15,0.));
#10586=CARTESIAN_POINT('',(-0.149999999999998,-12.95,0.));
#10587=CARTESIAN_POINT('',(-0.15,0.15,0.));
#10588=CARTESIAN_POINT('',(-0.15,0.15,-6.22));
#10589=CARTESIAN_POINT('',(-0.15,0.15,-6.22));
#10590=CARTESIAN_POINT('',(-0.149999999999998,-12.95,-6.22));
#10591=CARTESIAN_POINT('',(-0.15,0.15,-6.22));
#10592=CARTESIAN_POINT('',(-0.149999999999998,-12.95,-6.22));
#10593=CARTESIAN_POINT('Origin',(-0.15,0.15,-6.22));
#10594=CARTESIAN_POINT('',(13.31,0.15,0.));
#10595=CARTESIAN_POINT('',(-0.15,0.15,0.));
#10596=CARTESIAN_POINT('',(13.31,0.15,-6.22));
#10597=CARTESIAN_POINT('',(13.31,0.15,-6.22));
#10598=CARTESIAN_POINT('',(-0.15,0.15,-6.22));
#10599=CARTESIAN_POINT('Origin',(13.31,0.15,-6.22));
#10600=CARTESIAN_POINT('',(13.31,-12.95,0.));
#10601=CARTESIAN_POINT('',(13.31,0.15,0.));
#10602=CARTESIAN_POINT('',(13.31,-12.95,-6.22));
#10603=CARTESIAN_POINT('',(13.31,-12.95,-6.22));
#10604=CARTESIAN_POINT('',(13.31,0.15,-6.22));
#10605=CARTESIAN_POINT('Origin',(-0.149999999999998,-12.95,-6.22));
#10606=CARTESIAN_POINT('',(-0.149999999999998,-12.95,0.));
#10607=CARTESIAN_POINT('',(-0.149999999999998,-12.95,-6.22));
#10608=CARTESIAN_POINT('Origin',(0.,0.,-6.22));
#10609=CARTESIAN_POINT('',(13.16,0.,-6.22));
#10610=CARTESIAN_POINT('',(0.,0.,-6.22));
#10611=CARTESIAN_POINT('',(0.,0.,-6.22));
#10612=CARTESIAN_POINT('',(1.56754790290861E-15,-12.8,-6.22));
#10613=CARTESIAN_POINT('',(0.,0.,-6.22));
#10614=CARTESIAN_POINT('',(13.16,-12.8,-6.22));
#10615=CARTESIAN_POINT('',(1.56754790290861E-15,-12.8,-6.22));
#10616=CARTESIAN_POINT('',(13.16,0.,-6.22));
#10617=CARTESIAN_POINT('Origin',(0.,0.,0.));
#10618=CARTESIAN_POINT('',(0.,0.,0.));
#10619=CARTESIAN_POINT('',(1.56754696545739E-15,-12.8,0.));
#10620=CARTESIAN_POINT('',(0.,0.,0.));
#10621=CARTESIAN_POINT('',(13.16,0.,0.));
#10622=CARTESIAN_POINT('',(0.,0.,0.));
#10623=CARTESIAN_POINT('',(13.16,-12.8,0.));
#10624=CARTESIAN_POINT('',(13.16,0.,0.));
#10625=CARTESIAN_POINT('',(1.56754790290861E-15,-12.8,0.));
#10626=CARTESIAN_POINT('Origin',(0.,0.,-6.22));
#10627=CARTESIAN_POINT('',(1.56754790290861E-15,-12.8,-6.22));
#10628=CARTESIAN_POINT('',(0.,0.,-6.22));
#10629=CARTESIAN_POINT('Origin',(0.,0.,-6.22));
#10630=CARTESIAN_POINT('',(13.16,0.,-6.22));
#10631=CARTESIAN_POINT('Origin',(13.16,0.,-6.22));
#10632=CARTESIAN_POINT('',(13.16,-12.8,-6.22));
#10633=CARTESIAN_POINT('Origin',(1.56754790290861E-15,-12.8,-6.22));
#10634=CARTESIAN_POINT('',(0.,0.,0.));
#10635=CARTESIAN_POINT('Origin',(6.5,0.,2.08));
#10636=CARTESIAN_POINT('',(4.24,-2.76770176607302E-16,6.58));
#10637=CARTESIAN_POINT('Origin',(6.5,0.,6.58));
#10638=CARTESIAN_POINT('',(4.24,-2.76770176607302E-16,2.08));
#10639=CARTESIAN_POINT('',(4.24,-2.76770176607302E-16,2.08));
#10640=CARTESIAN_POINT('Origin',(6.5,0.,2.08));
#10641=CARTESIAN_POINT('Origin',(0.,6.4,6.58));
#10642=CARTESIAN_POINT('',(8.99,6.4,0.));
#10643=CARTESIAN_POINT('',(0.79,6.4,0.));
#10644=CARTESIAN_POINT('',(0.,6.4,0.));
#10645=CARTESIAN_POINT('',(0.79,6.4,6.58));
#10646=CARTESIAN_POINT('',(0.79,6.4,6.58));
#10647=CARTESIAN_POINT('',(8.99,6.4,6.58));
#10648=CARTESIAN_POINT('',(0.,6.4,6.58));
#10649=CARTESIAN_POINT('',(8.99,6.4,6.58));
#10650=CARTESIAN_POINT('Origin',(1.56754790290861E-15,-6.4,6.58));
#10651=CARTESIAN_POINT('',(9.67470971326409E-17,5.61,6.58));
#10652=CARTESIAN_POINT('',(1.47080080577597E-15,-5.61,6.58));
#10653=CARTESIAN_POINT('',(1.56754790290861E-15,-6.4,6.58));
#10654=CARTESIAN_POINT('',(9.67470971326409E-17,5.61,0.));
#10655=CARTESIAN_POINT('',(9.67470971326407E-17,5.61,6.58));
#10656=CARTESIAN_POINT('',(1.47080080577597E-15,-5.61,0.));
#10657=CARTESIAN_POINT('',(1.56754790290861E-15,-6.4,0.));
#10658=CARTESIAN_POINT('',(1.47080080577597E-15,-5.61,6.58));
#10659=CARTESIAN_POINT('Origin',(1.56754790290861E-15,-6.4,6.58));
#10660=CARTESIAN_POINT('',(0.790000000000002,-6.4,6.58));
#10661=CARTESIAN_POINT('',(8.99,-6.4,6.58));
#10662=CARTESIAN_POINT('',(1.56754790290861E-15,-6.4,6.58));
#10663=CARTESIAN_POINT('',(0.790000000000002,-6.4,0.));
#10664=CARTESIAN_POINT('',(0.790000000000002,-6.4,6.58));
#10665=CARTESIAN_POINT('',(8.99,-6.4,0.));
#10666=CARTESIAN_POINT('',(1.56754790290861E-15,-6.4,0.));
#10667=CARTESIAN_POINT('',(8.99,-6.4,6.58));
#10668=CARTESIAN_POINT('Origin',(8.99,6.4,6.58));
#10669=CARTESIAN_POINT('',(8.99,-5.155,2.08));
#10670=CARTESIAN_POINT('',(8.99,5.155,2.08));
#10671=CARTESIAN_POINT('',(8.99,5.155,2.08));
#10672=CARTESIAN_POINT('',(8.99,-5.155,6.58));
#10673=CARTESIAN_POINT('',(8.99,-5.155,2.08));
#10674=CARTESIAN_POINT('',(8.99,6.4,6.58));
#10675=CARTESIAN_POINT('',(8.99,6.4,0.));
#10676=CARTESIAN_POINT('',(8.99,5.155,6.58));
#10677=CARTESIAN_POINT('',(8.99,6.4,6.58));
#10678=CARTESIAN_POINT('',(8.99,5.155,2.08));
#10679=CARTESIAN_POINT('Origin',(0.,6.4,6.58));
#10680=CARTESIAN_POINT('',(6.5,-5.155,6.58));
#10681=CARTESIAN_POINT('',(8.99,-5.155,6.58));
#10682=CARTESIAN_POINT('',(6.5,5.155,6.58));
#10683=CARTESIAN_POINT('Origin',(6.5,0.,6.58));
#10684=CARTESIAN_POINT('',(6.5,5.155,6.58));
#10685=CARTESIAN_POINT('Origin',(0.79,5.61,6.58));
#10686=CARTESIAN_POINT('Origin',(0.790000000000001,-5.61,6.58));
#10687=CARTESIAN_POINT('Origin',(0.,6.4,0.));
#10688=CARTESIAN_POINT('Origin',(0.79,5.61,0.));
#10689=CARTESIAN_POINT('Origin',(0.790000000000001,-5.61,0.));
#10690=CARTESIAN_POINT('Origin',(0.79,5.61,6.58));
#10691=CARTESIAN_POINT('Origin',(0.790000000000001,-5.61,6.58));
#10692=CARTESIAN_POINT('Origin',(8.99,-5.155,2.08));
#10693=CARTESIAN_POINT('',(6.5,-5.155,2.08));
#10694=CARTESIAN_POINT('',(8.99,-5.155,2.08));
#10695=CARTESIAN_POINT('',(6.5,-5.155,2.08));
#10696=CARTESIAN_POINT('Origin',(6.5,0.,2.08));
#10697=CARTESIAN_POINT('',(6.5,5.155,2.08));
#10698=CARTESIAN_POINT('Origin',(6.5,0.,2.08));
#10699=CARTESIAN_POINT('',(6.5,5.155,2.08));
#10700=CARTESIAN_POINT('Origin',(6.5,5.155,2.08));
#10701=CARTESIAN_POINT('',(6.5,5.155,2.08));
#10702=CARTESIAN_POINT('Origin',(6.5,0.,2.08));
#10703=CARTESIAN_POINT('Origin',(0.,6.4,6.58));
#10704=CARTESIAN_POINT('',(-8.875,8.35999999999997,-13.13));
#10705=CARTESIAN_POINT('',(-12.675,5.45999999999999,-6.73000000000001));
#10706=CARTESIAN_POINT('',(-15.455,11.96,-6.73));
#10707=CARTESIAN_POINT('',(-15.455,10.575,-13.13));
#10708=CARTESIAN_POINT('',(-2.295,11.96,-6.73));
#10709=UNCERTAINTY_MEASURE_WITH_UNIT(LENGTH_MEASURE(0.01),#10721,
'DISTANCE_ACCURACY_VALUE',
'Maximum model space distance between geometric entities at asserted c
onnectivities');
#10710=UNCERTAINTY_MEASURE_WITH_UNIT(LENGTH_MEASURE(0.01),#10721,
'DISTANCE_ACCURACY_VALUE',
'Maximum model space distance between geometric entities at asserted c
onnectivities');
#10711=UNCERTAINTY_MEASURE_WITH_UNIT(LENGTH_MEASURE(0.01),#10721,
'DISTANCE_ACCURACY_VALUE',
'Maximum model space distance between geometric entities at asserted c
onnectivities');
#10712=UNCERTAINTY_MEASURE_WITH_UNIT(LENGTH_MEASURE(0.01),#10721,
'DISTANCE_ACCURACY_VALUE',
'Maximum model space distance between geometric entities at asserted c
onnectivities');
#10713=UNCERTAINTY_MEASURE_WITH_UNIT(LENGTH_MEASURE(0.01),#10721,
'DISTANCE_ACCURACY_VALUE',
'Maximum model space distance between geometric entities at asserted c
onnectivities');
#10714=UNCERTAINTY_MEASURE_WITH_UNIT(LENGTH_MEASURE(0.01),#10721,
'DISTANCE_ACCURACY_VALUE',
'Maximum model space distance between geometric entities at asserted c
onnectivities');
#10715=(
GEOMETRIC_REPRESENTATION_CONTEXT(3)
GLOBAL_UNCERTAINTY_ASSIGNED_CONTEXT((#10709))
GLOBAL_UNIT_ASSIGNED_CONTEXT((#10721,#10723,#10724))
REPRESENTATION_CONTEXT('','3D')
);
#10716=(
GEOMETRIC_REPRESENTATION_CONTEXT(3)
GLOBAL_UNCERTAINTY_ASSIGNED_CONTEXT((#10710))
GLOBAL_UNIT_ASSIGNED_CONTEXT((#10721,#10723,#10724))
REPRESENTATION_CONTEXT('','3D')
);
#10717=(
GEOMETRIC_REPRESENTATION_CONTEXT(3)
GLOBAL_UNCERTAINTY_ASSIGNED_CONTEXT((#10711))
GLOBAL_UNIT_ASSIGNED_CONTEXT((#10721,#10723,#10724))
REPRESENTATION_CONTEXT('','3D')
);
#10718=(
GEOMETRIC_REPRESENTATION_CONTEXT(3)
GLOBAL_UNCERTAINTY_ASSIGNED_CONTEXT((#10712))
GLOBAL_UNIT_ASSIGNED_CONTEXT((#10721,#10723,#10724))
REPRESENTATION_CONTEXT('','3D')
);
#10719=(
GEOMETRIC_REPRESENTATION_CONTEXT(3)
GLOBAL_UNCERTAINTY_ASSIGNED_CONTEXT((#10713))
GLOBAL_UNIT_ASSIGNED_CONTEXT((#10721,#10723,#10724))
REPRESENTATION_CONTEXT('','3D')
);
#10720=(
GEOMETRIC_REPRESENTATION_CONTEXT(3)
GLOBAL_UNCERTAINTY_ASSIGNED_CONTEXT((#10714))
GLOBAL_UNIT_ASSIGNED_CONTEXT((#10721,#10723,#10724))
REPRESENTATION_CONTEXT('','3D')
);
#10721=(
LENGTH_UNIT()
NAMED_UNIT(*)
SI_UNIT(.MILLI.,.METRE.)
);
#10722=(
LENGTH_UNIT()
NAMED_UNIT(*)
SI_UNIT($,.METRE.)
);
#10723=(
NAMED_UNIT(*)
PLANE_ANGLE_UNIT()
SI_UNIT($,.RADIAN.)
);
#10724=(
NAMED_UNIT(*)
SI_UNIT($,.STERADIAN.)
SOLID_ANGLE_UNIT()
);
#10725=SHAPE_DEFINITION_REPRESENTATION(#10730,#10740);
#10726=SHAPE_DEFINITION_REPRESENTATION(#10731,#10741);
#10727=SHAPE_DEFINITION_REPRESENTATION(#10732,#10742);
#10728=SHAPE_DEFINITION_REPRESENTATION(#10733,#10743);
#10729=SHAPE_DEFINITION_REPRESENTATION(#10734,#10744);
#10730=PRODUCT_DEFINITION_SHAPE('',$,#10746);
#10731=PRODUCT_DEFINITION_SHAPE('',$,#10747);
#10732=PRODUCT_DEFINITION_SHAPE('',$,#10748);
#10733=PRODUCT_DEFINITION_SHAPE('',$,#10749);
#10734=PRODUCT_DEFINITION_SHAPE('',$,#10750);
#10735=PRODUCT_DEFINITION_SHAPE($,$,#26);
#10736=PRODUCT_DEFINITION_SHAPE($,$,#27);
#10737=PRODUCT_DEFINITION_SHAPE($,$,#28);
#10738=PRODUCT_DEFINITION_SHAPE($,$,#29);
#10739=PRODUCT_DEFINITION_SHAPE($,$,#30);
#10740=SHAPE_REPRESENTATION('',(#6384,#7012,#7013,#7014,#7015,#7016),#10715);
#10741=SHAPE_REPRESENTATION('',(#6385),#10716);
#10742=SHAPE_REPRESENTATION('',(#6969),#10717);
#10743=SHAPE_REPRESENTATION('',(#6978),#10718);
#10744=SHAPE_REPRESENTATION('',(#6989),#10719);
#10745=PRODUCT_DEFINITION_CONTEXT('part definition',#10762,'design');
#10746=PRODUCT_DEFINITION('EP13_5465','(Unsaved)',#10751,#10745);
#10747=PRODUCT_DEFINITION('070-5465_6A','070-5465_6A',#10752,#10745);
#10748=PRODUCT_DEFINITION('070-5465_coil','070-5465_coil',#10753,#10745);
#10749=PRODUCT_DEFINITION('440-9988-2363','440-9988-2363',#10754,#10745);
#10750=PRODUCT_DEFINITION('150-2363_6A','150-2363_6A',#10755,#10745);
#10751=PRODUCT_DEFINITION_FORMATION('',$,#10764);
#10752=PRODUCT_DEFINITION_FORMATION('',$,#10765);
#10753=PRODUCT_DEFINITION_FORMATION('',$,#10766);
#10754=PRODUCT_DEFINITION_FORMATION('',$,#10767);
#10755=PRODUCT_DEFINITION_FORMATION('',$,#10768);
#10756=PRODUCT_RELATED_PRODUCT_CATEGORY('(Unsaved)','(Unsaved)',(#10764));
#10757=PRODUCT_RELATED_PRODUCT_CATEGORY('070-5465_6A','070-5465_6A',(#10765));
#10758=PRODUCT_RELATED_PRODUCT_CATEGORY('070-5465_coil','070-5465_coil',
(#10766));
#10759=PRODUCT_RELATED_PRODUCT_CATEGORY('440-9988-2363','440-9988-2363',
(#10767));
#10760=PRODUCT_RELATED_PRODUCT_CATEGORY('150-2363_6A','150-2363_6A',(#10768));
#10761=APPLICATION_PROTOCOL_DEFINITION('international standard',
'automotive_design',2009,#10762);
#10762=APPLICATION_CONTEXT(
'Core Data for Automotive Mechanical Design Process');
#10763=PRODUCT_CONTEXT('part definition',#10762,'mechanical');
#10764=PRODUCT('EP13_5465','(Unsaved)','STEP AP214',(#10763));
#10765=PRODUCT('070-5465_6A','070-5465_6A',$,(#10763));
#10766=PRODUCT('070-5465_coil','070-5465_coil',$,(#10763));
#10767=PRODUCT('440-9988-2363','440-9988-2363',$,(#10763));
#10768=PRODUCT('150-2363_6A','150-2363_6A',$,(#10763));
#10769=PRESENTATION_STYLE_ASSIGNMENT((#10773));
#10770=PRESENTATION_STYLE_ASSIGNMENT((#10774));
#10771=PRESENTATION_STYLE_ASSIGNMENT((#10775));
#10772=PRESENTATION_STYLE_ASSIGNMENT((#10776));
#10773=SURFACE_STYLE_USAGE(.BOTH.,#10777);
#10774=SURFACE_STYLE_USAGE(.BOTH.,#10778);
#10775=SURFACE_STYLE_USAGE(.BOTH.,#10779);
#10776=SURFACE_STYLE_USAGE(.BOTH.,#10780);
#10777=SURFACE_SIDE_STYLE('',(#10781));
#10778=SURFACE_SIDE_STYLE('',(#10782));
#10779=SURFACE_SIDE_STYLE('',(#10783));
#10780=SURFACE_SIDE_STYLE('',(#10784));
#10781=SURFACE_STYLE_FILL_AREA(#10785);
#10782=SURFACE_STYLE_FILL_AREA(#10786);
#10783=SURFACE_STYLE_FILL_AREA(#10787);
#10784=SURFACE_STYLE_FILL_AREA(#10788);
#10785=FILL_AREA_STYLE('Steel - Satin',(#10789));
#10786=FILL_AREA_STYLE('Opaque(64,64,64)',(#10790));
#10787=FILL_AREA_STYLE('Opaque(192,192,192)',(#10791));
#10788=FILL_AREA_STYLE('Opaque(255,255,0)',(#10792));
#10789=FILL_AREA_STYLE_COLOUR('Steel - Satin',#10793);
#10790=FILL_AREA_STYLE_COLOUR('Opaque(64,64,64)',#10794);
#10791=FILL_AREA_STYLE_COLOUR('Opaque(192,192,192)',#10795);
#10792=FILL_AREA_STYLE_COLOUR('Opaque(255,255,0)',#10796);
#10793=COLOUR_RGB('Steel - Satin',0.627450980392157,0.627450980392157,0.627450980392157);
#10794=COLOUR_RGB('Opaque(64,64,64)',0.250980392156863,0.250980392156863,
0.250980392156863);
#10795=COLOUR_RGB('Opaque(192,192,192)',0.752941176470588,0.752941176470588,
0.752941176470588);
#10796=COLOUR_RGB('Opaque(255,255,0)',1.,1.,0.);
ENDSEC;
END-ISO-10303-21;
