ISO-10303-21;
HEADER;
FILE_DESCRIPTION (( 'STEP AP214' ),
    '1' );
FILE_NAME ('YA9037-ALD.STEP',
    '2024-04-05T20:44:20',
    ( '' ),
    ( '' ),
    'SwSTEP 2.0',
    'SolidWorks 2021',
    '' );
FILE_SCHEMA (( 'AUTOMOTIVE_DESIGN' ));
ENDSEC;

DATA;
#1 = CARTESIAN_POINT ( 'NONE',  ( -3.650000000000000355, 1.374999999999999556, 1.544999999999999485 ) ) ;
#2 = AXIS2_PLACEMENT_3D ( 'NONE', #1412, #1337, #2932 ) ;
#3 = LINE ( 'NONE', #1767, #2985 ) ;
#4 = PLANE ( 'NONE',  #1151 ) ;
#5 = CARTESIAN_POINT ( 'NONE',  ( -4.050000000000000711, 1.084202172485504434E-16, 4.034999999999999254 ) ) ;
#6 = VERTEX_POINT ( 'NONE', #1925 ) ;
#7 = DIRECTION ( 'NONE',  ( -1.000000000000000000, -1.119176436114063908E-15, 0.000000000000000000 ) ) ;
#8 = AXIS2_PLACEMENT_3D ( 'NONE', #1449, #2679, #4167 ) ;
#9 = MECHANICAL_DESIGN_GEOMETRIC_PRESENTATION_REPRESENTATION (  '', ( #2850 ), #3069 ) ;
#10 = DIRECTION ( 'NONE',  ( -0.000000000000000000, -0.000000000000000000, -1.000000000000000000 ) ) ;
#11 = ORIENTED_EDGE ( 'NONE', *, *, #882, .T. ) ;
#12 = VERTEX_POINT ( 'NONE', #1545 ) ;
#13 = ORIENTED_EDGE ( 'NONE', *, *, #4412, .T. ) ;
#14 = ORIENTED_EDGE ( 'NONE', *, *, #1705, .T. ) ;
#15 = MECHANICAL_DESIGN_GEOMETRIC_PRESENTATION_REPRESENTATION (  '', ( #4488 ), #3756 ) ;
#16 = VECTOR ( 'NONE', #1746, 1000.000000000000000 ) ;
#17 = CARTESIAN_POINT ( 'NONE',  ( -3.950000000000000178, 0.3000000000000000444, -0.9450000000000005063 ) ) ;
#18 = PLANE ( 'NONE',  #604 ) ;
#19 = CIRCLE ( 'NONE', #2703, 0.2999999999999999334 ) ;
#20 = UNCERTAINTY_MEASURE_WITH_UNIT (LENGTH_MEASURE( 1.000000000000000082E-05 ), #1414, 'distance_accuracy_value', 'NONE');
#21 = EDGE_CURVE ( 'NONE', #819, #3074, #4288, .T. ) ;
#22 = DIRECTION ( 'NONE',  ( 0.000000000000000000, 0.000000000000000000, 1.000000000000000000 ) ) ;
#23 = DIRECTION ( 'NONE',  ( -2.065146995210483955E-16, -1.000000000000000000, 0.000000000000000000 ) ) ;
#24 = FACE_OUTER_BOUND ( 'NONE', #798, .T. ) ;
#25 = CLOSED_SHELL ( 'NONE', ( #4198, #3276, #1275, #2414, #4593, #560 ) ) ;
#26 = ORIENTED_EDGE ( 'NONE', *, *, #4294, .T. ) ;
#27 = ORIENTED_EDGE ( 'NONE', *, *, #1348, .T. ) ;
#28 = LINE ( 'NONE', #3322, #546 ) ;
#29 = AXIS2_PLACEMENT_3D ( 'NONE', #3198, #1686, #3959 ) ;
#30 = CYLINDRICAL_SURFACE ( 'NONE', #4170, 0.3000000000000007661 ) ;
#31 = EDGE_CURVE ( 'NONE', #3382, #1920, #3956, .T. ) ;
#32 = CARTESIAN_POINT ( 'NONE',  ( 4.049999999999998934, -4.226590478018756734E-15, -0.9450000000000005063 ) ) ;
#33 = ADVANCED_FACE ( 'NONE', ( #4210 ), #3817, .T. ) ;
#34 = ADVANCED_FACE ( 'NONE', ( #1646 ), #4657, .F. ) ;
#35 = CARTESIAN_POINT ( 'NONE',  ( -3.650000000000000355, 1.074999999999999289, -1.545000000000000373 ) ) ;
#36 = ORIENTED_EDGE ( 'NONE', *, *, #3443, .F. ) ;
#37 = ORIENTED_EDGE ( 'NONE', *, *, #267, .T. ) ;
#38 = CARTESIAN_POINT ( 'NONE',  ( -1.508958292086519215, 1.590591360145316990, 3.863412691626985307 ) ) ;
#39 = PLANE ( 'NONE',  #4565 ) ;
#40 = ORIENTED_EDGE ( 'NONE', *, *, #1966, .F. ) ;
#41 = ADVANCED_FACE ( 'NONE', ( #3051 ), #4237, .F. ) ;
#42 = ORIENTED_EDGE ( 'NONE', *, *, #2656, .F. ) ;
#43 = EDGE_LOOP ( 'NONE', ( #2451, #2178, #2673, #3500 ) ) ;
#44 = VERTEX_POINT ( 'NONE', #3144 ) ;
#45 = CARTESIAN_POINT ( 'NONE',  ( -2.200000000000004619, 10.50000000000000000, -4.649999999999999467 ) ) ;
#46 = DIRECTION ( 'NONE',  ( -1.000000000000000000, -0.000000000000000000, -0.000000000000000000 ) ) ;
#47 = FACE_OUTER_BOUND ( 'NONE', #1242, .T. ) ;
#48 = LINE ( 'NONE', #2288, #2465 ) ;
#49 = DIRECTION ( 'NONE',  ( 1.000000000000000000, 0.000000000000000000, 0.000000000000000000 ) ) ;
#50 = VERTEX_POINT ( 'NONE', #162 ) ;
#51 = DIRECTION ( 'NONE',  ( -0.000000000000000000, -1.000000000000000000, -0.000000000000000000 ) ) ;
#52 = DIRECTION ( 'NONE',  ( -0.000000000000000000, -0.000000000000000000, -1.000000000000000000 ) ) ;
#53 = LINE ( 'NONE', #154, #2585 ) ;
#54 = ORIENTED_EDGE ( 'NONE', *, *, #1762, .T. ) ;
#55 = ORIENTED_EDGE ( 'NONE', *, *, #4663, .T. ) ;
#56 = AXIS2_PLACEMENT_3D ( 'NONE', #207, #1364, #1769 ) ;
#57 = CARTESIAN_POINT ( 'NONE',  ( -3.300000000000003819, 1.374999999999999556, 4.034999999999999254 ) ) ;
#58 = EDGE_CURVE ( 'NONE', #2358, #2930, #1950, .T. ) ;
#59 = DIRECTION ( 'NONE',  ( 1.445602896647339163E-16, 1.000000000000000000, -0.000000000000000000 ) ) ;
#60 = VERTEX_POINT ( 'NONE', #491 ) ;
#61 = VECTOR ( 'NONE', #4519, 1000.000000000000000 ) ;
#62 = ORIENTED_EDGE ( 'NONE', *, *, #1448, .T. ) ;
#63 = ORIENTED_EDGE ( 'NONE', *, *, #3373, .F. ) ;
#64 = EDGE_CURVE ( 'NONE', #1293, #3168, #2055, .T. ) ;
#65 = VECTOR ( 'NONE', #218, 1000.000000000000000 ) ;
#66 =( GEOMETRIC_REPRESENTATION_CONTEXT ( 3 ) GLOBAL_UNCERTAINTY_ASSIGNED_CONTEXT ( ( #2187 ) ) GLOBAL_UNIT_ASSIGNED_CONTEXT ( ( #4512, #3417, #1932 ) ) REPRESENTATION_CONTEXT ( 'NONE', 'WORKASPACE' ) );
#67 = PLANE ( 'NONE',  #556 ) ;
#68 = DIRECTION ( 'NONE',  ( -0.000000000000000000, -0.000000000000000000, -1.000000000000000000 ) ) ;
#69 = AXIS2_PLACEMENT_3D ( 'NONE', #2833, #3603, #4352 ) ;
#70 = CARTESIAN_POINT ( 'NONE',  ( 4.649999999999998579, -4.336808689942017736E-15, 4.034999999999999254 ) ) ;
#71 = PLANE ( 'NONE',  #713 ) ;
#72 = DIRECTION ( 'NONE',  ( -0.000000000000000000, 1.000000000000000000, -0.000000000000000000 ) ) ;
#73 = ORIENTED_EDGE ( 'NONE', *, *, #4550, .F. ) ;
#74 = DIRECTION ( 'NONE',  ( 1.000000000000000000, 1.836970198721029688E-16, -0.000000000000000000 ) ) ;
#75 = CARTESIAN_POINT ( 'NONE',  ( -4.650000000000000355, 0.2000000000000000111, -0.9450000000000005063 ) ) ;
#76 = EDGE_CURVE ( 'NONE', #2443, #271, #4628, .T. ) ;
#77 = DIRECTION ( 'NONE',  ( -0.000000000000000000, -0.000000000000000000, -1.000000000000000000 ) ) ;
#78 = VERTEX_POINT ( 'NONE', #2428 ) ;
#79 = ORIENTED_EDGE ( 'NONE', *, *, #856, .T. ) ;
#80 = VECTOR ( 'NONE', #4819, 1000.000000000000000 ) ;
#81 = CARTESIAN_POINT ( 'NONE',  ( -1.800000000000004263, 1.799999999999999600, 4.500000000000000000 ) ) ;
#82 = DIRECTION ( 'NONE',  ( -0.000000000000000000, -0.000000000000000000, -1.000000000000000000 ) ) ;
#83 = DIRECTION ( 'NONE',  ( 0.000000000000000000, 0.000000000000000000, 1.000000000000000000 ) ) ;
#84 = EDGE_CURVE ( 'NONE', #4139, #2167, #3543, .T. ) ;
#85 = CARTESIAN_POINT ( 'NONE',  ( 3.750000000000000888, 1.074999999999999289, -0.9450000000000005063 ) ) ;
#86 = ORIENTED_EDGE ( 'NONE', *, *, #1479, .T. ) ;
#87 = ORIENTED_EDGE ( 'NONE', *, *, #1448, .F. ) ;
#88 = EDGE_LOOP ( 'NONE', ( #4183, #894, #486, #2871 ) ) ;
#89 = AXIS2_PLACEMENT_3D ( 'NONE', #1324, #3724, #2208 ) ;
#90 = VECTOR ( 'NONE', #3875, 1000.000000000000000 ) ;
#91 = DIRECTION ( 'NONE',  ( -0.000000000000000000, -0.000000000000000000, -1.000000000000000000 ) ) ;
#92 = VECTOR ( 'NONE', #4685, 1000.000000000000000 ) ;
#93 = ADVANCED_FACE ( 'NONE', ( #1248 ), #464, .T. ) ;
#94 = ADVANCED_FACE ( 'NONE', ( #3920 ), #2726, .T. ) ;
#95 = CARTESIAN_POINT ( 'NONE',  ( -3.650000000000000355, 1.074999999999999289, -0.9450000000000005063 ) ) ;
#96 = STYLED_ITEM ( 'NONE', ( #4153 ), #1845 ) ;
#97 = LINE ( 'NONE', #1958, #4457 ) ;
#98 = CARTESIAN_POINT ( 'NONE',  ( 3.650000000000000355, 1.074999999999999289, 3.434999999999999609 ) ) ;
#99 = DIRECTION ( 'NONE',  ( -0.000000000000000000, -0.000000000000000000, -1.000000000000000000 ) ) ;
#100 = ORIENTED_EDGE ( 'NONE', *, *, #1697, .T. ) ;
#101 = VECTOR ( 'NONE', #3065, 1000.000000000000000 ) ;
#102 = EDGE_LOOP ( 'NONE', ( #1802, #4740, #3483, #925 ) ) ;
#103 = VERTEX_POINT ( 'NONE', #850 ) ;
#104 = CARTESIAN_POINT ( 'NONE',  ( -3.650000000000000355, 1.174999999999999156, 4.034999999999999254 ) ) ;
#105 = PLANE ( 'NONE',  #1484 ) ;
#106 = LINE ( 'NONE', #4228, #1419 ) ;
#107 = CARTESIAN_POINT ( 'NONE',  ( -1.800000000000004263, 1.799999999999999600, 4.799999999999999822 ) ) ;
#108 = ORIENTED_EDGE ( 'NONE', *, *, #4830, .T. ) ;
#109 = VERTEX_POINT ( 'NONE', #1169 ) ;
#110 = DIRECTION ( 'NONE',  ( -0.000000000000000000, 1.000000000000000000, -0.000000000000000000 ) ) ;
#111 = LINE ( 'NONE', #2700, #1176 ) ;
#112 = CARTESIAN_POINT ( 'NONE',  ( 3.650000000000000355, 1.074999999999999289, 1.544999999999999485 ) ) ;
#113 = CARTESIAN_POINT ( 'NONE',  ( 3.750000000000000888, 1.074999999999999289, -4.035000000000000142 ) ) ;
#114 = VERTEX_POINT ( 'NONE', #4187 ) ;
#115 = ORIENTED_EDGE ( 'NONE', *, *, #58, .T. ) ;
#116 = DIRECTION ( 'NONE',  ( -0.000000000000000000, -0.000000000000000000, -1.000000000000000000 ) ) ;
#117 = EDGE_CURVE ( 'NONE', #50, #1888, #1571, .T. ) ;
#118 = LINE ( 'NONE', #140, #3535 ) ;
#119 = CARTESIAN_POINT ( 'NONE',  ( -3.300000000000003819, 1.174999999999999378, -4.035000000000000142 ) ) ;
#120 = ORIENTED_EDGE ( 'NONE', *, *, #3899, .F. ) ;
#121 = EDGE_CURVE ( 'NONE', #3222, #2013, #3867, .T. ) ;
#122 = DIRECTION ( 'NONE',  ( 1.000000000000000000, 6.195440985631514482E-16, -0.000000000000000000 ) ) ;
#123 = CARTESIAN_POINT ( 'NONE',  ( 3.300000000000004263, 1.799999999999999600, -4.799999999999999822 ) ) ;
#124 = DIRECTION ( 'NONE',  ( -1.000000000000000000, 0.000000000000000000, 0.000000000000000000 ) ) ;
#125 = ORIENTED_EDGE ( 'NONE', *, *, #4235, .F. ) ;
#126 = CARTESIAN_POINT ( 'NONE',  ( 3.650000000000000355, 1.174999999999999378, 1.544999999999999485 ) ) ;
#127 = EDGE_CURVE ( 'NONE', #3646, #1116, #3124, .T. ) ;
#128 = SURFACE_SIDE_STYLE ('',( #2369 ) ) ;
#129 = DIRECTION ( 'NONE',  ( -0.000000000000000000, -0.000000000000000000, -1.000000000000000000 ) ) ;
#130 = LINE ( 'NONE', #2344, #667 ) ;
#131 = EDGE_LOOP ( 'NONE', ( #2153, #390 ) ) ;
#132 = EDGE_LOOP ( 'NONE', ( #3325, #3762, #4480, #1837 ) ) ;
#133 = CARTESIAN_POINT ( 'NONE',  ( -1.800000000000004263, 1.649999999999999467, -3.941933006589728006 ) ) ;
#134 = FACE_OUTER_BOUND ( 'NONE', #2976, .T. ) ;
#135 = CARTESIAN_POINT ( 'NONE',  ( 3.300000000000003819, 1.174999999999999378, 3.434999999999999609 ) ) ;
#136 = FACE_OUTER_BOUND ( 'NONE', #752, .T. ) ;
#137 = ORIENTED_EDGE ( 'NONE', *, *, #3094, .F. ) ;
#138 = VERTEX_POINT ( 'NONE', #3515 ) ;
#139 = CARTESIAN_POINT ( 'NONE',  ( -3.300000000000003819, 1.174999999999999378, -0.9450000000000005063 ) ) ;
#140 = CARTESIAN_POINT ( 'NONE',  ( 3.300000000000004263, 1.799999999999999600, 4.799999999999999822 ) ) ;
#141 = EDGE_CURVE ( 'NONE', #2545, #4584, #2355, .T. ) ;
#142 = ORIENTED_EDGE ( 'NONE', *, *, #4498, .T. ) ;
#143 = AXIS2_PLACEMENT_3D ( 'NONE', #1842, #3735, #345 ) ;
#144 = STYLED_ITEM ( 'NONE', ( #4220 ), #3385 ) ;
#145 = VECTOR ( 'NONE', #2336, 1000.000000000000000 ) ;
#146 = LINE ( 'NONE', #3268, #3386 ) ;
#147 = EDGE_CURVE ( 'NONE', #1037, #3133, #4491, .T. ) ;
#148 = CARTESIAN_POINT ( 'NONE',  ( -2.999999999999997335, 1.799999999999999600, -5.099999999999999645 ) ) ;
#149 = VERTEX_POINT ( 'NONE', #3186 ) ;
#150 = EDGE_CURVE ( 'NONE', #1515, #1587, #339, .T. ) ;
#151 = CARTESIAN_POINT ( 'NONE',  ( 4.649999999999998579, -4.336808689942017736E-15, -4.035000000000000142 ) ) ;
#152 = DIRECTION ( 'NONE',  ( 1.000000000000000000, 0.000000000000000000, -0.000000000000000000 ) ) ;
#153 = EDGE_CURVE ( 'NONE', #1609, #804, #692, .T. ) ;
#154 = CARTESIAN_POINT ( 'NONE',  ( -0.01500000000000112355, 0.000000000000000000, 5.099999999999999645 ) ) ;
#155 = EDGE_CURVE ( 'NONE', #1546, #1610, #257, .T. ) ;
#156 = VERTEX_POINT ( 'NONE', #4702 ) ;
#157 = EDGE_CURVE ( 'NONE', #2843, #4353, #3972, .T. ) ;
#158 = EDGE_LOOP ( 'NONE', ( #2632, #3835, #2142, #2875 ) ) ;
#159 = CARTESIAN_POINT ( 'NONE',  ( -3.300000000000003819, 1.374999999999999556, -4.035000000000000142 ) ) ;
#160 = PLANE ( 'NONE',  #1573 ) ;
#161 = ORIENTED_EDGE ( 'NONE', *, *, #3118, .F. ) ;
#162 = CARTESIAN_POINT ( 'NONE',  ( -3.300000000000003819, 1.374999999999999556, -0.9450000000000005063 ) ) ;
#163 = CARTESIAN_POINT ( 'NONE',  ( 3.650000000000000355, 1.174999999999999378, 1.544999999999999485 ) ) ;
#164 = ORIENTED_EDGE ( 'NONE', *, *, #31, .F. ) ;
#165 = ORIENTED_EDGE ( 'NONE', *, *, #1053, .T. ) ;
#166 = CARTESIAN_POINT ( 'NONE',  ( -4.050000000000000711, 1.084202172485504434E-16, 1.544999999999999485 ) ) ;
#167 = CIRCLE ( 'NONE', #2, 0.09999999999999939493 ) ;
#168 = DIRECTION ( 'NONE',  ( 0.000000000000000000, 0.000000000000000000, 1.000000000000000000 ) ) ;
#169 = VECTOR ( 'NONE', #2643, 1000.000000000000000 ) ;
#170 = CARTESIAN_POINT ( 'NONE',  ( 3.650000000000000355, 1.174999999999999378, -4.035000000000000142 ) ) ;
#171 = CARTESIAN_POINT ( 'NONE',  ( 3.950000000000001954, 0.2999999999999957145, 4.034999999999999254 ) ) ;
#172 = DIRECTION ( 'NONE',  ( 1.000000000000000000, -1.836970198721023771E-16, 0.000000000000000000 ) ) ;
#173 = ORIENTED_EDGE ( 'NONE', *, *, #3406, .F. ) ;
#174 = AXIS2_PLACEMENT_3D ( 'NONE', #4042, #3551, #3191 ) ;
#175 = LINE ( 'NONE', #866, #847 ) ;
#176 = ADVANCED_FACE ( 'NONE', ( #1434 ), #586, .T. ) ;
#177 = CARTESIAN_POINT ( 'NONE',  ( 3.300000000000003819, 1.374999999999999556, 1.544999999999999485 ) ) ;
#178 = DIRECTION ( 'NONE',  ( -1.000000000000000000, 0.000000000000000000, 0.000000000000000000 ) ) ;
#179 = VERTEX_POINT ( 'NONE', #2946 ) ;
#180 = ORIENTED_EDGE ( 'NONE', *, *, #882, .F. ) ;
#181 = AXIS2_PLACEMENT_3D ( 'NONE', #2952, #1041, #2577 ) ;
#182 = CARTESIAN_POINT ( 'NONE',  ( 4.049999999999998934, -4.226590478018756734E-15, -0.9450000000000005063 ) ) ;
#183 = ADVANCED_FACE ( 'NONE', ( #4341 ), #4446, .T. ) ;
#184 = LINE ( 'NONE', #3165, #1330 ) ;
#185 = DIRECTION ( 'NONE',  ( 0.7071067811865067165, -0.7071067811865884289, 0.000000000000000000 ) ) ;
#186 = CARTESIAN_POINT ( 'NONE',  ( -3.750000000000000888, 1.074999999999999289, -3.435000000000000497 ) ) ;
#187 = AXIS2_PLACEMENT_3D ( 'NONE', #4714, #217, #553 ) ;
#188 = ORIENTED_EDGE ( 'NONE', *, *, #401, .T. ) ;
#189 = ORIENTED_EDGE ( 'NONE', *, *, #2941, .F. ) ;
#190 = CARTESIAN_POINT ( 'NONE',  ( -3.750000000000000888, 1.074999999999999289, 1.544999999999999485 ) ) ;
#191 = ADVANCED_FACE ( 'NONE', ( #4470 ), #1057, .F. ) ;
#192 = CARTESIAN_POINT ( 'NONE',  ( -3.750000000000000888, 1.074999999999999289, 1.544999999999999485 ) ) ;
#193 =( NAMED_UNIT ( * ) PLANE_ANGLE_UNIT ( ) SI_UNIT ( $, .RADIAN. ) );
#194 = VERTEX_POINT ( 'NONE', #2100 ) ;
#195 = CARTESIAN_POINT ( 'NONE',  ( -3.300000000000003819, 1.374999999999999556, 0.9449999999999996181 ) ) ;
#196 = CARTESIAN_POINT ( 'NONE',  ( -4.650000000000000355, 0.2000000000000000111, 1.544999999999999485 ) ) ;
#197 = CARTESIAN_POINT ( 'NONE',  ( -0.6207318476645035110, 1.799999999999999600, -4.500000000000000000 ) ) ;
#198 = EDGE_LOOP ( 'NONE', ( #3874, #2531, #724, #2276 ) ) ;
#199 = CARTESIAN_POINT ( 'NONE',  ( -1.508958292086518771, 1.590591360145318101, -3.863412691626987083 ) ) ;
#200 = DIRECTION ( 'NONE',  ( 0.000000000000000000, -1.000000000000000000, 0.000000000000000000 ) ) ;
#201 = VERTEX_POINT ( 'NONE', #3729 ) ;
#202 = EDGE_CURVE ( 'NONE', #1759, #1662, #2593, .T. ) ;
#203 = VERTEX_POINT ( 'NONE', #4680 ) ;
#204 = CARTESIAN_POINT ( 'NONE',  ( -4.050000000000000711, 0.3000000000000000444, -0.9450000000000005063 ) ) ;
#205 = LINE ( 'NONE', #2527, #1492 ) ;
#206 = LINE ( 'NONE', #1784, #2302 ) ;
#207 = CARTESIAN_POINT ( 'NONE',  ( -4.050000000000000711, 0.3000000000000000444, 4.034999999999999254 ) ) ;
#208 = ADVANCED_FACE ( 'NONE', ( #4077 ), #1674, .F. ) ;
#209 = VERTEX_POINT ( 'NONE', #2482 ) ;
#210 = ADVANCED_FACE ( 'NONE', ( #3296 ), #3589, .F. ) ;
#211 = FACE_OUTER_BOUND ( 'NONE', #1765, .T. ) ;
#212 = FACE_OUTER_BOUND ( 'NONE', #900, .T. ) ;
#213 = CARTESIAN_POINT ( 'NONE',  ( -4.050000000000000711, 1.102182119232617541E-16, -0.9450000000000005063 ) ) ;
#214 = EDGE_CURVE ( 'NONE', #50, #422, #1035, .T. ) ;
#215 = VECTOR ( 'NONE', #851, 1000.000000000000000 ) ;
#216 = SURFACE_SIDE_STYLE ('',( #3577 ) ) ;
#217 = DIRECTION ( 'NONE',  ( -0.000000000000000000, -0.000000000000000000, -1.000000000000000000 ) ) ;
#218 = DIRECTION ( 'NONE',  ( -0.000000000000000000, -0.000000000000000000, -1.000000000000000000 ) ) ;
#219 = ORIENTED_EDGE ( 'NONE', *, *, #3602, .F. ) ;
#220 = AXIS2_PLACEMENT_3D ( 'NONE', #4648, #1160, #1615 ) ;
#221 = VERTEX_POINT ( 'NONE', #4053 ) ;
#222 = UNCERTAINTY_MEASURE_WITH_UNIT (LENGTH_MEASURE( 1.000000000000000082E-05 ), #1125, 'distance_accuracy_value', 'NONE');
#223 = CIRCLE ( 'NONE', #2025, 0.3000000000000007661 ) ;
#224 = CARTESIAN_POINT ( 'NONE',  ( 0.3059346024499094430, 1.468265973263747082, -3.756067284821589691 ) ) ;
#225 = CARTESIAN_POINT ( 'NONE',  ( 0.000000000000000000, 10.46816307401943824, 4.500000000000000000 ) ) ;
#226 = ORIENTED_EDGE ( 'NONE', *, *, #2256, .F. ) ;
#227 = EDGE_LOOP ( 'NONE', ( #4676, #2323, #3080, #2024 ) ) ;
#228 = DIRECTION ( 'NONE',  ( 1.000000000000000000, 0.000000000000000000, 0.000000000000000000 ) ) ;
#229 = EDGE_LOOP ( 'NONE', ( #180, #4090, #1774, #2888, #581, #3098, #1642, #4418, #3465, #1013, #1873, #4200 ) ) ;
#230 = EDGE_CURVE ( 'NONE', #3922, #1094, #232, .T. ) ;
#231 = CARTESIAN_POINT ( 'NONE',  ( -4.050000000000000711, 0.3000000000000000444, -4.035000000000000142 ) ) ;
#232 = LINE ( 'NONE', #1696, #1658 ) ;
#233 = DIRECTION ( 'NONE',  ( -0.000000000000000000, -0.000000000000000000, -1.000000000000000000 ) ) ;
#234 = ORIENTED_EDGE ( 'NONE', *, *, #4719, .F. ) ;
#235 = CARTESIAN_POINT ( 'NONE',  ( -3.650000000000000355, 1.174999999999999156, 4.034999999999999254 ) ) ;
#236 = DIRECTION ( 'NONE',  ( 1.119176436114070022E-15, -1.000000000000000000, -0.000000000000000000 ) ) ;
#237 = CARTESIAN_POINT ( 'NONE',  ( -4.050000000000000711, 0.3000000000000000444, -3.435000000000000497 ) ) ;
#238 = EDGE_CURVE ( 'NONE', #4056, #2906, #206, .T. ) ;
#239 = EDGE_CURVE ( 'NONE', #209, #1274, #2926, .T. ) ;
#240 = CARTESIAN_POINT ( 'NONE',  ( 1.800000000000004707, 1.649999999999998579, 4.500000000000000000 ) ) ;
#241 = DIRECTION ( 'NONE',  ( -1.000000000000000000, 0.000000000000000000, 0.000000000000000000 ) ) ;
#242 = LINE ( 'NONE', #1661, #2965 ) ;
#243 = ORIENTED_EDGE ( 'NONE', *, *, #962, .F. ) ;
#244 = VERTEX_POINT ( 'NONE', #4420 ) ;
#245 = VECTOR ( 'NONE', #3013, 1000.000000000000000 ) ;
#246 = EDGE_CURVE ( 'NONE', #3193, #3854, #3679, .T. ) ;
#247 = LINE ( 'NONE', #3912, #3201 ) ;
#248 = VECTOR ( 'NONE', #1096, 1000.000000000000000 ) ;
#249 = VECTOR ( 'NONE', #1258, 1000.000000000000000 ) ;
#250 = CARTESIAN_POINT ( 'NONE',  ( 0.000000000000000000, 0.000000000000000000, -4.799999999999999822 ) ) ;
#251 = ORIENTED_EDGE ( 'NONE', *, *, #700, .T. ) ;
#252 = ORIENTED_EDGE ( 'NONE', *, *, #4566, .F. ) ;
#253 = CARTESIAN_POINT ( 'NONE',  ( 1.800000000000004707, 1.649999999999998579, -3.941933006589726229 ) ) ;
#254 = CARTESIAN_POINT ( 'NONE',  ( 4.049999999999998934, -4.226590478018756734E-15, -1.545000000000000373 ) ) ;
#255 = DIRECTION ( 'NONE',  ( -0.000000000000000000, -0.000000000000000000, -1.000000000000000000 ) ) ;
#256 = ORIENTED_EDGE ( 'NONE', *, *, #2102, .T. ) ;
#257 = CIRCLE ( 'NONE', #1902, 0.1000000000000002554 ) ;
#258 = CARTESIAN_POINT ( 'NONE',  ( -3.300000000000003819, 1.174999999999999378, -3.435000000000000497 ) ) ;
#259 = PLANE ( 'NONE',  #4722 ) ;
#260 = LINE ( 'NONE', #213, #4035 ) ;
#261 = ADVANCED_FACE ( 'NONE', ( #833 ), #2363, .F. ) ;
#262 = CARTESIAN_POINT ( 'NONE',  ( 0.000000000000000000, 1.815000000000000613, 0.000000000000000000 ) ) ;
#263 = CARTESIAN_POINT ( 'NONE',  ( -0.3301678301489067713, 1.468088620258216848, 4.201985280795094369 ) ) ;
#264 = AXIS2_PLACEMENT_3D ( 'NONE', #2580, #1771, #4752 ) ;
#265 = CARTESIAN_POINT ( 'NONE',  ( -3.300000000000003819, 1.374999999999999556, -3.435000000000000497 ) ) ;
#266 = ORIENTED_EDGE ( 'NONE', *, *, #4143, .F. ) ;
#267 = EDGE_CURVE ( 'NONE', #421, #1538, #48, .T. ) ;
#268 = MANIFOLD_SOLID_BREP ( 'Boss-Extrude2', #3553 ) ;
#269 = CARTESIAN_POINT ( 'NONE',  ( -4.650000000000000355, 0.2000000000000000111, -3.435000000000000497 ) ) ;
#270 = CARTESIAN_POINT ( 'NONE',  ( 3.300000000000003819, 1.174999999999999378, -4.035000000000000142 ) ) ;
#271 = VERTEX_POINT ( 'NONE', #1860 ) ;
#272 = ORIENTED_EDGE ( 'NONE', *, *, #4087, .F. ) ;
#273 = ADVANCED_FACE ( 'NONE', ( #4174 ), #71, .F. ) ;
#274 = DIRECTION ( 'NONE',  ( 0.000000000000000000, 0.000000000000000000, 1.000000000000000000 ) ) ;
#275 = CARTESIAN_POINT ( 'NONE',  ( 0.000000000000000000, 0.000000000000000000, -5.084999999999998188 ) ) ;
#276 = DIRECTION ( 'NONE',  ( 0.000000000000000000, -0.000000000000000000, -1.000000000000000000 ) ) ;
#277 = CARTESIAN_POINT ( 'NONE',  ( 3.650000000000000355, 1.374999999999999556, 0.9449999999999996181 ) ) ;
#278 = ORIENTED_EDGE ( 'NONE', *, *, #3784, .F. ) ;
#279 = LINE ( 'NONE', #3306, #2396 ) ;
#280 = CARTESIAN_POINT ( 'NONE',  ( -3.750000000000000888, 1.074999999999999289, 4.034999999999999254 ) ) ;
#281 = CARTESIAN_POINT ( 'NONE',  ( -4.050000000000000711, 0.2000000000000000111, -3.435000000000000497 ) ) ;
#282 = EDGE_LOOP ( 'NONE', ( #1197, #3127, #536, #1814 ) ) ;
#283 = SURFACE_STYLE_FILL_AREA ( #2768 ) ;
#284 = EDGE_CURVE ( 'NONE', #2253, #1043, #3796, .T. ) ;
#285 = FILL_AREA_STYLE ('',( #3674 ) ) ;
#286 = DIRECTION ( 'NONE',  ( 1.000000000000000000, 0.000000000000000000, -0.000000000000000000 ) ) ;
#287 = VERTEX_POINT ( 'NONE', #740 ) ;
#288 = EDGE_CURVE ( 'NONE', #194, #3075, #3753, .T. ) ;
#289 = DIRECTION ( 'NONE',  ( 1.000000000000000000, 1.836970198721029688E-16, -0.000000000000000000 ) ) ;
#290 = AXIS2_PLACEMENT_3D ( 'NONE', #1373, #643, #2159 ) ;
#291 = EDGE_CURVE ( 'NONE', #3075, #2493, #2993, .T. ) ;
#292 = CARTESIAN_POINT ( 'NONE',  ( 3.750000000000000888, 1.074999999999999289, 4.034999999999999254 ) ) ;
#293 = VERTEX_POINT ( 'NONE', #4494 ) ;
#294 = ORIENTED_EDGE ( 'NONE', *, *, #2914, .T. ) ;
#295 = DIRECTION ( 'NONE',  ( 0.7071067811865475727, 0.000000000000000000, 0.7071067811865475727 ) ) ;
#296 = PRESENTATION_STYLE_ASSIGNMENT (( #4037 ) ) ;
#297 = ADVANCED_FACE ( 'NONE', ( #1127 ), #1913, .F. ) ;
#298 = CARTESIAN_POINT ( 'NONE',  ( -3.750000000000000888, 1.074999999999999289, -0.9450000000000005063 ) ) ;
#299 = DIRECTION ( 'NONE',  ( -0.000000000000000000, -0.000000000000000000, -1.000000000000000000 ) ) ;
#300 = VECTOR ( 'NONE', #99, 1000.000000000000000 ) ;
#301 = EDGE_LOOP ( 'NONE', ( #4422, #234, #932, #4545, #2567 ) ) ;
#302 = DIRECTION ( 'NONE',  ( 0.000000000000000000, 0.000000000000000000, 1.000000000000000000 ) ) ;
#303 = AXIS2_PLACEMENT_3D ( 'NONE', #1656, #4370, #4635 ) ;
#304 = DIRECTION ( 'NONE',  ( -1.836970198721029688E-16, 1.000000000000000000, 0.000000000000000000 ) ) ;
#305 = CARTESIAN_POINT ( 'NONE',  ( -4.050000000000000711, 0.3000000000000000444, 3.434999999999999609 ) ) ;
#306 = EDGE_LOOP ( 'NONE', ( #1689, #4817, #4600, #54, #4851, #3652, #1743, #3896, #2166, #2728, #1862, #4535 ) ) ;
#307 = CARTESIAN_POINT ( 'NONE',  ( 3.300000000000003819, 1.174999999999999378, 1.544999999999999485 ) ) ;
#308 = DIRECTION ( 'NONE',  ( 8.377925878297078462E-16, -1.000000000000000000, 0.000000000000000000 ) ) ;
#309 = DIRECTION ( 'NONE',  ( 0.000000000000000000, -1.000000000000000000, 0.000000000000000000 ) ) ;
#310 = AXIS2_PLACEMENT_3D ( 'NONE', #2128, #302, #1467 ) ;
#311 = UNCERTAINTY_MEASURE_WITH_UNIT (LENGTH_MEASURE( 1.000000000000000082E-05 ), #1003, 'distance_accuracy_value', 'NONE');
#312 = AXIS2_PLACEMENT_3D ( 'NONE', #4381, #4792, #274 ) ;
#313 = CARTESIAN_POINT ( 'NONE',  ( -4.050000000000000711, 1.102182119232617541E-16, 3.434999999999999609 ) ) ;
#314 = CARTESIAN_POINT ( 'NONE',  ( 4.650000000000000355, 0.1999999999999956812, -0.9450000000000005063 ) ) ;
#315 = DIRECTION ( 'NONE',  ( 7.885106708985486076E-16, -1.000000000000000000, 0.000000000000000000 ) ) ;
#316 = EDGE_LOOP ( 'NONE', ( #1788, #3509, #1739, #2560 ) ) ;
#317 = ORIENTED_EDGE ( 'NONE', *, *, #84, .T. ) ;
#318 = EDGE_CURVE ( 'NONE', #769, #138, #1933, .T. ) ;
#319 = CARTESIAN_POINT ( 'NONE',  ( -3.750000000000000888, 1.074999999999999289, -4.035000000000000142 ) ) ;
#320 = CARTESIAN_POINT ( 'NONE',  ( 4.050000000000000711, 0.2999999999999957145, 4.034999999999999254 ) ) ;
#321 = DIRECTION ( 'NONE',  ( -1.000000000000000000, 0.000000000000000000, 0.000000000000000000 ) ) ;
#322 = DIRECTION ( 'NONE',  ( 0.000000000000000000, -0.000000000000000000, -1.000000000000000000 ) ) ;
#323 = STYLED_ITEM ( 'NONE', ( #1486 ), #1787 ) ;
#324 = EDGE_LOOP ( 'NONE', ( #1282, #3274, #4520, #3223 ) ) ;
#325 = VECTOR ( 'NONE', #3143, 1000.000000000000000 ) ;
#326 = DIRECTION ( 'NONE',  ( -1.000000000000000000, -0.000000000000000000, -0.000000000000000000 ) ) ;
#327 = EDGE_CURVE ( 'NONE', #1515, #2864, #3036, .T. ) ;
#328 = CARTESIAN_POINT ( 'NONE',  ( 4.049999999999998934, -4.226590478018756734E-15, 4.034999999999999254 ) ) ;
#329 = ORIENTED_EDGE ( 'NONE', *, *, #2509, .F. ) ;
#330 = AXIS2_PLACEMENT_3D ( 'NONE', #2150, #922, #276 ) ;
#331 = VERTEX_POINT ( 'NONE', #3015 ) ;
#332 = ADVANCED_FACE ( 'NONE', ( #4124 ), #2261, .F. ) ;
#333 = AXIS2_PLACEMENT_3D ( 'NONE', #4552, #2800, #2751 ) ;
#334 = FACE_OUTER_BOUND ( 'NONE', #1770, .T. ) ;
#335 = CARTESIAN_POINT ( 'NONE',  ( 2.047572752394531292, 1.704177346985676911, -4.021254155557416610 ) ) ;
#336 = CIRCLE ( 'NONE', #1340, 0.09999999999999939493 ) ;
#337 = AXIS2_PLACEMENT_3D ( 'NONE', #1430, #2211, #1050 ) ;
#338 = CARTESIAN_POINT ( 'NONE',  ( 3.000000000000003109, 1.799999999999999600, 5.099999999999999645 ) ) ;
#339 = LINE ( 'NONE', #314, #403 ) ;
#340 = CARTESIAN_POINT ( 'NONE',  ( 3.750000000000000888, 1.074999999999999289, 0.9449999999999996181 ) ) ;
#341 = ORIENTED_EDGE ( 'NONE', *, *, #3811, .F. ) ;
#342 = ORIENTED_EDGE ( 'NONE', *, *, #3940, .T. ) ;
#343 = LINE ( 'NONE', #743, #2530 ) ;
#344 = DIRECTION ( 'NONE',  ( -1.000000000000000000, 0.000000000000000000, 0.000000000000000000 ) ) ;
#345 = DIRECTION ( 'NONE',  ( 0.000000000000000000, -0.000000000000000000, -1.000000000000000000 ) ) ;
#346 = VERTEX_POINT ( 'NONE', #3088 ) ;
#347 = CYLINDRICAL_SURFACE ( 'NONE', #1473, 0.1000000000000002554 ) ;
#348 = LINE ( 'NONE', #370, #472 ) ;
#349 = VERTEX_POINT ( 'NONE', #2712 ) ;
#350 = EDGE_CURVE ( 'NONE', #4860, #2049, #4579, .T. ) ;
#351 = ADVANCED_FACE ( 'NONE', ( #525 ), #1302, .F. ) ;
#352 = EDGE_LOOP ( 'NONE', ( #3761, #1287, #2524, #2277 ) ) ;
#353 = PLANE ( 'NONE',  #8 ) ;
#354 = CARTESIAN_POINT ( 'NONE',  ( -3.750000000000000888, 1.074999999999999289, 0.9449999999999996181 ) ) ;
#355 = ADVANCED_FACE ( 'NONE', ( #2089 ), #2861, .F. ) ;
#356 = DIRECTION ( 'NONE',  ( 0.000000000000000000, 0.000000000000000000, -1.000000000000000000 ) ) ;
#357 = CARTESIAN_POINT ( 'NONE',  ( 3.300000000000003819, 1.374999999999999556, 4.034999999999999254 ) ) ;
#358 = LINE ( 'NONE', #340, #2900 ) ;
#359 = ORIENTED_EDGE ( 'NONE', *, *, #4536, .F. ) ;
#360 = CARTESIAN_POINT ( 'NONE',  ( 3.950000000000001954, 0.2999999999999957145, 4.034999999999999254 ) ) ;
#361 = CIRCLE ( 'NONE', #977, 0.3000000000000007661 ) ;
#362 = CARTESIAN_POINT ( 'NONE',  ( 3.000000000000003109, 1.799999999999999600, 5.099999999999999645 ) ) ;
#363 = CARTESIAN_POINT ( 'NONE',  ( -3.950000000000000178, 0.3000000000000000444, -3.435000000000000497 ) ) ;
#364 = CARTESIAN_POINT ( 'NONE',  ( 0.6050000000000002043, 1.210000000000000409, 5.689999999999998614 ) ) ;
#365 = ORIENTED_EDGE ( 'NONE', *, *, #2110, .F. ) ;
#366 = ORIENTED_EDGE ( 'NONE', *, *, #3031, .T. ) ;
#367 = VECTOR ( 'NONE', #1285, 1000.000000000000000 ) ;
#368 = LINE ( 'NONE', #4114, #4859 ) ;
#369 = VECTOR ( 'NONE', #1102, 1000.000000000000000 ) ;
#370 = CARTESIAN_POINT ( 'NONE',  ( -3.950000000000001066, 1.074999999999999289, 1.544999999999999485 ) ) ;
#371 = ORIENTED_EDGE ( 'NONE', *, *, #2251, .T. ) ;
#372 = ORIENTED_EDGE ( 'NONE', *, *, #1578, .F. ) ;
#373 = VERTEX_POINT ( 'NONE', #4691 ) ;
#374 = EDGE_LOOP ( 'NONE', ( #2265, #4677, #3018, #4266 ) ) ;
#375 = VECTOR ( 'NONE', #4217, 1000.000000000000000 ) ;
#376 = EDGE_CURVE ( 'NONE', #346, #4448, #4300, .T. ) ;
#377 = CARTESIAN_POINT ( 'NONE',  ( 4.049999999999998934, -4.226590478018756734E-15, 1.544999999999999485 ) ) ;
#378 = CIRCLE ( 'NONE', #89, 0.2999999999999999334 ) ;
#379 = LINE ( 'NONE', #1881, #2271 ) ;
#380 = EDGE_CURVE ( 'NONE', #1038, #2375, #2416, .T. ) ;
#381 = CARTESIAN_POINT ( 'NONE',  ( -3.300000000000003819, 1.374999999999999556, -4.035000000000000142 ) ) ;
#382 =( NAMED_UNIT ( * ) SI_UNIT ( $, .STERADIAN. ) SOLID_ANGLE_UNIT ( ) );
#383 = FACE_OUTER_BOUND ( 'NONE', #3799, .T. ) ;
#384 = ORIENTED_EDGE ( 'NONE', *, *, #4566, .T. ) ;
#385 = DIRECTION ( 'NONE',  ( 0.000000000000000000, -1.000000000000000000, 0.000000000000000000 ) ) ;
#386 = ADVANCED_FACE ( 'NONE', ( #3110 ), #4615, .F. ) ;
#387 = VECTOR ( 'NONE', #3831, 1000.000000000000000 ) ;
#388 = CARTESIAN_POINT ( 'NONE',  ( 3.650000000000000355, 1.174999999999999378, 0.9449999999999996181 ) ) ;
#389 = PLANE ( 'NONE',  #1702 ) ;
#390 = ORIENTED_EDGE ( 'NONE', *, *, #4172, .T. ) ;
#391 = VECTOR ( 'NONE', #3520, 1000.000000000000000 ) ;
#392 = ORIENTED_EDGE ( 'NONE', *, *, #58, .F. ) ;
#393 = CARTESIAN_POINT ( 'NONE',  ( 1.207499020632106124, 1.544437681081088698, 3.821894259488806789 ) ) ;
#394 = PLANE ( 'NONE',  #2064 ) ;
#395 = VERTEX_POINT ( 'NONE', #935 ) ;
#396 = APPLICATION_CONTEXT ( 'automotive_design' ) ;
#397 = EDGE_LOOP ( 'NONE', ( #694, #3570, #4528, #4694 ) ) ;
#398 = EDGE_LOOP ( 'NONE', ( #2954, #2330, #4508, #4486, #1206, #981, #3202, #189, #2662, #1800, #3353, #1383 ) ) ;
#399 = VERTEX_POINT ( 'NONE', #476 ) ;
#400 = VECTOR ( 'NONE', #4263, 1000.000000000000000 ) ;
#401 = EDGE_CURVE ( 'NONE', #3893, #2804, #336, .T. ) ;
#402 = DIRECTION ( 'NONE',  ( 1.000000000000000000, 0.000000000000000000, 0.000000000000000000 ) ) ;
#403 = VECTOR ( 'NONE', #2216, 1000.000000000000000 ) ;
#404 = UNCERTAINTY_MEASURE_WITH_UNIT (LENGTH_MEASURE( 1.000000000000000082E-05 ), #4098, 'distance_accuracy_value', 'NONE');
#405 = DIRECTION ( 'NONE',  ( -1.000000000000000000, 0.000000000000000000, 0.000000000000000000 ) ) ;
#406 = DIRECTION ( 'NONE',  ( 1.000000000000000000, 0.000000000000000000, 0.000000000000000000 ) ) ;
#407 = CARTESIAN_POINT ( 'NONE',  ( -3.300000000000003819, 1.174999999999999378, -1.545000000000000373 ) ) ;
#408 = ORIENTED_EDGE ( 'NONE', *, *, #1356, .T. ) ;
#409 = EDGE_CURVE ( 'NONE', #4509, #3691, #2069, .T. ) ;
#410 = LINE ( 'NONE', #4517, #689 ) ;
#411 = VECTOR ( 'NONE', #2392, 1000.000000000000000 ) ;
#412 = DIRECTION ( 'NONE',  ( 0.000000000000000000, 0.000000000000000000, -1.000000000000000000 ) ) ;
#413 = DIRECTION ( 'NONE',  ( -0.000000000000000000, 1.000000000000000000, -0.000000000000000000 ) ) ;
#414 = LINE ( 'NONE', #107, #2341 ) ;
#415 = ORIENTED_EDGE ( 'NONE', *, *, #690, .F. ) ;
#416 = EDGE_CURVE ( 'NONE', #2815, #4844, #3929, .T. ) ;
#417 = ORIENTED_EDGE ( 'NONE', *, *, #4644, .F. ) ;
#418 = DIRECTION ( 'NONE',  ( 1.000000000000000000, 0.000000000000000000, 0.000000000000000000 ) ) ;
#419 = PLANE ( 'NONE',  #3293 ) ;
#420 = EDGE_LOOP ( 'NONE', ( #2792, #4556, #4378, #3807 ) ) ;
#421 = VERTEX_POINT ( 'NONE', #1633 ) ;
#422 = VERTEX_POINT ( 'NONE', #1259 ) ;
#423 =( LENGTH_UNIT ( ) NAMED_UNIT ( * ) SI_UNIT ( .MILLI., .METRE. ) );
#424 = DIRECTION ( 'NONE',  ( -1.119176436114063908E-15, 1.000000000000000000, 0.000000000000000000 ) ) ;
#425 = DIRECTION ( 'NONE',  ( -0.000000000000000000, -0.000000000000000000, -1.000000000000000000 ) ) ;
#426 = DIRECTION ( 'NONE',  ( -0.000000000000000000, -0.000000000000000000, -1.000000000000000000 ) ) ;
#427 = ORIENTED_EDGE ( 'NONE', *, *, #3246, .T. ) ;
#428 = CARTESIAN_POINT ( 'NONE',  ( -3.750000000000000888, 0.3000000000000001554, 0.9449999999999996181 ) ) ;
#429 = ADVANCED_FACE ( 'NONE', ( #863 ), #1279, .F. ) ;
#430 =( NAMED_UNIT ( * ) PLANE_ANGLE_UNIT ( ) SI_UNIT ( $, .RADIAN. ) );
#431 = PLANE ( 'NONE',  #3523 ) ;
#432 = LINE ( 'NONE', #484, #3114 ) ;
#433 = VERTEX_POINT ( 'NONE', #2468 ) ;
#434 = ORIENTED_EDGE ( 'NONE', *, *, #1148, .F. ) ;
#435 = ORIENTED_EDGE ( 'NONE', *, *, #4018, .T. ) ;
#436 =( GEOMETRIC_REPRESENTATION_CONTEXT ( 3 ) GLOBAL_UNCERTAINTY_ASSIGNED_CONTEXT ( ( #2285 ) ) GLOBAL_UNIT_ASSIGNED_CONTEXT ( ( #2112, #3496, #686 ) ) REPRESENTATION_CONTEXT ( 'NONE', 'WORKASPACE' ) );
#437 = LINE ( 'NONE', #1443, #2604 ) ;
#438 = EDGE_CURVE ( 'NONE', #577, #918, #487, .T. ) ;
#439 = EDGE_CURVE ( 'NONE', #4327, #4205, #3175, .T. ) ;
#440 = EDGE_CURVE ( 'NONE', #1336, #2824, #2832, .T. ) ;
#441 = CARTESIAN_POINT ( 'NONE',  ( 3.650000000000000355, 1.074999999999999289, -1.545000000000000373 ) ) ;
#442 = CARTESIAN_POINT ( 'NONE',  ( 3.750000000000000888, 1.074999999999999289, -0.9450000000000005063 ) ) ;
#443 = DIRECTION ( 'NONE',  ( -0.000000000000000000, -0.000000000000000000, -1.000000000000000000 ) ) ;
#444 = VECTOR ( 'NONE', #299, 1000.000000000000000 ) ;
#445 = ORIENTED_EDGE ( 'NONE', *, *, #3715, .T. ) ;
#446 = VERTEX_POINT ( 'NONE', #123 ) ;
#447 = ORIENTED_EDGE ( 'NONE', *, *, #816, .T. ) ;
#448 = AXIS2_PLACEMENT_3D ( 'NONE', #4373, #1280, #2039 ) ;
#449 = DIRECTION ( 'NONE',  ( -1.000000000000000000, 0.000000000000000000, 0.000000000000000000 ) ) ;
#450 = CARTESIAN_POINT ( 'NONE',  ( 3.750000000000000888, 1.074999999999999289, 1.544999999999999485 ) ) ;
#451 = AXIS2_PLACEMENT_3D ( 'NONE', #3749, #4564, #473 ) ;
#452 = DIRECTION ( 'NONE',  ( 0.000000000000000000, 1.000000000000000000, 0.000000000000000000 ) ) ;
#453 = DIRECTION ( 'NONE',  ( 0.000000000000000000, -1.000000000000000000, 0.000000000000000000 ) ) ;
#454 = ORIENTED_EDGE ( 'NONE', *, *, #3738, .T. ) ;
#455 = DIRECTION ( 'NONE',  ( -1.000000000000000000, 0.000000000000000000, 0.000000000000000000 ) ) ;
#456 = LINE ( 'NONE', #32, #478 ) ;
#457 = CARTESIAN_POINT ( 'NONE',  ( -0.6150000000000240830, 1.200000000000045919, 5.699999999999953104 ) ) ;
#458 = ORIENTED_EDGE ( 'NONE', *, *, #3997, .T. ) ;
#459 = EDGE_CURVE ( 'NONE', #819, #1043, #1607, .T. ) ;
#460 = ORIENTED_EDGE ( 'NONE', *, *, #1397, .T. ) ;
#461 = CIRCLE ( 'NONE', #1560, 0.2999999999999999334 ) ;
#462 = LINE ( 'NONE', #81, #1238 ) ;
#463 = LINE ( 'NONE', #1973, #4804 ) ;
#464 = PLANE ( 'NONE',  #3219 ) ;
#465 = FACE_OUTER_BOUND ( 'NONE', #703, .T. ) ;
#466 = AXIS2_PLACEMENT_3D ( 'NONE', #320, #4426, #3711 ) ;
#467 = ORIENTED_EDGE ( 'NONE', *, *, #3349, .T. ) ;
#468 = EDGE_LOOP ( 'NONE', ( #2093, #4800, #3719, #835 ) ) ;
#469 = PLANE ( 'NONE',  #549 ) ;
#470 = AXIS2_PLACEMENT_3D ( 'NONE', #1433, #1858, #4493 ) ;
#471 = DIRECTION ( 'NONE',  ( -0.000000000000000000, -0.000000000000000000, -1.000000000000000000 ) ) ;
#472 = VECTOR ( 'NONE', #10, 1000.000000000000000 ) ;
#473 = DIRECTION ( 'NONE',  ( -1.000000000000000000, 0.000000000000000000, 0.000000000000000000 ) ) ;
#474 =( GEOMETRIC_REPRESENTATION_CONTEXT ( 3 ) GLOBAL_UNCERTAINTY_ASSIGNED_CONTEXT ( ( #1432 ) ) GLOBAL_UNIT_ASSIGNED_CONTEXT ( ( #1754, #1372, #2135 ) ) REPRESENTATION_CONTEXT ( 'NONE', 'WORKASPACE' ) );
#475 = EDGE_CURVE ( 'NONE', #2049, #293, #3882, .T. ) ;
#476 = CARTESIAN_POINT ( 'NONE',  ( 3.750000000000000888, 1.074999999999999289, 0.9449999999999996181 ) ) ;
#477 = PLANE ( 'NONE',  #2188 ) ;
#478 = VECTOR ( 'NONE', #1512, 1000.000000000000000 ) ;
#479 = ORIENTED_EDGE ( 'NONE', *, *, #500, .F. ) ;
#480 = ORIENTED_EDGE ( 'NONE', *, *, #3060, .F. ) ;
#481 = LINE ( 'NONE', #2014, #4243 ) ;
#482 = SURFACE_STYLE_USAGE ( .BOTH. , #128 ) ;
#483 = DIRECTION ( 'NONE',  ( 1.000000000000000000, 6.195440985631514482E-16, -0.000000000000000000 ) ) ;
#484 = CARTESIAN_POINT ( 'NONE',  ( 3.650000000000000355, 1.374999999999999556, -4.035000000000000142 ) ) ;
#485 = ORIENTED_EDGE ( 'NONE', *, *, #439, .F. ) ;
#486 = ORIENTED_EDGE ( 'NONE', *, *, #489, .F. ) ;
#487 = CIRCLE ( 'NONE', #29, 0.3500000000000004774 ) ;
#488 = CARTESIAN_POINT ( 'NONE',  ( -1.800000000000004263, 1.799999999999999600, 4.500000000000000000 ) ) ;
#489 = EDGE_CURVE ( 'NONE', #2782, #844, #4424, .T. ) ;
#490 = FACE_OUTER_BOUND ( 'NONE', #646, .T. ) ;
#491 = CARTESIAN_POINT ( 'NONE',  ( 4.650000000000000355, 0.1999999999999956812, -3.435000000000000497 ) ) ;
#492 = AXIS2_PLACEMENT_3D ( 'NONE', #237, #1726, #3217 ) ;
#493 = DIRECTION ( 'NONE',  ( 0.000000000000000000, -0.000000000000000000, -1.000000000000000000 ) ) ;
#494 = ORIENTED_EDGE ( 'NONE', *, *, #4355, .F. ) ;
#495 = EDGE_LOOP ( 'NONE', ( #986, #3394, #4812, #3982 ) ) ;
#496 = DIRECTION ( 'NONE',  ( -0.000000000000000000, -0.000000000000000000, -1.000000000000000000 ) ) ;
#497 = EDGE_CURVE ( 'NONE', #3854, #946, #146, .T. ) ;
#498 = CARTESIAN_POINT ( 'NONE',  ( -3.750000000000000888, 0.3000000000000001554, 4.034999999999999254 ) ) ;
#499 = EDGE_CURVE ( 'NONE', #4327, #1436, #2588, .T. ) ;
#500 = EDGE_CURVE ( 'NONE', #3074, #1901, #662, .T. ) ;
#501 = CARTESIAN_POINT ( 'NONE',  ( -4.650000000000000355, 0.2000000000000000111, 3.434999999999999609 ) ) ;
#502 = LINE ( 'NONE', #2713, #3510 ) ;
#503 = ORIENTED_EDGE ( 'NONE', *, *, #4194, .T. ) ;
#504 = CARTESIAN_POINT ( 'NONE',  ( -4.050000000000000711, 0.3000000000000000444, 1.544999999999999485 ) ) ;
#505 = DIRECTION ( 'NONE',  ( -0.000000000000000000, -0.000000000000000000, -1.000000000000000000 ) ) ;
#506 = FACE_OUTER_BOUND ( 'NONE', #2263, .T. ) ;
#507 = DIRECTION ( 'NONE',  ( 0.000000000000000000, 0.000000000000000000, 1.000000000000000000 ) ) ;
#508 = ORIENTED_EDGE ( 'NONE', *, *, #4201, .T. ) ;
#509 = EDGE_LOOP ( 'NONE', ( #1191, #4008, #1586, #626 ) ) ;
#510 = CARTESIAN_POINT ( 'NONE',  ( -1.800000000000004263, 1.799999999999999600, -4.500000000000000000 ) ) ;
#511 = FACE_BOUND ( 'NONE', #3908, .T. ) ;
#512 = DIRECTION ( 'NONE',  ( 0.000000000000000000, -1.000000000000000000, 0.000000000000000000 ) ) ;
#513 = PLANE ( 'NONE',  #1700 ) ;
#514 = ORIENTED_EDGE ( 'NONE', *, *, #3940, .F. ) ;
#515 = ORIENTED_EDGE ( 'NONE', *, *, #781, .F. ) ;
#516 = PLANE ( 'NONE',  #1566 ) ;
#517 = VECTOR ( 'NONE', #1049, 1000.000000000000000 ) ;
#518 = PLANE ( 'NONE',  #3855 ) ;
#519 = SURFACE_STYLE_FILL_AREA ( #3552 ) ;
#520 = EDGE_CURVE ( 'NONE', #3408, #271, #3313, .T. ) ;
#521 = ORIENTED_EDGE ( 'NONE', *, *, #2623, .T. ) ;
#522 = VECTOR ( 'NONE', #2151, 1000.000000000000000 ) ;
#523 = CARTESIAN_POINT ( 'NONE',  ( -4.050000000000000711, 0.3000000000000000444, 4.034999999999999254 ) ) ;
#524 = AXIS2_PLACEMENT_3D ( 'NONE', #3111, #4250, #864 ) ;
#525 = FACE_OUTER_BOUND ( 'NONE', #4326, .T. ) ;
#526 = CARTESIAN_POINT ( 'NONE',  ( 0.6614212290821323004, 1.486355867531159669, -4.202971662373634842 ) ) ;
#527 = VERTEX_POINT ( 'NONE', #3700 ) ;
#528 = ADVANCED_FACE ( 'NONE', ( #1350 ), #1401, .F. ) ;
#529 = ORIENTED_EDGE ( 'NONE', *, *, #2403, .T. ) ;
#530 = ADVANCED_FACE ( 'NONE', ( #4414 ), #2114, .T. ) ;
#531 = AXIS2_PLACEMENT_3D ( 'NONE', #4533, #3063, #402 ) ;
#532 = DIRECTION ( 'NONE',  ( -1.000000000000000000, 0.000000000000000000, 0.000000000000000000 ) ) ;
#533 = DIRECTION ( 'NONE',  ( 1.000000000000000000, 0.000000000000000000, 0.000000000000000000 ) ) ;
#534 = DIRECTION ( 'NONE',  ( 0.000000000000000000, 1.000000000000000000, 0.000000000000000000 ) ) ;
#535 = VERTEX_POINT ( 'NONE', #1776 ) ;
#536 = ORIENTED_EDGE ( 'NONE', *, *, #4431, .F. ) ;
#537 = EDGE_CURVE ( 'NONE', #3133, #1037, #1910, .T. ) ;
#538 = CARTESIAN_POINT ( 'NONE',  ( 3.750000000000000888, 0.2999999999999966582, -3.435000000000000497 ) ) ;
#539 = FACE_OUTER_BOUND ( 'NONE', #1936, .T. ) ;
#540 = CARTESIAN_POINT ( 'NONE',  ( 0.000000000000000000, 1.814999999999998836, 0.000000000000000000 ) ) ;
#541 = DIRECTION ( 'NONE',  ( -1.000000000000000000, 8.673617379884033894E-15, 0.000000000000000000 ) ) ;
#542 = AXIS2_PLACEMENT_3D ( 'NONE', #2978, #4481, #3380 ) ;
#543 = ORIENTED_EDGE ( 'NONE', *, *, #2568, .F. ) ;
#544 = ORIENTED_EDGE ( 'NONE', *, *, #416, .F. ) ;
#545 = CARTESIAN_POINT ( 'NONE',  ( -3.750000000000000888, 1.074999999999999289, 1.544999999999999485 ) ) ;
#546 = VECTOR ( 'NONE', #2598, 1000.000000000000000 ) ;
#547 = CYLINDRICAL_SURFACE ( 'NONE', #699, 0.3500000000000004774 ) ;
#548 = AXIS2_PLACEMENT_3D ( 'NONE', #622, #1264, #4375 ) ;
#549 = AXIS2_PLACEMENT_3D ( 'NONE', #545, #3953, #2385 ) ;
#550 = VECTOR ( 'NONE', #1982, 1000.000000000000000 ) ;
#551 = AXIS2_PLACEMENT_3D ( 'NONE', #357, #2992, #2967 ) ;
#552 = CARTESIAN_POINT ( 'NONE',  ( -3.300000000000004263, 0.7499999999999993339, -4.799999999999999822 ) ) ;
#553 = DIRECTION ( 'NONE',  ( 1.000000000000000000, 0.000000000000000000, 0.000000000000000000 ) ) ;
#554 = CYLINDRICAL_SURFACE ( 'NONE', #1299, 0.3000000000000003775 ) ;
#555 = ORIENTED_EDGE ( 'NONE', *, *, #3769, .T. ) ;
#556 = AXIS2_PLACEMENT_3D ( 'NONE', #1551, #3824, #4244 ) ;
#557 = DIRECTION ( 'NONE',  ( -0.000000000000000000, -0.000000000000000000, -1.000000000000000000 ) ) ;
#558 = ADVANCED_FACE ( 'NONE', ( #2140 ), #978, .F. ) ;
#559 = DIRECTION ( 'NONE',  ( -0.000000000000000000, -0.000000000000000000, -1.000000000000000000 ) ) ;
#560 = ADVANCED_FACE ( 'NONE', ( #334 ), #4555, .T. ) ;
#561 = DIRECTION ( 'NONE',  ( 0.000000000000000000, -1.000000000000000000, 0.000000000000000000 ) ) ;
#562 = EDGE_LOOP ( 'NONE', ( #1763, #4399, #36, #4118 ) ) ;
#563 = ORIENTED_EDGE ( 'NONE', *, *, #3162, .F. ) ;
#564 = DIRECTION ( 'NONE',  ( 0.000000000000000000, 0.000000000000000000, 1.000000000000000000 ) ) ;
#565 = CARTESIAN_POINT ( 'NONE',  ( 0.01500000000000112355, 10.59999999999999964, 5.099999999999999645 ) ) ;
#566 = DIRECTION ( 'NONE',  ( -7.885106708985486076E-16, 1.000000000000000000, 0.000000000000000000 ) ) ;
#567 = EDGE_CURVE ( 'NONE', #1890, #4384, #714, .T. ) ;
#568 = DIRECTION ( 'NONE',  ( 0.000000000000000000, 0.000000000000000000, 1.000000000000000000 ) ) ;
#569 = ORIENTED_EDGE ( 'NONE', *, *, #500, .T. ) ;
#570 = DIRECTION ( 'NONE',  ( 1.119176436114070022E-15, -1.000000000000000000, -0.000000000000000000 ) ) ;
#571 = AXIS2_PLACEMENT_3D ( 'NONE', #2942, #4465, #241 ) ;
#572 = LINE ( 'NONE', #3574, #1256 ) ;
#573 = CARTESIAN_POINT ( 'NONE',  ( 1.678814880618309857, 1.799999999999999600, 4.500000000000000000 ) ) ;
#574 = CYLINDRICAL_SURFACE ( 'NONE', #2583, 0.1000000000000002554 ) ;
#575 = CARTESIAN_POINT ( 'NONE',  ( -3.650000000000000355, 1.174999999999999156, 1.544999999999999485 ) ) ;
#576 = FACE_OUTER_BOUND ( 'NONE', #4683, .T. ) ;
#577 = VERTEX_POINT ( 'NONE', #3996 ) ;
#578 = EDGE_CURVE ( 'NONE', #60, #2504, #4020, .T. ) ;
#579 = DIRECTION ( 'NONE',  ( -1.000000000000000000, -0.000000000000000000, -0.000000000000000000 ) ) ;
#580 = DIRECTION ( 'NONE',  ( 0.000000000000000000, -0.000000000000000000, -1.000000000000000000 ) ) ;
#581 = ORIENTED_EDGE ( 'NONE', *, *, #1363, .F. ) ;
#582 = ORIENTED_EDGE ( 'NONE', *, *, #1384, .T. ) ;
#583 = EDGE_CURVE ( 'NONE', #2633, #4361, #2511, .T. ) ;
#584 = LINE ( 'NONE', #2098, #1801 ) ;
#585 = DIRECTION ( 'NONE',  ( -0.000000000000000000, 1.000000000000000000, -0.000000000000000000 ) ) ;
#586 = PLANE ( 'NONE',  #3702 ) ;
#587 = CARTESIAN_POINT ( 'NONE',  ( 1.800000000000004707, 1.799999999999999600, 4.500000000000000000 ) ) ;
#588 = ORIENTED_EDGE ( 'NONE', *, *, #2733, .F. ) ;
#589 = ADVANCED_FACE ( 'NONE', ( #2856 ), #1369, .T. ) ;
#590 = DIRECTION ( 'NONE',  ( -6.195440985631514482E-16, 1.000000000000000000, 0.000000000000000000 ) ) ;
#591 = PRODUCT_RELATED_PRODUCT_CATEGORY ( 'part', '', ( #2884 ) ) ;
#592 = LINE ( 'NONE', #2155, #777 ) ;
#593 = CYLINDRICAL_SURFACE ( 'NONE', #492, 0.2999999999999999334 ) ;
#594 = CARTESIAN_POINT ( 'NONE',  ( -3.300000000000003819, 1.174999999999999378, 4.034999999999999254 ) ) ;
#595 = CARTESIAN_POINT ( 'NONE',  ( -1.791947670645511081, 1.646483794230512610, 4.255116448749511449 ) ) ;
#596 = CYLINDRICAL_SURFACE ( 'NONE', #69, 0.3500000000000004774 ) ;
#597 = VECTOR ( 'NONE', #4478, 1000.000000000000000 ) ;
#598 = ORIENTED_EDGE ( 'NONE', *, *, #1453, .T. ) ;
#599 = VECTOR ( 'NONE', #664, 1000.000000000000000 ) ;
#600 = FACE_OUTER_BOUND ( 'NONE', #4726, .T. ) ;
#601 = CARTESIAN_POINT ( 'NONE',  ( -4.650000000000000355, 0.2000000000000000111, 4.034999999999999254 ) ) ;
#602 = ORIENTED_EDGE ( 'NONE', *, *, #1946, .T. ) ;
#603 = EDGE_LOOP ( 'NONE', ( #870, #1437, #1897, #4113, #2521, #3409, #2851, #4218, #4212, #1869, #2408, #2237 ) ) ;
#604 = AXIS2_PLACEMENT_3D ( 'NONE', #95, #3849, #1552 ) ;
#605 = DIRECTION ( 'NONE',  ( -1.000000000000000000, -0.000000000000000000, -0.000000000000000000 ) ) ;
#606 = DIRECTION ( 'NONE',  ( -1.000000000000000000, -1.119176436114063908E-15, 0.000000000000000000 ) ) ;
#607 = EDGE_CURVE ( 'NONE', #4384, #2584, #638, .T. ) ;
#608 = CARTESIAN_POINT ( 'NONE',  ( 4.049999999999998934, -4.226590478018756734E-15, 1.544999999999999485 ) ) ;
#609 = VERTEX_POINT ( 'NONE', #4389 ) ;
#610 = CARTESIAN_POINT ( 'NONE',  ( -3.650000000000000355, 1.074999999999999289, 1.544999999999999485 ) ) ;
#611 = CARTESIAN_POINT ( 'NONE',  ( 3.950000000000001954, 0.2999999999999957145, -3.435000000000000497 ) ) ;
#612 = DIRECTION ( 'NONE',  ( -1.000000000000000000, 0.000000000000000000, 0.000000000000000000 ) ) ;
#613 = VECTOR ( 'NONE', #1493, 1000.000000000000000 ) ;
#614 = EDGE_CURVE ( 'NONE', #3011, #4062, #260, .T. ) ;
#615 = AXIS2_PLACEMENT_3D ( 'NONE', #1719, #3587, #228 ) ;
#616 = SURFACE_STYLE_USAGE ( .BOTH. , #1237 ) ;
#617 = LINE ( 'NONE', #4438, #517 ) ;
#618 = DIRECTION ( 'NONE',  ( -0.000000000000000000, -0.000000000000000000, -1.000000000000000000 ) ) ;
#619 = CARTESIAN_POINT ( 'NONE',  ( -1.721749346811466408, 1.632742322194954410, -3.918217646679249988 ) ) ;
#620 = EDGE_LOOP ( 'NONE', ( #1047, #63, #2314, #3147 ) ) ;
#621 = ORIENTED_EDGE ( 'NONE', *, *, #1296, .T. ) ;
#622 = CARTESIAN_POINT ( 'NONE',  ( 3.650000000000000355, 1.074999999999999289, -0.9450000000000005063 ) ) ;
#623 = VECTOR ( 'NONE', #4459, 1000.000000000000000 ) ;
#624 = CARTESIAN_POINT ( 'NONE',  ( 4.649999999999998579, -4.336808689942017736E-15, 0.9449999999999996181 ) ) ;
#625 = VECTOR ( 'NONE', #3109, 1000.000000000000000 ) ;
#626 = ORIENTED_EDGE ( 'NONE', *, *, #4644, .T. ) ;
#627 = CLOSED_SHELL ( 'NONE', ( #4226, #2475, #4442, #1706, #1236, #3229, #2991, #2601, #530, #2784, #4681, #810, #4750, #942 ) ) ;
#628 = COLOUR_RGB ( '',0.2509803921568627416, 0.2509803921568627416, 0.2509803921568627416 ) ;
#629 = ORIENTED_EDGE ( 'NONE', *, *, #2413, .F. ) ;
#630 = DIRECTION ( 'NONE',  ( 1.000000000000000000, 0.000000000000000000, 0.000000000000000000 ) ) ;
#631 = FACE_OUTER_BOUND ( 'NONE', #2882, .T. ) ;
#632 = DIRECTION ( 'NONE',  ( 1.000000000000000000, 0.000000000000000000, 0.000000000000000000 ) ) ;
#633 = DIRECTION ( 'NONE',  ( -0.000000000000000000, -0.000000000000000000, -1.000000000000000000 ) ) ;
#634 = ORIENTED_EDGE ( 'NONE', *, *, #4709, .T. ) ;
#635 = CARTESIAN_POINT ( 'NONE',  ( 4.050000000000000711, 0.2999999999999957145, -4.035000000000000142 ) ) ;
#636 = EDGE_CURVE ( 'NONE', #4507, #3408, #1345, .T. ) ;
#637 = FACE_OUTER_BOUND ( 'NONE', #3410, .T. ) ;
#638 = LINE ( 'NONE', #281, #1503 ) ;
#639 = CLOSED_SHELL ( 'NONE', ( #33, #4586, #3195, #2445, #1631, #4330, #2500, #1246, #386, #1796, #1740, #2628, #4328, #2944 ) ) ;
#640 = ORIENTED_EDGE ( 'NONE', *, *, #1975, .F. ) ;
#641 = AXIS2_PLACEMENT_3D ( 'NONE', #2441, #959, #1710 ) ;
#642 = EDGE_CURVE ( 'NONE', #3228, #4190, #1025, .T. ) ;
#643 = DIRECTION ( 'NONE',  ( 0.000000000000000000, 0.000000000000000000, 1.000000000000000000 ) ) ;
#644 = CARTESIAN_POINT ( 'NONE',  ( 1.152941483267724054, 1.540644262355196137, 4.214895668520429517 ) ) ;
#645 = LINE ( 'NONE', #2902, #369 ) ;
#646 = EDGE_LOOP ( 'NONE', ( #2637, #3530, #1145, #3554 ) ) ;
#647 = EDGE_CURVE ( 'NONE', #1649, #4239, #1773, .T. ) ;
#648 = LINE ( 'NONE', #1783, #1734 ) ;
#649 = DIRECTION ( 'NONE',  ( -0.7071067811865475727, 0.000000000000000000, 0.7071067811865475727 ) ) ;
#650 = ORIENTED_EDGE ( 'NONE', *, *, #4536, .T. ) ;
#651 = ORIENTED_EDGE ( 'NONE', *, *, #700, .F. ) ;
#652 = DIRECTION ( 'NONE',  ( 1.000000000000000000, 0.000000000000000000, 0.000000000000000000 ) ) ;
#653 = LINE ( 'NONE', #362, #1319 ) ;
#654 = CARTESIAN_POINT ( 'NONE',  ( 0.01500000000000112355, 10.59999999999999964, 5.099999999999999645 ) ) ;
#655 = LINE ( 'NONE', #2172, #3987 ) ;
#656 = ORIENTED_EDGE ( 'NONE', *, *, #4561, .T. ) ;
#657 = CARTESIAN_POINT ( 'NONE',  ( -1.800000000000004263, 1.649999999999999467, 3.941933006589727118 ) ) ;
#658 = CARTESIAN_POINT ( 'NONE',  ( -3.950000000000000178, 0.3000000000000000444, 4.034999999999999254 ) ) ;
#659 = CARTESIAN_POINT ( 'NONE',  ( 1.695000000000065343, 3.509999999999868336, -3.390000000000130687 ) ) ;
#660 = EDGE_LOOP ( 'NONE', ( #4034, #4788, #672, #1411 ) ) ;
#661 = PRESENTATION_STYLE_ASSIGNMENT (( #1803 ) ) ;
#662 = LINE ( 'NONE', #1005, #2634 ) ;
#663 = EDGE_CURVE ( 'NONE', #918, #577, #3472, .T. ) ;
#664 = DIRECTION ( 'NONE',  ( -0.000000000000000000, -0.000000000000000000, -1.000000000000000000 ) ) ;
#665 = COLOUR_RGB ( '',0.7921568627450980005, 0.8196078431372548767, 0.9333333333333333481 ) ;
#666 = DIRECTION ( 'NONE',  ( -0.5773502691896702510, 0.5773502691896035266, -0.5773502691896035266 ) ) ;
#667 = VECTOR ( 'NONE', #3138, 1000.000000000000000 ) ;
#668 = DIRECTION ( 'NONE',  ( 0.000000000000000000, -0.000000000000000000, 1.000000000000000000 ) ) ;
#669 = CARTESIAN_POINT ( 'NONE',  ( -0.01500000000000112355, 1.799999999999999600, -5.099999999999999645 ) ) ;
#670 = ORIENTED_EDGE ( 'NONE', *, *, #2911, .T. ) ;
#671 = EDGE_CURVE ( 'NONE', #12, #3609, #1188, .T. ) ;
#672 = ORIENTED_EDGE ( 'NONE', *, *, #1089, .F. ) ;
#673 = VECTOR ( 'NONE', #172, 1000.000000000000000 ) ;
#674 = CYLINDRICAL_SURFACE ( 'NONE', #2839, 0.1000000000000002554 ) ;
#675 = VECTOR ( 'NONE', #934, 1000.000000000000000 ) ;
#676 = LINE ( 'NONE', #3639, #4089 ) ;
#677 = CARTESIAN_POINT ( 'NONE',  ( 4.050000000000000711, 0.1999999999999964029, -0.9450000000000005063 ) ) ;
#678 = DIRECTION ( 'NONE',  ( 1.000000000000000000, 0.000000000000000000, -0.000000000000000000 ) ) ;
#679 = ORIENTED_EDGE ( 'NONE', *, *, #2776, .F. ) ;
#680 = DIRECTION ( 'NONE',  ( -6.195440985631514482E-16, 1.000000000000000000, 0.000000000000000000 ) ) ;
#681 = DIRECTION ( 'NONE',  ( -0.000000000000000000, -0.000000000000000000, -1.000000000000000000 ) ) ;
#682 = VERTEX_POINT ( 'NONE', #2938 ) ;
#683 = ORIENTED_EDGE ( 'NONE', *, *, #2677, .T. ) ;
#684 = CIRCLE ( 'NONE', #1799, 0.1000000000000002554 ) ;
#685 = LINE ( 'NONE', #2033, #1166 ) ;
#686 =( NAMED_UNIT ( * ) SI_UNIT ( $, .STERADIAN. ) SOLID_ANGLE_UNIT ( ) );
#687 = CARTESIAN_POINT ( 'NONE',  ( -3.650000000000000355, 1.374999999999999556, 0.9449999999999996181 ) ) ;
#688 = CARTESIAN_POINT ( 'NONE',  ( 1.942715147507071416, 1.679678953065814939, -4.279347872814629916 ) ) ;
#689 = VECTOR ( 'NONE', #2267, 1000.000000000000000 ) ;
#690 = EDGE_CURVE ( 'NONE', #3299, #2804, #3286, .T. ) ;
#691 = DIRECTION ( 'NONE',  ( 0.000000000000000000, 0.000000000000000000, 1.000000000000000000 ) ) ;
#692 = LINE ( 'NONE', #716, #1817 ) ;
#693 = DIRECTION ( 'NONE',  ( -0.000000000000000000, -0.000000000000000000, -1.000000000000000000 ) ) ;
#694 = ORIENTED_EDGE ( 'NONE', *, *, #4530, .T. ) ;
#695 = VERTEX_POINT ( 'NONE', #3597 ) ;
#696 = CARTESIAN_POINT ( 'NONE',  ( -3.300000000000003819, 1.174999999999999378, -0.9450000000000005063 ) ) ;
#697 = EDGE_CURVE ( 'NONE', #1970, #4021, #2488, .T. ) ;
#698 = FILL_AREA_STYLE ('',( #4011 ) ) ;
#699 = AXIS2_PLACEMENT_3D ( 'NONE', #2756, #1603, #857 ) ;
#700 = EDGE_CURVE ( 'NONE', #1043, #1901, #1704, .T. ) ;
#701 = CARTESIAN_POINT ( 'NONE',  ( -3.300000000000004263, 0.7499999999999993339, -4.799999999999999822 ) ) ;
#702 = LINE ( 'NONE', #5, #2817 ) ;
#703 = EDGE_LOOP ( 'NONE', ( #1185, #3207, #735, #2264 ) ) ;
#704 = AXIS2_PLACEMENT_3D ( 'NONE', #2847, #2799, #1290 ) ;
#705 = CARTESIAN_POINT ( 'NONE',  ( -1.210688251550443351, 1.544790760356907988, 3.822215868842525843 ) ) ;
#706 = EDGE_CURVE ( 'NONE', #1359, #149, #2878, .T. ) ;
#707 = CARTESIAN_POINT ( 'NONE',  ( -3.950000000000000178, 0.3000000000000000444, 0.9449999999999996181 ) ) ;
#708 = ORIENTED_EDGE ( 'NONE', *, *, #1618, .F. ) ;
#709 = ORIENTED_EDGE ( 'NONE', *, *, #1425, .T. ) ;
#710 = CARTESIAN_POINT ( 'NONE',  ( -3.300000000000004263, 1.799999999999999600, 4.799999999999999822 ) ) ;
#711 = CARTESIAN_POINT ( 'NONE',  ( 1.228124600195513949, 1.799999999999999378, 4.500000000000000000 ) ) ;
#712 = FACE_OUTER_BOUND ( 'NONE', #2471, .T. ) ;
#713 = AXIS2_PLACEMENT_3D ( 'NONE', #4149, #3369, #3447 ) ;
#714 = CIRCLE ( 'NONE', #1428, 0.1000000000000002554 ) ;
#715 = LINE ( 'NONE', #1834, #4168 ) ;
#716 = CARTESIAN_POINT ( 'NONE',  ( -3.384999999999998010, 7.200000000000001954, -1.699999999999998401 ) ) ;
#717 = FACE_OUTER_BOUND ( 'NONE', #1310, .T. ) ;
#718 = ORIENTED_EDGE ( 'NONE', *, *, #987, .F. ) ;
#719 = ADVANCED_FACE ( 'NONE', ( #3977 ), #593, .T. ) ;
#720 = DIRECTION ( 'NONE',  ( 0.000000000000000000, -1.000000000000000000, 0.000000000000000000 ) ) ;
#721 = DIRECTION ( 'NONE',  ( 1.000000000000000000, -6.195440985631514482E-16, 0.000000000000000000 ) ) ;
#722 = DIRECTION ( 'NONE',  ( -1.000000000000000000, 0.000000000000000000, 0.000000000000000000 ) ) ;
#723 = DIRECTION ( 'NONE',  ( -0.5773502691896257311, 0.5773502691896257311, -0.5773502691896257311 ) ) ;
#724 = ORIENTED_EDGE ( 'NONE', *, *, #3340, .T. ) ;
#725 = CARTESIAN_POINT ( 'NONE',  ( 3.950000000000001066, 1.074999999999999289, -4.035000000000000142 ) ) ;
#726 = CARTESIAN_POINT ( 'NONE',  ( 3.650000000000000355, 1.074999999999999289, -3.435000000000000497 ) ) ;
#727 = ORIENTED_EDGE ( 'NONE', *, *, #2972, .T. ) ;
#728 = ADVANCED_FACE ( 'NONE', ( #4369 ), #4733, .F. ) ;
#729 = ORIENTED_EDGE ( 'NONE', *, *, #1362, .F. ) ;
#730 = ORIENTED_EDGE ( 'NONE', *, *, #1852, .T. ) ;
#731 = EDGE_CURVE ( 'NONE', #2366, #4327, #875, .T. ) ;
#732 = VERTEX_POINT ( 'NONE', #2853 ) ;
#733 = EDGE_CURVE ( 'NONE', #1021, #873, #3643, .T. ) ;
#734 = CARTESIAN_POINT ( 'NONE',  ( -3.650000000000000355, 1.375000000000000000, 3.434999999999999609 ) ) ;
#735 = ORIENTED_EDGE ( 'NONE', *, *, #1781, .F. ) ;
#736 = FACE_OUTER_BOUND ( 'NONE', #3914, .T. ) ;
#737 = EDGE_CURVE ( 'NONE', #2907, #1649, #1750, .T. ) ;
#738 = UNCERTAINTY_MEASURE_WITH_UNIT (LENGTH_MEASURE( 1.000000000000000082E-05 ), #1613, 'distance_accuracy_value', 'NONE');
#739 = CARTESIAN_POINT ( 'NONE',  ( -3.750000000000000888, 1.074999999999999289, -3.435000000000000497 ) ) ;
#740 = CARTESIAN_POINT ( 'NONE',  ( -3.650000000000000355, 1.174999999999999156, 3.434999999999999609 ) ) ;
#741 = CARTESIAN_POINT ( 'NONE',  ( 3.950000000000001954, 0.2999999999999957145, -0.9450000000000005063 ) ) ;
#742 = ORIENTED_EDGE ( 'NONE', *, *, #1671, .F. ) ;
#743 = CARTESIAN_POINT ( 'NONE',  ( 3.300000000000003819, 1.374999999999999556, 4.034999999999999254 ) ) ;
#744 = VECTOR ( 'NONE', #443, 1000.000000000000000 ) ;
#745 = CARTESIAN_POINT ( 'NONE',  ( -4.050000000000000711, 0.3000000000000000444, -4.035000000000000142 ) ) ;
#746 = FACE_OUTER_BOUND ( 'NONE', #301, .T. ) ;
#747 = VECTOR ( 'NONE', #2734, 1000.000000000000000 ) ;
#748 = ORIENTED_EDGE ( 'NONE', *, *, #141, .T. ) ;
#749 = CARTESIAN_POINT ( 'NONE',  ( 1.800000000000004707, 1.649999999999998579, 3.941933006589726229 ) ) ;
#750 = AXIS2_PLACEMENT_3D ( 'NONE', #3476, #453, #2761 ) ;
#751 = FACE_OUTER_BOUND ( 'NONE', #2346, .T. ) ;
#752 = EDGE_LOOP ( 'NONE', ( #4796, #729, #3007, #1856 ) ) ;
#753 = ORIENTED_EDGE ( 'NONE', *, *, #1323, .F. ) ;
#754 = EDGE_LOOP ( 'NONE', ( #1286, #161, #2116, #2021 ) ) ;
#755 = CARTESIAN_POINT ( 'NONE',  ( 3.300000000000003819, 1.174999999999999378, -0.9450000000000005063 ) ) ;
#756 = EDGE_CURVE ( 'NONE', #3646, #1549, #279, .T. ) ;
#757 = FACE_OUTER_BOUND ( 'NONE', #352, .T. ) ;
#758 = ADVANCED_FACE ( 'NONE', ( #1044 ), #1823, .F. ) ;
#759 = LINE ( 'NONE', #2287, #625 ) ;
#760 = FILL_AREA_STYLE ('',( #1203 ) ) ;
#761 = CARTESIAN_POINT ( 'NONE',  ( -3.750000000000000888, 1.074999999999999289, 3.434999999999999609 ) ) ;
#762 = ORIENTED_EDGE ( 'NONE', *, *, #121, .T. ) ;
#763 = ORIENTED_EDGE ( 'NONE', *, *, #3061, .F. ) ;
#764 = PLANE ( 'NONE',  #2912 ) ;
#765 = VECTOR ( 'NONE', #3786, 1000.000000000000000 ) ;
#766 = CARTESIAN_POINT ( 'NONE',  ( -2.999999999999997335, 1.799999999999999600, 5.099999999999999645 ) ) ;
#767 = CARTESIAN_POINT ( 'NONE',  ( -2.200000000000004619, 10.50000000000000000, -4.649999999999999467 ) ) ;
#768 = LINE ( 'NONE', #2953, #1779 ) ;
#769 = VERTEX_POINT ( 'NONE', #4016 ) ;
#770 = ORIENTED_EDGE ( 'NONE', *, *, #1681, .T. ) ;
#771 = CARTESIAN_POINT ( 'NONE',  ( 3.750000000000000888, 0.2999999999999966582, 3.434999999999999609 ) ) ;
#772 = AXIS2_PLACEMENT_3D ( 'NONE', #4853, #782, #1830 ) ;
#773 = VECTOR ( 'NONE', #2638, 1000.000000000000000 ) ;
#774 = B_SPLINE_CURVE_WITH_KNOTS ( 'NONE', 3,
 ( #253, #4700, #1745, #3659 ),
 .UNSPECIFIED., .F., .F.,
 ( 4, 4 ),
 ( 0.000000000000000000, 0.0005798811913942162038 ),
 .UNSPECIFIED. ) ;
#775 = DIRECTION ( 'NONE',  ( -1.000000000000000000, 0.000000000000000000, 0.000000000000000000 ) ) ;
#776 = ORIENTED_EDGE ( 'NONE', *, *, #3404, .F. ) ;
#777 = VECTOR ( 'NONE', #3216, 1000.000000000000000 ) ;
#778 = ORIENTED_EDGE ( 'NONE', *, *, #2562, .F. ) ;
#779 = ORIENTED_EDGE ( 'NONE', *, *, #4025, .F. ) ;
#780 = ORIENTED_EDGE ( 'NONE', *, *, #4070, .F. ) ;
#781 = EDGE_CURVE ( 'NONE', #3830, #818, #4824, .T. ) ;
#782 = DIRECTION ( 'NONE',  ( -0.000000000000000000, -0.000000000000000000, -1.000000000000000000 ) ) ;
#783 = CARTESIAN_POINT ( 'NONE',  ( -3.000000000000004441, 10.59999999999999964, -5.099999999999999645 ) ) ;
#784 = EDGE_CURVE ( 'NONE', #1335, #854, #3637, .T. ) ;
#785 = EDGE_CURVE ( 'NONE', #4468, #4584, #2154, .T. ) ;
#786 = UNCERTAINTY_MEASURE_WITH_UNIT (LENGTH_MEASURE( 1.000000000000000082E-05 ), #423, 'distance_accuracy_value', 'NONE');
#787 = SURFACE_STYLE_FILL_AREA ( #4537 ) ;
#788 = CARTESIAN_POINT ( 'NONE',  ( 3.300000000000003819, 1.374999999999999556, -1.545000000000000373 ) ) ;
#789 = PLANE ( 'NONE',  #1543 ) ;
#790 = CLOSED_SHELL ( 'NONE', ( #2809, #2710, #3062, #1891, #4233, #4130, #2542, #3468, #273, #208, #261, #993, #93, #4285 ) ) ;
#791 = ORIENTED_EDGE ( 'NONE', *, *, #4479, .F. ) ;
#792 = EDGE_CURVE ( 'NONE', #156, #2121, #4367, .T. ) ;
#793 = EDGE_CURVE ( 'NONE', #4413, #287, #4708, .T. ) ;
#794 = DIRECTION ( 'NONE',  ( 0.000000000000000000, 0.000000000000000000, 1.000000000000000000 ) ) ;
#795 = LINE ( 'NONE', #766, #3615 ) ;
#796 = CYLINDRICAL_SURFACE ( 'NONE', #4179, 0.3500000000000004774 ) ;
#797 = FACE_OUTER_BOUND ( 'NONE', #562, .T. ) ;
#798 = EDGE_LOOP ( 'NONE', ( #2000, #266, #1744, #4484 ) ) ;
#799 = ORIENTED_EDGE ( 'NONE', *, *, #1417, .F. ) ;
#800 = DIRECTION ( 'NONE',  ( 1.836970198721023771E-16, 1.000000000000000000, -0.000000000000000000 ) ) ;
#801 = DIRECTION ( 'NONE',  ( 0.000000000000000000, 0.000000000000000000, 1.000000000000000000 ) ) ;
#802 = DIRECTION ( 'NONE',  ( 0.000000000000000000, 0.000000000000000000, -1.000000000000000000 ) ) ;
#803 = CARTESIAN_POINT ( 'NONE',  ( 4.649999999999998579, -4.336808689942017736E-15, 1.544999999999999485 ) ) ;
#804 = VERTEX_POINT ( 'NONE', #2532 ) ;
#805 = ORIENTED_EDGE ( 'NONE', *, *, #1390, .T. ) ;
#806 = ORIENTED_EDGE ( 'NONE', *, *, #3818, .F. ) ;
#807 = EDGE_LOOP ( 'NONE', ( #2621, #4132, #2764, #3030 ) ) ;
#808 = DIRECTION ( 'NONE',  ( -0.000000000000000000, -0.000000000000000000, -1.000000000000000000 ) ) ;
#809 = FACE_OUTER_BOUND ( 'NONE', #4435, .T. ) ;
#810 = ADVANCED_FACE ( 'NONE', ( #4801 ), #1367, .F. ) ;
#811 =( NAMED_UNIT ( * ) PLANE_ANGLE_UNIT ( ) SI_UNIT ( $, .RADIAN. ) );
#812 = CARTESIAN_POINT ( 'NONE',  ( -4.050000000000000711, 0.3000000000000000444, -3.435000000000000497 ) ) ;
#813 = ORIENTED_EDGE ( 'NONE', *, *, #4651, .F. ) ;
#814 = DIRECTION ( 'NONE',  ( -0.000000000000000000, -0.000000000000000000, -1.000000000000000000 ) ) ;
#815 = CARTESIAN_POINT ( 'NONE',  ( 3.750000000000000888, 0.2999999999999966582, 0.9449999999999996181 ) ) ;
#816 = EDGE_CURVE ( 'NONE', #373, #609, #3282, .T. ) ;
#817 = LINE ( 'NONE', #3481, #4063 ) ;
#818 = VERTEX_POINT ( 'NONE', #1022 ) ;
#819 = VERTEX_POINT ( 'NONE', #3975 ) ;
#820 = VECTOR ( 'NONE', #4371, 1000.000000000000000 ) ;
#821 = CARTESIAN_POINT ( 'NONE',  ( -2.999999999999997335, 1.799999999999999600, 5.099999999999999645 ) ) ;
#822 = DIRECTION ( 'NONE',  ( 0.000000000000000000, -1.000000000000000000, 0.000000000000000000 ) ) ;
#823 = DIRECTION ( 'NONE',  ( -1.000000000000000000, -0.000000000000000000, -0.000000000000000000 ) ) ;
#824 = LINE ( 'NONE', #803, #901 ) ;
#825 = AXIS2_PLACEMENT_3D ( 'NONE', #4822, #3760, #4112 ) ;
#826 = ORIENTED_EDGE ( 'NONE', *, *, #2568, .T. ) ;
#827 = ORIENTED_EDGE ( 'NONE', *, *, #3283, .F. ) ;
#828 = CARTESIAN_POINT ( 'NONE',  ( -3.950000000000000178, 0.3000000000000000444, -1.545000000000000373 ) ) ;
#829 = VECTOR ( 'NONE', #356, 1000.000000000000000 ) ;
#830 = CARTESIAN_POINT ( 'NONE',  ( -4.650000000000000355, 0.000000000000000000, 0.9449999999999996181 ) ) ;
#831 = LINE ( 'NONE', #1179, #2113 ) ;
#832 = CARTESIAN_POINT ( 'NONE',  ( -3.000000000000004441, 10.59999999999999964, -5.099999999999999645 ) ) ;
#833 = FACE_OUTER_BOUND ( 'NONE', #3610, .T. ) ;
#834 = LINE ( 'NONE', #3498, #3672 ) ;
#835 = ORIENTED_EDGE ( 'NONE', *, *, #3775, .T. ) ;
#836 = ORIENTED_EDGE ( 'NONE', *, *, #2890, .T. ) ;
#837 = ADVANCED_FACE ( 'NONE', ( #2895 ), #973, .F. ) ;
#838 = CARTESIAN_POINT ( 'NONE',  ( 3.300000000000003819, 1.174999999999999378, 1.544999999999999485 ) ) ;
#839 = VECTOR ( 'NONE', #2666, 1000.000000000000000 ) ;
#840 = LINE ( 'NONE', #2294, #1405 ) ;
#841 = VECTOR ( 'NONE', #4731, 1000.000000000000000 ) ;
#842 = CARTESIAN_POINT ( 'NONE',  ( -3.300000000000003819, 1.374999999999999556, 3.434999999999999609 ) ) ;
#843 = DIRECTION ( 'NONE',  ( 0.5773502691896702510, 0.5773502691896035266, -0.5773502691896035266 ) ) ;
#844 = VERTEX_POINT ( 'NONE', #235 ) ;
#845 = VERTEX_POINT ( 'NONE', #657 ) ;
#846 = EDGE_CURVE ( 'NONE', #1662, #1645, #3994, .T. ) ;
#847 = VECTOR ( 'NONE', #2718, 1000.000000000000000 ) ;
#848 = DIRECTION ( 'NONE',  ( -1.000000000000000000, 0.000000000000000000, 0.000000000000000000 ) ) ;
#849 = CARTESIAN_POINT ( 'NONE',  ( 3.750000000000000888, 0.2999999999999966582, 1.544999999999999485 ) ) ;
#850 = CARTESIAN_POINT ( 'NONE',  ( -3.950000000000001066, 1.074999999999999289, 1.544999999999999485 ) ) ;
#851 = DIRECTION ( 'NONE',  ( 1.000000000000000000, 1.445602896647339163E-16, -0.000000000000000000 ) ) ;
#852 = AXIS2_PLACEMENT_3D ( 'NONE', #3466, #116, #1602 ) ;
#853 = EDGE_LOOP ( 'NONE', ( #435, #3046, #4571, #454 ) ) ;
#854 = VERTEX_POINT ( 'NONE', #4385 ) ;
#855 = CARTESIAN_POINT ( 'NONE',  ( 4.049999999999998934, -4.226590478018756734E-15, 0.9449999999999996181 ) ) ;
#856 = EDGE_CURVE ( 'NONE', #1224, #983, #3215, .T. ) ;
#857 = DIRECTION ( 'NONE',  ( 0.000000000000000000, 0.000000000000000000, 1.000000000000000000 ) ) ;
#858 = CIRCLE ( 'NONE', #2852, 0.3000000000000007661 ) ;
#859 = LINE ( 'NONE', #1579, #3343 ) ;
#860 = PRESENTATION_LAYER_ASSIGNMENT (  '', '', ( #2990 ) ) ;
#861 = AXIS2_PLACEMENT_3D ( 'NONE', #441, #1949, #3431 ) ;
#862 = DIRECTION ( 'NONE',  ( -1.000000000000000000, 0.000000000000000000, 0.000000000000000000 ) ) ;
#863 = FACE_OUTER_BOUND ( 'NONE', #1723, .T. ) ;
#864 = DIRECTION ( 'NONE',  ( -1.000000000000000000, 0.000000000000000000, 0.000000000000000000 ) ) ;
#865 = EDGE_LOOP ( 'NONE', ( #503, #2076, #2949, #317 ) ) ;
#866 = CARTESIAN_POINT ( 'NONE',  ( -3.300000000000004263, 1.799999999999999600, 4.799999999999999822 ) ) ;
#867 = DIRECTION ( 'NONE',  ( 1.000000000000000000, 0.000000000000000000, 0.000000000000000000 ) ) ;
#868 = CARTESIAN_POINT ( 'NONE',  ( -4.050000000000000711, 1.084202172485504434E-16, -0.9450000000000005063 ) ) ;
#869 = ORIENTED_EDGE ( 'NONE', *, *, #1362, .T. ) ;
#870 = ORIENTED_EDGE ( 'NONE', *, *, #3150, .F. ) ;
#871 = FACE_OUTER_BOUND ( 'NONE', #324, .T. ) ;
#872 = DIRECTION ( 'NONE',  ( -1.000000000000000000, -0.000000000000000000, -0.000000000000000000 ) ) ;
#873 = VERTEX_POINT ( 'NONE', #2174 ) ;
#874 = DIRECTION ( 'NONE',  ( 1.000000000000000000, 0.000000000000000000, -0.000000000000000000 ) ) ;
#875 = CIRCLE ( 'NONE', #4274, 0.1000000000000002554 ) ;
#876 = EDGE_CURVE ( 'NONE', #2367, #2040, #2977, .T. ) ;
#877 = CARTESIAN_POINT ( 'NONE',  ( 4.649999999999998579, -4.336808689942017736E-15, -3.435000000000000497 ) ) ;
#878 = ORIENTED_EDGE ( 'NONE', *, *, #3720, .F. ) ;
#879 = EDGE_LOOP ( 'NONE', ( #4055, #2669, #2722, #2492, #3422, #3962, #1968, #3986, #2919, #392, #3305, #651 ) ) ;
#880 = CARTESIAN_POINT ( 'NONE',  ( 3.650000000000000355, 1.074999999999999289, 4.034999999999999254 ) ) ;
#881 = CARTESIAN_POINT ( 'NONE',  ( -2.999999999999997335, 1.799999999999999600, 5.099999999999999645 ) ) ;
#882 = EDGE_CURVE ( 'NONE', #4659, #3797, #4159, .T. ) ;
#883 = EDGE_CURVE ( 'NONE', #3411, #4081, #1899, .T. ) ;
#884 = EDGE_CURVE ( 'NONE', #433, #845, #3726, .T. ) ;
#885 = PRESENTATION_STYLE_ASSIGNMENT (( #3901 ) ) ;
#886 = PLANE ( 'NONE',  #2052 ) ;
#887 = CARTESIAN_POINT ( 'NONE',  ( -3.950000000000000178, 0.3000000000000000444, -4.035000000000000142 ) ) ;
#888 = EDGE_CURVE ( 'NONE', #732, #966, #2955, .T. ) ;
#889 = LINE ( 'NONE', #3931, #65 ) ;
#890 = EDGE_LOOP ( 'NONE', ( #3707, #494, #3427, #2291, #2513, #1352, #1444, #4404, #1904, #742, #1341, #778 ) ) ;
#891 = CARTESIAN_POINT ( 'NONE',  ( 3.650000000000000355, 1.074999999999999289, -0.9450000000000005063 ) ) ;
#892 = CARTESIAN_POINT ( 'NONE',  ( -2.200000000000004619, 10.50000000000000000, -4.649999999999999467 ) ) ;
#893 = CARTESIAN_POINT ( 'NONE',  ( 3.950000000000001954, 0.2999999999999957145, -0.9450000000000005063 ) ) ;
#894 = ORIENTED_EDGE ( 'NONE', *, *, #1475, .F. ) ;
#895 = ORIENTED_EDGE ( 'NONE', *, *, #155, .F. ) ;
#896 = PLANE ( 'NONE',  #3355 ) ;
#897 = DIRECTION ( 'NONE',  ( 0.7071067811865475727, -0.7071067811865475727, 0.000000000000000000 ) ) ;
#898 = CARTESIAN_POINT ( 'NONE',  ( 3.650000000000000355, 1.074999999999999289, 4.034999999999999254 ) ) ;
#899 = LINE ( 'NONE', #1951, #3583 ) ;
#900 = EDGE_LOOP ( 'NONE', ( #4650, #1121, #4224, #967 ) ) ;
#901 = VECTOR ( 'NONE', #2327, 1000.000000000000000 ) ;
#902 = VERTEX_POINT ( 'NONE', #2324 ) ;
#903 = CARTESIAN_POINT ( 'NONE',  ( 4.050000000000000711, 0.1999999999999964029, 3.434999999999999609 ) ) ;
#904 = EDGE_CURVE ( 'NONE', #2930, #732, #684, .T. ) ;
#905 = AXIS2_PLACEMENT_3D ( 'NONE', #877, #541, #1272 ) ;
#906 = DIRECTION ( 'NONE',  ( 1.000000000000000000, 0.000000000000000000, 0.000000000000000000 ) ) ;
#907 = AXIS2_PLACEMENT_3D ( 'NONE', #2320, #77, #1564 ) ;
#908 = MECHANICAL_DESIGN_GEOMETRIC_PRESENTATION_REPRESENTATION (  '', ( #144 ), #66 ) ;
#909 = EDGE_CURVE ( 'NONE', #946, #1549, #2362, .T. ) ;
#910 = DIRECTION ( 'NONE',  ( 0.000000000000000000, 0.000000000000000000, -1.000000000000000000 ) ) ;
#911 = VECTOR ( 'NONE', #1409, 1000.000000000000000 ) ;
#912 = DIRECTION ( 'NONE',  ( 1.000000000000000000, 1.836970198721029688E-16, -0.000000000000000000 ) ) ;
#913 = CARTESIAN_POINT ( 'NONE',  ( -1.318735492947477939, 1.563587871858632461, -4.220863957805100597 ) ) ;
#914 = ORIENTED_EDGE ( 'NONE', *, *, #3196, .F. ) ;
#915 = DIRECTION ( 'NONE',  ( -0.000000000000000000, -0.000000000000000000, -1.000000000000000000 ) ) ;
#916 = CARTESIAN_POINT ( 'NONE',  ( -4.650000000000000355, 0.000000000000000000, -0.9450000000000005063 ) ) ;
#917 = CYLINDRICAL_SURFACE ( 'NONE', #2106, 0.1000000000000002554 ) ;
#918 = VERTEX_POINT ( 'NONE', #2605 ) ;
#919 = VECTOR ( 'NONE', #910, 1000.000000000000000 ) ;
#920 = ORIENTED_EDGE ( 'NONE', *, *, #3846, .T. ) ;
#921 = CARTESIAN_POINT ( 'NONE',  ( -1.800000000000004263, 1.649999999999999467, 3.941933006589727118 ) ) ;
#922 = DIRECTION ( 'NONE',  ( 0.000000000000000000, -1.000000000000000000, 0.000000000000000000 ) ) ;
#923 = CARTESIAN_POINT ( 'NONE',  ( 4.650000000000000355, 0.1999999999999956812, 4.034999999999999254 ) ) ;
#924 = CARTESIAN_POINT ( 'NONE',  ( 0.01500000000000112355, 0.000000000000000000, -5.099999999999999645 ) ) ;
#925 = ORIENTED_EDGE ( 'NONE', *, *, #2073, .T. ) ;
#926 = CARTESIAN_POINT ( 'NONE',  ( 4.649999999999998579, -4.336808689942017736E-15, -0.9450000000000005063 ) ) ;
#927 = VECTOR ( 'NONE', #3300, 1000.000000000000000 ) ;
#928 = DIRECTION ( 'NONE',  ( -0.000000000000000000, -0.000000000000000000, -1.000000000000000000 ) ) ;
#929 = CARTESIAN_POINT ( 'NONE',  ( 3.950000000000001954, 0.2999999999999957145, 1.544999999999999485 ) ) ;
#930 = VECTOR ( 'NONE', #4069, 1000.000000000000000 ) ;
#931 = ADVANCED_FACE ( 'NONE', ( #3717 ), #2648, .F. ) ;
#932 = ORIENTED_EDGE ( 'NONE', *, *, #288, .T. ) ;
#933 = VECTOR ( 'NONE', #1963, 1000.000000000000000 ) ;
#934 = DIRECTION ( 'NONE',  ( -0.000000000000000000, -0.000000000000000000, -1.000000000000000000 ) ) ;
#935 = CARTESIAN_POINT ( 'NONE',  ( -3.300000000000003819, 1.374999999999999556, 1.544999999999999485 ) ) ;
#936 = EDGE_CURVE ( 'NONE', #1359, #1970, #1165, .T. ) ;
#937 = DIRECTION ( 'NONE',  ( 0.000000000000000000, 0.000000000000000000, 1.000000000000000000 ) ) ;
#938 = EDGE_LOOP ( 'NONE', ( #1115, #4308 ) ) ;
#939 = ORIENTED_EDGE ( 'NONE', *, *, #2034, .F. ) ;
#940 = CIRCLE ( 'NONE', #704, 0.3000000000000007661 ) ;
#941 = DIRECTION ( 'NONE',  ( -0.000000000000000000, -0.000000000000000000, -1.000000000000000000 ) ) ;
#942 = ADVANCED_FACE ( 'NONE', ( #3326 ), #4133, .F. ) ;
#943 = DIRECTION ( 'NONE',  ( -1.000000000000000000, 0.000000000000000000, 0.000000000000000000 ) ) ;
#944 = ADVANCED_FACE ( 'NONE', ( #2699 ), #347, .F. ) ;
#945 = ORIENTED_EDGE ( 'NONE', *, *, #1245, .F. ) ;
#946 = VERTEX_POINT ( 'NONE', #3430 ) ;
#947 = DIRECTION ( 'NONE',  ( -0.000000000000000000, -0.000000000000000000, -1.000000000000000000 ) ) ;
#948 = DIRECTION ( 'NONE',  ( 0.000000000000000000, 0.000000000000000000, 1.000000000000000000 ) ) ;
#949 = CARTESIAN_POINT ( 'NONE',  ( -3.300000000000003819, 1.374999999999999556, -0.9450000000000005063 ) ) ;
#950 = CARTESIAN_POINT ( 'NONE',  ( -2.200000000000004619, 10.59999999999999964, -4.299999999999998934 ) ) ;
#951 = VERTEX_POINT ( 'NONE', #4185 ) ;
#952 = DIRECTION ( 'NONE',  ( -0.000000000000000000, -0.000000000000000000, -1.000000000000000000 ) ) ;
#953 = VECTOR ( 'NONE', #4754, 1000.000000000000000 ) ;
#954 = CARTESIAN_POINT ( 'NONE',  ( -4.050000000000000711, 1.084202172485504434E-16, 4.034999999999999254 ) ) ;
#955 = DIRECTION ( 'NONE',  ( 1.000000000000000000, -1.836970198721023771E-16, 0.000000000000000000 ) ) ;
#956 = SURFACE_SIDE_STYLE ('',( #519 ) ) ;
#957 = FILL_AREA_STYLE ('',( #4349 ) ) ;
#958 = SURFACE_STYLE_USAGE ( .BOTH. , #216 ) ;
#959 = DIRECTION ( 'NONE',  ( -1.000000000000000000, 8.673617379884033894E-15, 0.000000000000000000 ) ) ;
#960 = CARTESIAN_POINT ( 'NONE',  ( -1.678098838434748830, 1.799999999999999600, -4.500000000000000000 ) ) ;
#961 = ORIENTED_EDGE ( 'NONE', *, *, #3565, .T. ) ;
#962 = EDGE_CURVE ( 'NONE', #103, #2299, #437, .T. ) ;
#963 = CARTESIAN_POINT ( 'NONE',  ( -4.650000000000000355, 0.2000000000000000111, -0.9450000000000005063 ) ) ;
#964 = PLANE ( 'NONE',  #2179 ) ;
#965 = ORIENTED_EDGE ( 'NONE', *, *, #3252, .F. ) ;
#966 = VERTEX_POINT ( 'NONE', #771 ) ;
#967 = ORIENTED_EDGE ( 'NONE', *, *, #2508, .T. ) ;
#968 = CARTESIAN_POINT ( 'NONE',  ( 4.050000000000000711, 0.2999999999999957145, -3.435000000000000497 ) ) ;
#969 = ADVANCED_FACE ( 'NONE', ( #3793 ), #1516, .F. ) ;
#970 = DIRECTION ( 'NONE',  ( 0.000000000000000000, -1.000000000000000000, 0.000000000000000000 ) ) ;
#971 = CARTESIAN_POINT ( 'NONE',  ( -4.650000000000000355, 0.2000000000000000111, 4.034999999999999254 ) ) ;
#972 = ORIENTED_EDGE ( 'NONE', *, *, #876, .T. ) ;
#973 = PLANE ( 'NONE',  #4783 ) ;
#974 = EDGE_CURVE ( 'NONE', #3182, #1718, #368, .T. ) ;
#975 = CARTESIAN_POINT ( 'NONE',  ( -3.950000000000000178, 0.3000000000000000444, 3.434999999999999609 ) ) ;
#976 = CARTESIAN_POINT ( 'NONE',  ( -3.650000000000000355, 1.374999999999999556, -3.435000000000000497 ) ) ;
#977 = AXIS2_PLACEMENT_3D ( 'NONE', #3928, #2036, #862 ) ;
#978 = PLANE ( 'NONE',  #2479 ) ;
#979 = CARTESIAN_POINT ( 'NONE',  ( -2.047633668392495832, 1.704191579310804006, -4.021277356386400825 ) ) ;
#980 = VECTOR ( 'NONE', #3948, 1000.000000000000000 ) ;
#981 = ORIENTED_EDGE ( 'NONE', *, *, #2680, .F. ) ;
#982 = UNCERTAINTY_MEASURE_WITH_UNIT (LENGTH_MEASURE( 1.000000000000000082E-05 ), #1400, 'distance_accuracy_value', 'NONE');
#983 = VERTEX_POINT ( 'NONE', #725 ) ;
#984 = PLANE ( 'NONE',  #2054 ) ;
#985 = CARTESIAN_POINT ( 'NONE',  ( -3.300000000000003819, 1.374999999999999556, -0.9450000000000005063 ) ) ;
#986 = ORIENTED_EDGE ( 'NONE', *, *, #416, .T. ) ;
#987 = EDGE_CURVE ( 'NONE', #3182, #4068, #1870, .T. ) ;
#988 = ORIENTED_EDGE ( 'NONE', *, *, #1245, .T. ) ;
#989 = PRESENTATION_LAYER_ASSIGNMENT (  '', '', ( #4462 ) ) ;
#990 = CARTESIAN_POINT ( 'NONE',  ( 1.800000000000004707, 1.752248901976105167, 4.414406632907065031 ) ) ;
#991 = CARTESIAN_POINT ( 'NONE',  ( -4.050000000000000711, 1.102182119232617541E-16, -0.9450000000000005063 ) ) ;
#992 = CYLINDRICAL_SURFACE ( 'NONE', #3416, 0.2999999999999999334 ) ;
#993 = ADVANCED_FACE ( 'NONE', ( #3891 ), #896, .F. ) ;
#994 = ORIENTED_EDGE ( 'NONE', *, *, #614, .T. ) ;
#995 = DIRECTION ( 'NONE',  ( 0.5773502691896702510, -0.5773502691896035266, -0.5773502691896035266 ) ) ;
#996 = LINE ( 'NONE', #2916, #4408 ) ;
#997 = AXIS2_PLACEMENT_3D ( 'NONE', #2398, #3789, #1562 ) ;
#998 = CARTESIAN_POINT ( 'NONE',  ( 4.049999999999998934, -4.226590478018756734E-15, -4.035000000000000142 ) ) ;
#999 = AXIS2_PLACEMENT_3D ( 'NONE', #1947, #4091, #418 ) ;
#1000 = EDGE_CURVE ( 'NONE', #3629, #4033, #2426, .T. ) ;
#1001 = ORIENTED_EDGE ( 'NONE', *, *, #2883, .T. ) ;
#1002 = CIRCLE ( 'NONE', #1078, 0.2999999999999999334 ) ;
#1003 =( LENGTH_UNIT ( ) NAMED_UNIT ( * ) SI_UNIT ( .MILLI., .METRE. ) );
#1004 = CARTESIAN_POINT ( 'NONE',  ( 4.650000000000000355, 0.1999999999999956812, 0.9449999999999996181 ) ) ;
#1005 = CARTESIAN_POINT ( 'NONE',  ( 3.300000000000003819, 1.374999999999999556, 4.034999999999999254 ) ) ;
#1006 = CARTESIAN_POINT ( 'NONE',  ( -3.950000000000000178, 0.3000000000000000444, 4.034999999999999254 ) ) ;
#1007 = VECTOR ( 'NONE', #4684, 1000.000000000000000 ) ;
#1008 = ORIENTED_EDGE ( 'NONE', *, *, #1123, .F. ) ;
#1009 = DIRECTION ( 'NONE',  ( -0.000000000000000000, -0.000000000000000000, -1.000000000000000000 ) ) ;
#1010 = VECTOR ( 'NONE', #906, 1000.000000000000000 ) ;
#1011 = PLANE ( 'NONE',  #1140 ) ;
#1012 = VECTOR ( 'NONE', #122, 1000.000000000000000 ) ;
#1013 = ORIENTED_EDGE ( 'NONE', *, *, #2716, .F. ) ;
#1014 = ORIENTED_EDGE ( 'NONE', *, *, #157, .T. ) ;
#1015 = DIRECTION ( 'NONE',  ( 0.000000000000000000, 0.000000000000000000, 1.000000000000000000 ) ) ;
#1016 = VECTOR ( 'NONE', #1544, 1000.000000000000000 ) ;
#1017 = SURFACE_SIDE_STYLE ('',( #1386 ) ) ;
#1018 = CARTESIAN_POINT ( 'NONE',  ( 0.000000000000000000, 0.000000000000000000, 5.099999999999999645 ) ) ;
#1019 = CARTESIAN_POINT ( 'NONE',  ( 3.300000000000003819, 1.374999999999999556, -3.435000000000000497 ) ) ;
#1020 = VECTOR ( 'NONE', #321, 1000.000000000000000 ) ;
#1021 = VERTEX_POINT ( 'NONE', #821 ) ;
#1022 = CARTESIAN_POINT ( 'NONE',  ( -3.750000000000000888, 1.074999999999999289, -0.9450000000000005063 ) ) ;
#1023 = EDGE_CURVE ( 'NONE', #3792, #3922, #462, .T. ) ;
#1024 = DIRECTION ( 'NONE',  ( -0.000000000000000000, -0.000000000000000000, -1.000000000000000000 ) ) ;
#1025 = LINE ( 'NONE', #4803, #3714 ) ;
#1026 = EDGE_LOOP ( 'NONE', ( #4268, #4496, #1097, #1046 ) ) ;
#1027 = VECTOR ( 'NONE', #4568, 1000.000000000000000 ) ;
#1028 = LINE ( 'NONE', #2563, #1489 ) ;
#1029 =( NAMED_UNIT ( * ) SI_UNIT ( $, .STERADIAN. ) SOLID_ANGLE_UNIT ( ) );
#1030 = CARTESIAN_POINT ( 'NONE',  ( -2.047633668392495832, 1.704191579310802673, 4.021277356386399049 ) ) ;
#1031 = DIRECTION ( 'NONE',  ( -8.377925878297078462E-16, 1.000000000000000000, -0.000000000000000000 ) ) ;
#1032 = ORIENTED_EDGE ( 'NONE', *, *, #1911, .T. ) ;
#1033 = EDGE_CURVE ( 'NONE', #3411, #2146, #3164, .T. ) ;
#1034 = CARTESIAN_POINT ( 'NONE',  ( 3.650000000000000355, 1.074999999999999289, -1.545000000000000373 ) ) ;
#1035 = LINE ( 'NONE', #949, #3782 ) ;
#1036 = CARTESIAN_POINT ( 'NONE',  ( -3.650000000000000355, 1.074999999999999289, -3.435000000000000497 ) ) ;
#1037 = VERTEX_POINT ( 'NONE', #1971 ) ;
#1038 = VERTEX_POINT ( 'NONE', #3459 ) ;
#1039 = FACE_OUTER_BOUND ( 'NONE', #3740, .T. ) ;
#1040 = LINE ( 'NONE', #3301, #2988 ) ;
#1041 = DIRECTION ( 'NONE',  ( 0.000000000000000000, 0.000000000000000000, 1.000000000000000000 ) ) ;
#1042 = DIRECTION ( 'NONE',  ( -0.000000000000000000, -0.000000000000000000, -1.000000000000000000 ) ) ;
#1043 = VERTEX_POINT ( 'NONE', #1620 ) ;
#1044 = FACE_OUTER_BOUND ( 'NONE', #2012, .T. ) ;
#1045 = DIRECTION ( 'NONE',  ( 0.000000000000000000, -0.000000000000000000, -1.000000000000000000 ) ) ;
#1046 = ORIENTED_EDGE ( 'NONE', *, *, #4807, .T. ) ;
#1047 = ORIENTED_EDGE ( 'NONE', *, *, #4550, .T. ) ;
#1048 = EDGE_CURVE ( 'NONE', #3944, #1538, #1878, .T. ) ;
#1049 = DIRECTION ( 'NONE',  ( -1.000000000000000000, -0.000000000000000000, -0.000000000000000000 ) ) ;
#1050 = DIRECTION ( 'NONE',  ( 0.000000000000000000, 0.000000000000000000, 1.000000000000000000 ) ) ;
#1051 = DIRECTION ( 'NONE',  ( -0.000000000000000000, -0.000000000000000000, -1.000000000000000000 ) ) ;
#1052 = VERTEX_POINT ( 'NONE', #2078 ) ;
#1053 = EDGE_CURVE ( 'NONE', #4844, #3347, #4309, .T. ) ;
#1054 = MECHANICAL_DESIGN_GEOMETRIC_PRESENTATION_REPRESENTATION (  '', ( #3179 ), #2657 ) ;
#1055 = LINE ( 'NONE', #4397, #2538 ) ;
#1056 = AXIS2_PLACEMENT_3D ( 'NONE', #2126, #1092, #4061 ) ;
#1057 = PLANE ( 'NONE',  #2223 ) ;
#1058 = LINE ( 'NONE', #3319, #3040 ) ;
#1059 = VERTEX_POINT ( 'NONE', #2349 ) ;
#1060 = EDGE_LOOP ( 'NONE', ( #2383, #120, #1617, #2103 ) ) ;
#1061 = EDGE_CURVE ( 'NONE', #845, #3922, #1305, .T. ) ;
#1062 = VECTOR ( 'NONE', #4421, 1000.000000000000000 ) ;
#1063 = LINE ( 'NONE', #4127, #765 ) ;
#1064 = SURFACE_STYLE_USAGE ( .BOTH. , #2243 ) ;
#1065 = DIRECTION ( 'NONE',  ( -1.000000000000000000, 0.000000000000000000, 0.000000000000000000 ) ) ;
#1066 = CARTESIAN_POINT ( 'NONE',  ( -4.050000000000000711, 1.084202172485504434E-16, 0.9449999999999996181 ) ) ;
#1067 = VECTOR ( 'NONE', #1500, 1000.000000000000000 ) ;
#1068 = ORIENTED_EDGE ( 'NONE', *, *, #4030, .F. ) ;
#1069 = CARTESIAN_POINT ( 'NONE',  ( -0.2998501602642980601, 1.468061203120623937, 3.755903823309808320 ) ) ;
#1070 = DIRECTION ( 'NONE',  ( 6.195440985631514482E-16, 1.000000000000000000, -0.000000000000000000 ) ) ;
#1071 = ORIENTED_EDGE ( 'NONE', *, *, #1123, .T. ) ;
#1072 = ORIENTED_EDGE ( 'NONE', *, *, #438, .T. ) ;
#1073 = CARTESIAN_POINT ( 'NONE',  ( 4.050000000000000711, 0.2999999999999957145, -4.035000000000000142 ) ) ;
#1074 = ADVANCED_FACE ( 'NONE', ( #2724 ), #1643, .F. ) ;
#1075 = DIRECTION ( 'NONE',  ( -0.000000000000000000, -0.000000000000000000, -1.000000000000000000 ) ) ;
#1076 = CARTESIAN_POINT ( 'NONE',  ( 1.314770349698415774, 1.562966127426447027, 4.220649271731597985 ) ) ;
#1077 = CARTESIAN_POINT ( 'NONE',  ( 1.721799764754675222, 1.632710683235729210, -3.918145452391156969 ) ) ;
#1078 = AXIS2_PLACEMENT_3D ( 'NONE', #3988, #1015, #1360 ) ;
#1079 = EDGE_CURVE ( 'NONE', #951, #4033, #3076, .T. ) ;
#1080 = VECTOR ( 'NONE', #74, 1000.000000000000000 ) ;
#1081 = FACE_OUTER_BOUND ( 'NONE', #4157, .T. ) ;
#1082 = DIRECTION ( 'NONE',  ( 0.000000000000000000, 0.000000000000000000, 1.000000000000000000 ) ) ;
#1083 = PLANE ( 'NONE',  #4534 ) ;
#1084 = ORIENTED_EDGE ( 'NONE', *, *, #4242, .T. ) ;
#1085 = ORIENTED_EDGE ( 'NONE', *, *, #2220, .F. ) ;
#1086 = AXIS2_PLACEMENT_3D ( 'NONE', #1158, #4596, #412 ) ;
#1087 = CARTESIAN_POINT ( 'NONE',  ( -3.950000000000000178, 0.3000000000000000444, 4.034999999999999254 ) ) ;
#1088 = SURFACE_STYLE_FILL_AREA ( #698 ) ;
#1089 = EDGE_CURVE ( 'NONE', #1693, #1718, #4208, .T. ) ;
#1090 = LINE ( 'NONE', #701, #3926 ) ;
#1091 = ADVANCED_FACE ( 'NONE', ( #2818 ), #3511, .F. ) ;
#1092 = DIRECTION ( 'NONE',  ( -0.000000000000000000, -0.000000000000000000, -1.000000000000000000 ) ) ;
#1093 = MECHANICAL_DESIGN_GEOMETRIC_PRESENTATION_REPRESENTATION (  '', ( #2990 ), #474 ) ;
#1094 = VERTEX_POINT ( 'NONE', #4653 ) ;
#1095 = DIRECTION ( 'NONE',  ( -1.000000000000000000, 0.000000000000000000, 0.000000000000000000 ) ) ;
#1096 = DIRECTION ( 'NONE',  ( 1.119176436114070022E-15, -1.000000000000000000, -0.000000000000000000 ) ) ;
#1097 = ORIENTED_EDGE ( 'NONE', *, *, #1023, .F. ) ;
#1098 = AXIS2_PLACEMENT_3D ( 'NONE', #3712, #3687, #344 ) ;
#1099 = AXIS2_PLACEMENT_3D ( 'NONE', #540, #185, #2405 ) ;
#1100 = ORIENTED_EDGE ( 'NONE', *, *, #2918, .T. ) ;
#1101 = ORIENTED_EDGE ( 'NONE', *, *, #2941, .T. ) ;
#1102 = DIRECTION ( 'NONE',  ( 0.000000000000000000, 0.000000000000000000, -1.000000000000000000 ) ) ;
#1103 = VERTEX_POINT ( 'NONE', #1244 ) ;
#1104 = VECTOR ( 'NONE', #2535, 1000.000000000000000 ) ;
#1105 = LINE ( 'NONE', #269, #2461 ) ;
#1106 = SURFACE_SIDE_STYLE ('',( #2687 ) ) ;
#1107 = DIRECTION ( 'NONE',  ( -0.000000000000000000, 0.000000000000000000, -1.000000000000000000 ) ) ;
#1108 = ORIENTED_EDGE ( 'NONE', *, *, #288, .F. ) ;
#1109 = ORIENTED_EDGE ( 'NONE', *, *, #1679, .F. ) ;
#1110 = EDGE_CURVE ( 'NONE', #4080, #3181, #1998, .T. ) ;
#1111 = DIRECTION ( 'NONE',  ( 1.000000000000000000, 1.119176436114069825E-15, -0.000000000000000000 ) ) ;
#1112 = CARTESIAN_POINT ( 'NONE',  ( 3.950000000000001066, 1.074999999999999289, -0.9450000000000005063 ) ) ;
#1113 = DIRECTION ( 'NONE',  ( -0.000000000000000000, 0.000000000000000000, 1.000000000000000000 ) ) ;
#1114 = FACE_OUTER_BOUND ( 'NONE', #1358, .T. ) ;
#1115 = ORIENTED_EDGE ( 'NONE', *, *, #31, .T. ) ;
#1116 = VERTEX_POINT ( 'NONE', #3121 ) ;
#1117 = DIRECTION ( 'NONE',  ( 1.000000000000000000, 0.000000000000000000, -0.000000000000000000 ) ) ;
#1118 = EDGE_CURVE ( 'NONE', #1699, #4605, #2774, .T. ) ;
#1119 = DIRECTION ( 'NONE',  ( 0.000000000000000000, 0.000000000000000000, -1.000000000000000000 ) ) ;
#1120 = EDGE_LOOP ( 'NONE', ( #11, #965, #763, #2903 ) ) ;
#1121 = ORIENTED_EDGE ( 'NONE', *, *, #1079, .F. ) ;
#1122 = ORIENTED_EDGE ( 'NONE', *, *, #4298, .F. ) ;
#1123 = EDGE_CURVE ( 'NONE', #1094, #1059, #3903, .T. ) ;
#1124 = CARTESIAN_POINT ( 'NONE',  ( 4.049999999999998934, -4.226590478018756734E-15, -4.035000000000000142 ) ) ;
#1125 =( LENGTH_UNIT ( ) NAMED_UNIT ( * ) SI_UNIT ( .MILLI., .METRE. ) );
#1126 = CARTESIAN_POINT ( 'NONE',  ( -3.300000000000004263, 1.799999999999999600, 4.799999999999999822 ) ) ;
#1127 = FACE_OUTER_BOUND ( 'NONE', #754, .T. ) ;
#1128 = CARTESIAN_POINT ( 'NONE',  ( -4.050000000000000711, 0.2000000000000000111, -3.435000000000000497 ) ) ;
#1129 = VERTEX_POINT ( 'NONE', #4262 ) ;
#1130 = DIRECTION ( 'NONE',  ( -0.000000000000000000, 1.000000000000000000, -0.000000000000000000 ) ) ;
#1131 =( GEOMETRIC_REPRESENTATION_CONTEXT ( 3 ) GLOBAL_UNCERTAINTY_ASSIGNED_CONTEXT ( ( #404 ) ) GLOBAL_UNIT_ASSIGNED_CONTEXT ( ( #4098, #2139, #1029 ) ) REPRESENTATION_CONTEXT ( 'NONE', 'WORKASPACE' ) );
#1132 = DIRECTION ( 'NONE',  ( -0.000000000000000000, -0.000000000000000000, -1.000000000000000000 ) ) ;
#1133 = PLANE ( 'NONE',  #1332 ) ;
#1134 = ADVANCED_FACE ( 'NONE', ( #871 ), #4284, .T. ) ;
#1135 = DIRECTION ( 'NONE',  ( -0.000000000000000000, -0.000000000000000000, -1.000000000000000000 ) ) ;
#1136 = ORIENTED_EDGE ( 'NONE', *, *, #2914, .F. ) ;
#1137 = ORIENTED_EDGE ( 'NONE', *, *, #4364, .F. ) ;
#1138 = CIRCLE ( 'NONE', #1056, 0.09999999999999939493 ) ;
#1139 = DIRECTION ( 'NONE',  ( -1.000000000000000000, 1.836970198721023771E-16, 0.000000000000000000 ) ) ;
#1140 = AXIS2_PLACEMENT_3D ( 'NONE', #292, #4858, #2969 ) ;
#1141 = FACE_OUTER_BOUND ( 'NONE', #3463, .T. ) ;
#1142 = EDGE_LOOP ( 'NONE', ( #2597, #2071, #164, #2845 ) ) ;
#1143 = ADVANCED_FACE ( 'NONE', ( #1039 ), #4747, .F. ) ;
#1144 = ORIENTED_EDGE ( 'NONE', *, *, #2862, .T. ) ;
#1145 = ORIENTED_EDGE ( 'NONE', *, *, #499, .F. ) ;
#1146 = VECTOR ( 'NONE', #3442, 1000.000000000000000 ) ;
#1147 = PRESENTATION_STYLE_ASSIGNMENT (( #2309 ) ) ;
#1148 = EDGE_CURVE ( 'NONE', #1692, #1466, #774, .T. ) ;
#1149 = EDGE_CURVE ( 'NONE', #983, #244, #4554, .T. ) ;
#1150 = LINE ( 'NONE', #783, #2591 ) ;
#1151 = AXIS2_PLACEMENT_3D ( 'NONE', #4111, #722, #1416 ) ;
#1152 = VECTOR ( 'NONE', #2840, 1000.000000000000000 ) ;
#1153 = CARTESIAN_POINT ( 'NONE',  ( 4.050000000000000711, 0.2999999999999957145, 1.544999999999999485 ) ) ;
#1154 = DIRECTION ( 'NONE',  ( -1.000000000000000000, -0.000000000000000000, -0.000000000000000000 ) ) ;
#1155 = ORIENTED_EDGE ( 'NONE', *, *, #4296, .T. ) ;
#1156 = DIRECTION ( 'NONE',  ( -1.000000000000000000, -0.000000000000000000, -0.000000000000000000 ) ) ;
#1157 = VECTOR ( 'NONE', #4673, 1000.000000000000000 ) ;
#1158 = CARTESIAN_POINT ( 'NONE',  ( 0.000000000000000000, 10.58500000000000085, 0.000000000000000000 ) ) ;
#1159 = LINE ( 'NONE', #2694, #3439 ) ;
#1160 = DIRECTION ( 'NONE',  ( -0.000000000000000000, -0.000000000000000000, -1.000000000000000000 ) ) ;
#1161 = VECTOR ( 'NONE', #2448, 1000.000000000000000 ) ;
#1162 = ORIENTED_EDGE ( 'NONE', *, *, #1000, .F. ) ;
#1163 = VECTOR ( 'NONE', #570, 1000.000000000000000 ) ;
#1164 = EDGE_LOOP ( 'NONE', ( #1014, #2147, #4282, #1174 ) ) ;
#1165 = LINE ( 'NONE', #4504, #4079 ) ;
#1166 = VECTOR ( 'NONE', #4665, 1000.000000000000000 ) ;
#1167 = DIRECTION ( 'NONE',  ( -6.195440985631514482E-16, 1.000000000000000000, 0.000000000000000000 ) ) ;
#1168 = ORIENTED_EDGE ( 'NONE', *, *, #909, .T. ) ;
#1169 = CARTESIAN_POINT ( 'NONE',  ( 4.650000000000000355, 0.1999999999999956812, -4.035000000000000142 ) ) ;
#1170 = PLANE ( 'NONE',  #905 ) ;
#1171 = AXIS2_PLACEMENT_3D ( 'NONE', #4602, #822, #4656 ) ;
#1172 = ORIENTED_EDGE ( 'NONE', *, *, #1955, .T. ) ;
#1173 = ORIENTED_EDGE ( 'NONE', *, *, #1148, .T. ) ;
#1174 = ORIENTED_EDGE ( 'NONE', *, *, #2284, .F. ) ;
#1175 = EDGE_CURVE ( 'NONE', #951, #1359, #461, .T. ) ;
#1176 = VECTOR ( 'NONE', #2325, 1000.000000000000000 ) ;
#1177 = CARTESIAN_POINT ( 'NONE',  ( 0.000000000000000000, 10.58500000000000085, 5.084999999999999964 ) ) ;
#1178 = AXIS2_PLACEMENT_3D ( 'NONE', #3272, #4786, #2928 ) ;
#1179 = CARTESIAN_POINT ( 'NONE',  ( 4.650000000000000355, 0.1999999999999956812, 4.034999999999999254 ) ) ;
#1180 = ORIENTED_EDGE ( 'NONE', *, *, #2220, .T. ) ;
#1181 = ADVANCED_FACE ( 'NONE', ( #4010 ), #3208, .F. ) ;
#1182 = DIRECTION ( 'NONE',  ( 1.000000000000000000, 0.000000000000000000, -0.000000000000000000 ) ) ;
#1183 =( GEOMETRIC_REPRESENTATION_CONTEXT ( 3 ) GLOBAL_UNCERTAINTY_ASSIGNED_CONTEXT ( ( #1527 ) ) GLOBAL_UNIT_ASSIGNED_CONTEXT ( ( #2335, #811, #382 ) ) REPRESENTATION_CONTEXT ( 'NONE', 'WORKASPACE' ) );
#1184 = LINE ( 'NONE', #2364, #1945 ) ;
#1185 = ORIENTED_EDGE ( 'NONE', *, *, #1454, .T. ) ;
#1186 = CARTESIAN_POINT ( 'NONE',  ( 1.800000000000004707, 1.799999999999999600, -4.500000000000000000 ) ) ;
#1187 = EDGE_CURVE ( 'NONE', #4343, #1553, #3277, .T. ) ;
#1188 = CIRCLE ( 'NONE', #3085, 0.2999999999999999334 ) ;
#1189 = CARTESIAN_POINT ( 'NONE',  ( 3.300000000000003819, 1.374999999999999556, -0.9450000000000005063 ) ) ;
#1190 = DIRECTION ( 'NONE',  ( 0.000000000000000000, 1.000000000000000000, 0.000000000000000000 ) ) ;
#1191 = ORIENTED_EDGE ( 'NONE', *, *, #2045, .T. ) ;
#1192 = ORIENTED_EDGE ( 'NONE', *, *, #1354, .T. ) ;
#1193 = DIRECTION ( 'NONE',  ( -1.000000000000000000, -1.119176436114063908E-15, 0.000000000000000000 ) ) ;
#1194 = DIRECTION ( 'NONE',  ( -1.000000000000000000, 0.000000000000000000, 0.000000000000000000 ) ) ;
#1195 = DIRECTION ( 'NONE',  ( 1.000000000000000000, -6.195440985631514482E-16, 0.000000000000000000 ) ) ;
#1196 = DIRECTION ( 'NONE',  ( -1.119176436114063908E-15, 1.000000000000000000, 0.000000000000000000 ) ) ;
#1197 = ORIENTED_EDGE ( 'NONE', *, *, #2830, .T. ) ;
#1198 = VERTEX_POINT ( 'NONE', #3566 ) ;
#1199 = DIRECTION ( 'NONE',  ( 1.119176436114070022E-15, -1.000000000000000000, -0.000000000000000000 ) ) ;
#1200 = EDGE_CURVE ( 'NONE', #2419, #331, #1002, .T. ) ;
#1201 = LINE ( 'NONE', #3471, #4619 ) ;
#1202 = CARTESIAN_POINT ( 'NONE',  ( -2.200000000000004619, 10.59999999999999964, -3.949999999999998845 ) ) ;
#1203 = FILL_AREA_STYLE_COLOUR ( '', #3872 ) ;
#1204 = ADVANCED_FACE ( 'NONE', ( #3638 ), #4727, .F. ) ;
#1205 = DIRECTION ( 'NONE',  ( -0.000000000000000000, 0.000000000000000000, 1.000000000000000000 ) ) ;
#1206 = ORIENTED_EDGE ( 'NONE', *, *, #2245, .F. ) ;
#1207 = ORIENTED_EDGE ( 'NONE', *, *, #1730, .T. ) ;
#1208 = ORIENTED_EDGE ( 'NONE', *, *, #230, .T. ) ;
#1209 = FACE_OUTER_BOUND ( 'NONE', #1459, .T. ) ;
#1210 = SURFACE_SIDE_STYLE ('',( #2692 ) ) ;
#1211 = CARTESIAN_POINT ( 'NONE',  ( 3.750000000000000888, 1.074999999999999289, -1.545000000000000373 ) ) ;
#1212 = CARTESIAN_POINT ( 'NONE',  ( -3.300000000000003819, 1.374999999999999556, 4.034999999999999254 ) ) ;
#1213 = ORIENTED_EDGE ( 'NONE', *, *, #2130, .T. ) ;
#1214 = EDGE_CURVE ( 'NONE', #1645, #2824, #167, .T. ) ;
#1215 = ORIENTED_EDGE ( 'NONE', *, *, #3686, .F. ) ;
#1216 = STYLED_ITEM ( 'NONE', ( #2540 ), #3548 ) ;
#1217 = DIRECTION ( 'NONE',  ( -1.000000000000000000, -0.000000000000000000, -0.000000000000000000 ) ) ;
#1218 = APPLICATION_CONTEXT ( 'automotive_design' ) ;
#1219 = CARTESIAN_POINT ( 'NONE',  ( 4.050000000000000711, 0.2999999999999957145, 4.034999999999999254 ) ) ;
#1220 = CARTESIAN_POINT ( 'NONE',  ( 3.650000000000000355, 1.374999999999999556, 4.034999999999999254 ) ) ;
#1221 = LINE ( 'NONE', #4238, #215 ) ;
#1222 = VECTOR ( 'NONE', #2934, 1000.000000000000000 ) ;
#1223 = EDGE_LOOP ( 'NONE', ( #3968, #4291, #2424, #4759 ) ) ;
#1224 = VERTEX_POINT ( 'NONE', #2575 ) ;
#1225 = CARTESIAN_POINT ( 'NONE',  ( 3.300000000000004263, 1.799999999999999600, 4.799999999999999822 ) ) ;
#1226 = AXIS2_PLACEMENT_3D ( 'NONE', #2212, #4490, #286 ) ;
#1227 = FACE_OUTER_BOUND ( 'NONE', #1825, .T. ) ;
#1228 = DIRECTION ( 'NONE',  ( -0.000000000000000000, -0.000000000000000000, -1.000000000000000000 ) ) ;
#1229 = EDGE_LOOP ( 'NONE', ( #2195, #2394, #4625, #730 ) ) ;
#1230 = ORIENTED_EDGE ( 'NONE', *, *, #3525, .T. ) ;
#1231 = DIRECTION ( 'NONE',  ( -0.000000000000000000, -0.000000000000000000, -1.000000000000000000 ) ) ;
#1232 = DIRECTION ( 'NONE',  ( -1.000000000000000000, -0.000000000000000000, -0.000000000000000000 ) ) ;
#1233 = LINE ( 'NONE', #1960, #145 ) ;
#1234 = EDGE_LOOP ( 'NONE', ( #3594, #2983, #2582, #4487, #3915, #1396, #640, #1162, #1496, #3654, #1317, #1068 ) ) ;
#1235 = CARTESIAN_POINT ( 'NONE',  ( -4.050000000000000711, 1.084202172485504434E-16, -1.545000000000000373 ) ) ;
#1236 = ADVANCED_FACE ( 'NONE', ( #4058 ), #674, .F. ) ;
#1237 = SURFACE_SIDE_STYLE ('',( #283 ) ) ;
#1238 = VECTOR ( 'NONE', #1217, 1000.000000000000000 ) ;
#1239 = CARTESIAN_POINT ( 'NONE',  ( -2.200000000000004619, 10.50000000000000000, -3.949999999999998845 ) ) ;
#1240 = PLANE ( 'NONE',  #1859 ) ;
#1241 = ORIENTED_EDGE ( 'NONE', *, *, #1882, .F. ) ;
#1242 = EDGE_LOOP ( 'NONE', ( #2723, #4765, #2995, #2745 ) ) ;
#1243 = VECTOR ( 'NONE', #4541, 1000.000000000000000 ) ;
#1244 = CARTESIAN_POINT ( 'NONE',  ( -4.050000000000000711, 1.084202172485504434E-16, -4.035000000000000142 ) ) ;
#1245 = EDGE_CURVE ( 'NONE', #3792, #433, #2629, .T. ) ;
#1246 = ADVANCED_FACE ( 'NONE', ( #4362 ), #4401, .F. ) ;
#1247 = LINE ( 'NONE', #4581, #2857 ) ;
#1248 = FACE_OUTER_BOUND ( 'NONE', #1677, .T. ) ;
#1249 = FACE_OUTER_BOUND ( 'NONE', #660, .T. ) ;
#1250 = VECTOR ( 'NONE', #3572, 1000.000000000000000 ) ;
#1251 = ORIENTED_EDGE ( 'NONE', *, *, #318, .T. ) ;
#1252 = VERTEX_POINT ( 'NONE', #4338 ) ;
#1253 = DIRECTION ( 'NONE',  ( -0.000000000000000000, -0.000000000000000000, -1.000000000000000000 ) ) ;
#1254 = EDGE_CURVE ( 'NONE', #1794, #3329, #2551, .T. ) ;
#1255 = DIRECTION ( 'NONE',  ( -0.000000000000000000, -0.000000000000000000, -1.000000000000000000 ) ) ;
#1256 = VECTOR ( 'NONE', #1344, 1000.000000000000000 ) ;
#1257 = VECTOR ( 'NONE', #3588, 1000.000000000000000 ) ;
#1258 = DIRECTION ( 'NONE',  ( -0.000000000000000000, -0.000000000000000000, -1.000000000000000000 ) ) ;
#1259 = CARTESIAN_POINT ( 'NONE',  ( -3.300000000000003819, 1.374999999999999556, -1.545000000000000373 ) ) ;
#1260 = CARTESIAN_POINT ( 'NONE',  ( 0.3342099667448886202, 1.468237980648546603, -4.202001992349247317 ) ) ;
#1261 = EDGE_LOOP ( 'NONE', ( #460, #3029, #4292, #2290 ) ) ;
#1262 = AXIS2_PLACEMENT_3D ( 'NONE', #2001, #1597, #3894 ) ;
#1263 = DIRECTION ( 'NONE',  ( -0.000000000000000000, -0.000000000000000000, -1.000000000000000000 ) ) ;
#1264 = DIRECTION ( 'NONE',  ( 0.000000000000000000, 0.000000000000000000, 1.000000000000000000 ) ) ;
#1265 = LINE ( 'NONE', #4623, #2960 ) ;
#1266 = ORIENTED_EDGE ( 'NONE', *, *, #3877, .T. ) ;
#1267 = EDGE_CURVE ( 'NONE', #2407, #2367, #584, .T. ) ;
#1268 = ORIENTED_EDGE ( 'NONE', *, *, #1363, .T. ) ;
#1269 = DIRECTION ( 'NONE',  ( 1.119176436114063908E-15, -1.000000000000000000, 0.000000000000000000 ) ) ;
#1270 = DIRECTION ( 'NONE',  ( -1.000000000000000000, -6.195440985631514482E-16, 0.000000000000000000 ) ) ;
#1271 = CARTESIAN_POINT ( 'NONE',  ( -3.650000000000000355, 1.375000000000000000, 1.544999999999999485 ) ) ;
#1272 = DIRECTION ( 'NONE',  ( -8.673617379884033894E-15, -1.000000000000000000, 0.000000000000000000 ) ) ;
#1273 = VERTEX_POINT ( 'NONE', #2122 ) ;
#1274 = VERTEX_POINT ( 'NONE', #3611 ) ;
#1275 = ADVANCED_FACE ( 'NONE', ( #4109 ), #764, .F. ) ;
#1276 = DIRECTION ( 'NONE',  ( -1.119176436114063908E-15, 1.000000000000000000, 0.000000000000000000 ) ) ;
#1277 = CARTESIAN_POINT ( 'NONE',  ( -4.050000000000000711, 0.2000000000000000111, 3.434999999999999609 ) ) ;
#1278 = CARTESIAN_POINT ( 'NONE',  ( 3.300000000000003819, 1.174999999999999378, 4.034999999999999254 ) ) ;
#1279 = PLANE ( 'NONE',  #1988 ) ;
#1280 = DIRECTION ( 'NONE',  ( 0.000000000000000000, -1.000000000000000000, 0.000000000000000000 ) ) ;
#1281 = ORIENTED_EDGE ( 'NONE', *, *, #3170, .F. ) ;
#1282 = ORIENTED_EDGE ( 'NONE', *, *, #1764, .T. ) ;
#1283 = CYLINDRICAL_SURFACE ( 'NONE', #1961, 0.3000000000000003775 ) ;
#1284 = CARTESIAN_POINT ( 'NONE',  ( 4.050000000000000711, 0.2999999999999957145, -3.435000000000000497 ) ) ;
#1285 = DIRECTION ( 'NONE',  ( -1.119176436114063908E-15, 1.000000000000000000, 0.000000000000000000 ) ) ;
#1286 = ORIENTED_EDGE ( 'NONE', *, *, #3618, .T. ) ;
#1287 = ORIENTED_EDGE ( 'NONE', *, *, #2389, .F. ) ;
#1288 = DIRECTION ( 'NONE',  ( -0.000000000000000000, -0.000000000000000000, -1.000000000000000000 ) ) ;
#1289 = ADVANCED_FACE ( 'NONE', ( #3019 ), #4082, .T. ) ;
#1290 = DIRECTION ( 'NONE',  ( 1.000000000000000000, 0.000000000000000000, 0.000000000000000000 ) ) ;
#1291 = DIRECTION ( 'NONE',  ( 0.000000000000000000, -1.000000000000000000, 0.000000000000000000 ) ) ;
#1292 = DIRECTION ( 'NONE',  ( -0.000000000000000000, -0.000000000000000000, -1.000000000000000000 ) ) ;
#1293 = VERTEX_POINT ( 'NONE', #4475 ) ;
#1294 = MECHANICAL_DESIGN_GEOMETRIC_PRESENTATION_REPRESENTATION (  '', ( #2104 ), #436 ) ;
#1295 = FACE_OUTER_BOUND ( 'NONE', #2705, .T. ) ;
#1296 = EDGE_CURVE ( 'NONE', #2097, #2865, #1865, .T. ) ;
#1297 = VECTOR ( 'NONE', #3591, 1000.000000000000000 ) ;
#1298 = PLANE ( 'NONE',  #3541 ) ;
#1299 = AXIS2_PLACEMENT_3D ( 'NONE', #2880, #4670, #3156 ) ;
#1300 = ADVANCED_FACE ( 'NONE', ( #3732 ), #3348, .F. ) ;
#1301 = LINE ( 'NONE', #4322, #3741 ) ;
#1302 = PLANE ( 'NONE',  #2308 ) ;
#1303 = DIRECTION ( 'NONE',  ( -1.000000000000000000, 0.000000000000000000, 0.000000000000000000 ) ) ;
#1304 = ORIENTED_EDGE ( 'NONE', *, *, #1711, .T. ) ;
#1305 = B_SPLINE_CURVE_WITH_KNOTS ( 'NONE', 3,
 ( #921, #3540, #1568, #488 ),
 .UNSPECIFIED., .F., .F.,
 ( 4, 4 ),
 ( 0.000000000000000000, 0.0005802231170256429106 ),
 .UNSPECIFIED. ) ;
#1306 = FACE_OUTER_BOUND ( 'NONE', #3379, .T. ) ;
#1307 = CYLINDRICAL_SURFACE ( 'NONE', #1379, 0.1000000000000002554 ) ;
#1308 = VERTEX_POINT ( 'NONE', #3683 ) ;
#1309 = ORIENTED_EDGE ( 'NONE', *, *, #1110, .T. ) ;
#1310 = EDGE_LOOP ( 'NONE', ( #1522, #2653, #805, #4107, #4231, #3009, #3361, #2631, #4485, #4510, #656, #2477 ) ) ;
#1311 = CARTESIAN_POINT ( 'NONE',  ( 4.049999999999998934, -4.226590478018756734E-15, 4.034999999999999254 ) ) ;
#1312 = CARTESIAN_POINT ( 'NONE',  ( -2.999999999999997335, 1.799999999999999600, -4.799999999999999822 ) ) ;
#1313 = DIRECTION ( 'NONE',  ( 0.000000000000000000, 0.000000000000000000, -1.000000000000000000 ) ) ;
#1314 = CARTESIAN_POINT ( 'NONE',  ( -3.750000000000000888, 0.3000000000000001554, -0.9450000000000005063 ) ) ;
#1315 = VECTOR ( 'NONE', #1741, 1000.000000000000000 ) ;
#1316 = VECTOR ( 'NONE', #3395, 999.9999999999998863 ) ;
#1317 = ORIENTED_EDGE ( 'NONE', *, *, #4171, .F. ) ;
#1318 = CARTESIAN_POINT ( 'NONE',  ( -4.050000000000000711, 1.102182119232617541E-16, 1.544999999999999485 ) ) ;
#1319 = VECTOR ( 'NONE', #4110, 1000.000000000000000 ) ;
#1320 = DIRECTION ( 'NONE',  ( 1.000000000000000000, 0.000000000000000000, -0.000000000000000000 ) ) ;
#1321 = DIRECTION ( 'NONE',  ( -1.000000000000000000, 0.000000000000000000, 0.000000000000000000 ) ) ;
#1322 =( NAMED_UNIT ( * ) SI_UNIT ( $, .STERADIAN. ) SOLID_ANGLE_UNIT ( ) );
#1323 = EDGE_CURVE ( 'NONE', #769, #1693, #2642, .T. ) ;
#1324 = CARTESIAN_POINT ( 'NONE',  ( 4.050000000000000711, 0.2999999999999957145, 1.544999999999999485 ) ) ;
#1325 = DIRECTION ( 'NONE',  ( -1.000000000000000000, 1.836970198721023771E-16, 0.000000000000000000 ) ) ;
#1326 = DIRECTION ( 'NONE',  ( 0.000000000000000000, -1.000000000000000000, 0.000000000000000000 ) ) ;
#1327 = PLANE ( 'NONE',  #448 ) ;
#1328 = ORIENTED_EDGE ( 'NONE', *, *, #781, .T. ) ;
#1329 = ORIENTED_EDGE ( 'NONE', *, *, #3930, .T. ) ;
#1330 = VECTOR ( 'NONE', #2455, 1000.000000000000000 ) ;
#1331 = EDGE_CURVE ( 'NONE', #3228, #2815, #2664, .T. ) ;
#1332 = AXIS2_PLACEMENT_3D ( 'NONE', #1189, #2370, #4257 ) ;
#1333 = LINE ( 'NONE', #4741, #1315 ) ;
#1334 = CARTESIAN_POINT ( 'NONE',  ( 3.300000000000003819, 1.174999999999999378, -3.435000000000000497 ) ) ;
#1335 = VERTEX_POINT ( 'NONE', #3374 ) ;
#1336 = VERTEX_POINT ( 'NONE', #360 ) ;
#1337 = DIRECTION ( 'NONE',  ( -0.000000000000000000, -0.000000000000000000, -1.000000000000000000 ) ) ;
#1338 = CARTESIAN_POINT ( 'NONE',  ( 3.750000000000000888, 1.074999999999999289, 4.034999999999999254 ) ) ;
#1339 = CYLINDRICAL_SURFACE ( 'NONE', #3261, 0.1000000000000002554 ) ;
#1340 = AXIS2_PLACEMENT_3D ( 'NONE', #2760, #3905, #3852 ) ;
#1341 = ORIENTED_EDGE ( 'NONE', *, *, #3364, .F. ) ;
#1342 = DIRECTION ( 'NONE',  ( 0.000000000000000000, -0.000000000000000000, -1.000000000000000000 ) ) ;
#1343 = VECTOR ( 'NONE', #1321, 1000.000000000000000 ) ;
#1344 = DIRECTION ( 'NONE',  ( 0.000000000000000000, -1.000000000000000000, 0.000000000000000000 ) ) ;
#1345 = LINE ( 'NONE', #4707, #4188 ) ;
#1346 = ORIENTED_EDGE ( 'NONE', *, *, #4805, .T. ) ;
#1347 =( NAMED_UNIT ( * ) SI_UNIT ( $, .STERADIAN. ) SOLID_ANGLE_UNIT ( ) );
#1348 = EDGE_CURVE ( 'NONE', #44, #1308, #4177, .T. ) ;
#1349 = DIRECTION ( 'NONE',  ( -1.000000000000000000, 0.000000000000000000, 0.000000000000000000 ) ) ;
#1350 = FACE_OUTER_BOUND ( 'NONE', #4818, .T. ) ;
#1351 = CARTESIAN_POINT ( 'NONE',  ( -0.6640789407874300165, 1.486502646710221587, -4.202969588177585258 ) ) ;
#1352 = ORIENTED_EDGE ( 'NONE', *, *, #1187, .F. ) ;
#1353 = ORIENTED_EDGE ( 'NONE', *, *, #2251, .F. ) ;
#1354 = EDGE_CURVE ( 'NONE', #3813, #4354, #2950, .T. ) ;
#1355 = CARTESIAN_POINT ( 'NONE',  ( 0.000000000000000000, 0.000000000000000000, -5.084999999999999964 ) ) ;
#1356 = EDGE_CURVE ( 'NONE', #395, #2443, #2196, .T. ) ;
#1357 = FACE_OUTER_BOUND ( 'NONE', #1420, .T. ) ;
#1358 = EDGE_LOOP ( 'NONE', ( #3058, #4407, #972, #3605, #1952, #427, #709, #1469, #4140, #294, #3563, #3695 ) ) ;
#1359 = VERTEX_POINT ( 'NONE', #1485 ) ;
#1360 = DIRECTION ( 'NONE',  ( 1.000000000000000000, 0.000000000000000000, 0.000000000000000000 ) ) ;
#1361 = CARTESIAN_POINT ( 'NONE',  ( 3.950000000000001954, 0.2999999999999957145, 4.034999999999999254 ) ) ;
#1362 = EDGE_CURVE ( 'NONE', #3383, #114, #1815, .T. ) ;
#1363 = EDGE_CURVE ( 'NONE', #4239, #3538, #1063, .T. ) ;
#1364 = DIRECTION ( 'NONE',  ( -0.000000000000000000, -0.000000000000000000, -1.000000000000000000 ) ) ;
#1365 = ORIENTED_EDGE ( 'NONE', *, *, #1048, .T. ) ;
#1366 = ORIENTED_EDGE ( 'NONE', *, *, #2352, .T. ) ;
#1367 = PLANE ( 'NONE',  #2043 ) ;
#1368 = DIRECTION ( 'NONE',  ( 0.000000000000000000, 0.000000000000000000, 1.000000000000000000 ) ) ;
#1369 = PLANE ( 'NONE',  #2311 ) ;
#1370 = ORIENTED_EDGE ( 'NONE', *, *, #2293, .F. ) ;
#1371 = VECTOR ( 'NONE', #2554, 1000.000000000000000 ) ;
#1372 =( NAMED_UNIT ( * ) PLANE_ANGLE_UNIT ( ) SI_UNIT ( $, .RADIAN. ) );
#1373 = CARTESIAN_POINT ( 'NONE',  ( -3.650000000000000355, 1.074999999999999289, 1.544999999999999485 ) ) ;
#1374 = CARTESIAN_POINT ( 'NONE',  ( 0.6182249983286139949, 1.799999999999999600, 4.500000000000000000 ) ) ;
#1375 = LINE ( 'NONE', #3676, #829 ) ;
#1376 = ORIENTED_EDGE ( 'NONE', *, *, #1679, .T. ) ;
#1377 = VECTOR ( 'NONE', #4312, 1000.000000000000000 ) ;
#1378 = ORIENTED_EDGE ( 'NONE', *, *, #4273, .T. ) ;
#1379 = AXIS2_PLACEMENT_3D ( 'NONE', #3984, #2119, #3966 ) ;
#1380 = CARTESIAN_POINT ( 'NONE',  ( 3.650000000000000355, 1.174999999999999378, -0.9450000000000005063 ) ) ;
#1381 = DIRECTION ( 'NONE',  ( -1.119176436114063908E-15, 1.000000000000000000, 0.000000000000000000 ) ) ;
#1382 = ORIENTED_EDGE ( 'NONE', *, *, #2073, .F. ) ;
#1383 = ORIENTED_EDGE ( 'NONE', *, *, #3255, .F. ) ;
#1384 = EDGE_CURVE ( 'NONE', #4584, #1198, #410, .T. ) ;
#1385 = DIRECTION ( 'NONE',  ( -0.000000000000000000, -0.000000000000000000, -1.000000000000000000 ) ) ;
#1386 = SURFACE_STYLE_FILL_AREA ( #4793 ) ;
#1387 = DIRECTION ( 'NONE',  ( -1.000000000000000000, 0.000000000000000000, 0.000000000000000000 ) ) ;
#1388 = CARTESIAN_POINT ( 'NONE',  ( 4.050000000000000711, 0.2999999999999957145, -0.9450000000000005063 ) ) ;
#1389 = VERTEX_POINT ( 'NONE', #696 ) ;
#1390 = EDGE_CURVE ( 'NONE', #3074, #1874, #343, .T. ) ;
#1391 = DIRECTION ( 'NONE',  ( 1.000000000000000000, -1.836970198721023771E-16, 0.000000000000000000 ) ) ;
#1392 = VECTOR ( 'NONE', #4477, 1000.000000000000000 ) ;
#1393 = LINE ( 'NONE', #975, #1731 ) ;
#1394 = CARTESIAN_POINT ( 'NONE',  ( 3.650000000000000355, 1.074999999999999289, -3.435000000000000497 ) ) ;
#1395 = AXIS2_PLACEMENT_3D ( 'NONE', #3945, #564, #848 ) ;
#1396 = ORIENTED_EDGE ( 'NONE', *, *, #697, .F. ) ;
#1397 = EDGE_CURVE ( 'NONE', #854, #983, #28, .T. ) ;
#1398 = VECTOR ( 'NONE', #1130, 1000.000000000000000 ) ;
#1399 = SURFACE_STYLE_FILL_AREA ( #2516 ) ;
#1400 =( LENGTH_UNIT ( ) NAMED_UNIT ( * ) SI_UNIT ( .MILLI., .METRE. ) );
#1401 = PLANE ( 'NONE',  #3557 ) ;
#1402 = DIRECTION ( 'NONE',  ( 0.000000000000000000, -0.000000000000000000, 1.000000000000000000 ) ) ;
#1403 = VECTOR ( 'NONE', #2281, 1000.000000000000000 ) ;
#1404 = AXIS2_PLACEMENT_3D ( 'NONE', #1284, #559, #4833 ) ;
#1405 = VECTOR ( 'NONE', #1561, 1000.000000000000000 ) ;
#1406 = PLANE ( 'NONE',  #3856 ) ;
#1407 = DIRECTION ( 'NONE',  ( -0.000000000000000000, -0.000000000000000000, -1.000000000000000000 ) ) ;
#1408 = AXIS2_PLACEMENT_3D ( 'NONE', #2606, #3006, #4092 ) ;
#1409 = DIRECTION ( 'NONE',  ( -0.000000000000000000, 1.000000000000000000, -0.000000000000000000 ) ) ;
#1410 = ORIENTED_EDGE ( 'NONE', *, *, #2646, .F. ) ;
#1411 = ORIENTED_EDGE ( 'NONE', *, *, #2085, .T. ) ;
#1412 = CARTESIAN_POINT ( 'NONE',  ( 4.050000000000000711, 0.2999999999999957145, 3.434999999999999609 ) ) ;
#1413 = AXIS2_PLACEMENT_3D ( 'NONE', #3486, #1167, #3077 ) ;
#1414 =( LENGTH_UNIT ( ) NAMED_UNIT ( * ) SI_UNIT ( .MILLI., .METRE. ) );
#1415 = VECTOR ( 'NONE', #2820, 1000.000000000000000 ) ;
#1416 = DIRECTION ( 'NONE',  ( 0.000000000000000000, 0.000000000000000000, 1.000000000000000000 ) ) ;
#1417 = EDGE_CURVE ( 'NONE', #4071, #3168, #1916, .T. ) ;
#1418 = LINE ( 'NONE', #364, #3911 ) ;
#1419 = VECTOR ( 'NONE', #52, 1000.000000000000000 ) ;
#1420 = EDGE_LOOP ( 'NONE', ( #1168, #3429, #1109, #2278 ) ) ;
#1421 = DIRECTION ( 'NONE',  ( 0.000000000000000000, -1.000000000000000000, 0.000000000000000000 ) ) ;
#1422 = DIRECTION ( 'NONE',  ( -1.000000000000000000, 6.195440985631514482E-16, 0.000000000000000000 ) ) ;
#1423 = CARTESIAN_POINT ( 'NONE',  ( 2.047572752394523743, 1.704177346985675801, 4.021254155557418386 ) ) ;
#1424 = VECTOR ( 'NONE', #1232, 1000.000000000000000 ) ;
#1425 = EDGE_CURVE ( 'NONE', #3457, #3383, #1508, .T. ) ;
#1426 = EDGE_CURVE ( 'NONE', #3133, #1920, #1533, .T. ) ;
#1427 = ORIENTED_EDGE ( 'NONE', *, *, #3364, .T. ) ;
#1428 = AXIS2_PLACEMENT_3D ( 'NONE', #2917, #2108, #4411 ) ;
#1429 = LINE ( 'NONE', #755, #1403 ) ;
#1430 = CARTESIAN_POINT ( 'NONE',  ( -2.200000000000004619, 10.50000000000000000, -4.299999999999998934 ) ) ;
#1431 = CARTESIAN_POINT ( 'NONE',  ( 1.635863511633133927, 1.616188904196488751, -4.241090078233901828 ) ) ;
#1432 = UNCERTAINTY_MEASURE_WITH_UNIT (LENGTH_MEASURE( 1.000000000000000082E-05 ), #1754, 'distance_accuracy_value', 'NONE');
#1433 = CARTESIAN_POINT ( 'NONE',  ( 4.050000000000000711, 0.2999999999999957145, 1.544999999999999485 ) ) ;
#1434 = FACE_OUTER_BOUND ( 'NONE', #4184, .T. ) ;
#1435 = CARTESIAN_POINT ( 'NONE',  ( 3.650000000000000355, 1.074999999999999289, 0.9449999999999996181 ) ) ;
#1436 = VERTEX_POINT ( 'NONE', #1462 ) ;
#1437 = ORIENTED_EDGE ( 'NONE', *, *, #2890, .F. ) ;
#1438 = DIRECTION ( 'NONE',  ( -0.000000000000000000, -1.000000000000000000, -0.000000000000000000 ) ) ;
#1439 = DIRECTION ( 'NONE',  ( 8.673617379884035472E-15, 1.000000000000000000, 0.000000000000000000 ) ) ;
#1440 = PLANE ( 'NONE',  #3865 ) ;
#1441 = LINE ( 'NONE', #4797, #4766 ) ;
#1442 = ORIENTED_EDGE ( 'NONE', *, *, #4709, .F. ) ;
#1443 = CARTESIAN_POINT ( 'NONE',  ( -3.950000000000000178, 0.3000000000000000444, 1.544999999999999485 ) ) ;
#1444 = ORIENTED_EDGE ( 'NONE', *, *, #3494, .F. ) ;
#1445 = CARTESIAN_POINT ( 'NONE',  ( 1.800000000000004041, 0.7499999999999991118, -4.799999999999999822 ) ) ;
#1446 = ORIENTED_EDGE ( 'NONE', *, *, #3536, .T. ) ;
#1447 = ORIENTED_EDGE ( 'NONE', *, *, #2008, .T. ) ;
#1448 = EDGE_CURVE ( 'NONE', #2299, #1038, #3766, .T. ) ;
#1449 = CARTESIAN_POINT ( 'NONE',  ( -3.950000000000000178, 0.3000000000000000444, 1.544999999999999485 ) ) ;
#1450 = CARTESIAN_POINT ( 'NONE',  ( -1.530443863903354185, 1.799999999999993161, 4.499999999999992006 ) ) ;
#1451 = CARTESIAN_POINT ( 'NONE',  ( 1.678814880618322736, 1.799999999999999600, -4.500000000000000000 ) ) ;
#1452 = AXIS2_PLACEMENT_3D ( 'NONE', #3544, #4189, #2381 ) ;
#1453 = EDGE_CURVE ( 'NONE', #1436, #395, #3531, .T. ) ;
#1454 = EDGE_CURVE ( 'NONE', #4021, #109, #3885, .T. ) ;
#1455 = CARTESIAN_POINT ( 'NONE',  ( 3.650000000000000355, 1.374999999999999556, -1.545000000000000373 ) ) ;
#1456 = VECTOR ( 'NONE', #3790, 1000.000000000000000 ) ;
#1457 = DIRECTION ( 'NONE',  ( -1.000000000000000000, 0.000000000000000000, 0.000000000000000000 ) ) ;
#1458 = FACE_OUTER_BOUND ( 'NONE', #1164, .T. ) ;
#1459 = EDGE_LOOP ( 'NONE', ( #598, #408, #961, #2120, #62, #1843, #3105, #4460, #826, #1876, #4624, #3308 ) ) ;
#1460 = EDGE_LOOP ( 'NONE', ( #115, #1540, #2661, #4044 ) ) ;
#1461 = VECTOR ( 'NONE', #1031, 1000.000000000000000 ) ;
#1462 = CARTESIAN_POINT ( 'NONE',  ( -3.300000000000003819, 1.174999999999999378, 1.544999999999999485 ) ) ;
#1463 = DIRECTION ( 'NONE',  ( 0.000000000000000000, -1.000000000000000000, 0.000000000000000000 ) ) ;
#1464 = CARTESIAN_POINT ( 'NONE',  ( 4.649999999999998579, -4.336808689942017736E-15, -0.9450000000000005063 ) ) ;
#1465 = LINE ( 'NONE', #2975, #4455 ) ;
#1466 = VERTEX_POINT ( 'NONE', #1186 ) ;
#1467 = DIRECTION ( 'NONE',  ( -1.000000000000000000, 0.000000000000000000, 0.000000000000000000 ) ) ;
#1468 = FACE_OUTER_BOUND ( 'NONE', #468, .T. ) ;
#1469 = ORIENTED_EDGE ( 'NONE', *, *, #1539, .T. ) ;
#1470 = ORIENTED_EDGE ( 'NONE', *, *, #1730, .F. ) ;
#1471 = ORIENTED_EDGE ( 'NONE', *, *, #4594, .T. ) ;
#1472 = CIRCLE ( 'NONE', #3354, 0.3000000000000007661 ) ;
#1473 = AXIS2_PLACEMENT_3D ( 'NONE', #4846, #1923, #1095 ) ;
#1474 = CARTESIAN_POINT ( 'NONE',  ( -2.200000000000004619, 10.50000000000000000, -4.299999999999998934 ) ) ;
#1475 = EDGE_CURVE ( 'NONE', #844, #287, #3909, .T. ) ;
#1476 = CARTESIAN_POINT ( 'NONE',  ( 3.950000000000001066, 1.074999999999999289, 0.9449999999999996181 ) ) ;
#1477 = AXIS2_PLACEMENT_3D ( 'NONE', #3503, #1637, #2339 ) ;
#1478 = CARTESIAN_POINT ( 'NONE',  ( 0.01500000000000112355, 1.799999999999999600, -5.099999999999999645 ) ) ;
#1479 = EDGE_CURVE ( 'NONE', #2315, #2935, #175, .T. ) ;
#1480 = CARTESIAN_POINT ( 'NONE',  ( 0.000000000000000000, 0.000000000000000000, 5.084999999999998188 ) ) ;
#1481 = ORIENTED_EDGE ( 'NONE', *, *, #4386, .F. ) ;
#1482 = VECTOR ( 'NONE', #2961, 1000.000000000000000 ) ;
#1483 = ADVANCED_FACE ( 'NONE', ( #1612 ), #4279, .F. ) ;
#1484 = AXIS2_PLACEMENT_3D ( 'NONE', #3397, #4542, #4180 ) ;
#1485 = CARTESIAN_POINT ( 'NONE',  ( 4.049999999999998934, -4.226590478018756734E-15, -3.435000000000000497 ) ) ;
#1486 = PRESENTATION_STYLE_ASSIGNMENT (( #1064 ) ) ;
#1487 = DIRECTION ( 'NONE',  ( 0.000000000000000000, 0.000000000000000000, 1.000000000000000000 ) ) ;
#1488 = LINE ( 'NONE', #3713, #61 ) ;
#1489 = VECTOR ( 'NONE', #2397, 1000.000000000000000 ) ;
#1490 = EDGE_CURVE ( 'NONE', #293, #6, #481, .T. ) ;
#1491 = ORIENTED_EDGE ( 'NONE', *, *, #1966, .T. ) ;
#1492 = VECTOR ( 'NONE', #4728, 1000.000000000000000 ) ;
#1493 = DIRECTION ( 'NONE',  ( -8.377925878297078462E-16, 1.000000000000000000, -0.000000000000000000 ) ) ;
#1494 = PLANE ( 'NONE',  #3214 ) ;
#1495 = ORIENTED_EDGE ( 'NONE', *, *, #4825, .F. ) ;
#1496 = ORIENTED_EDGE ( 'NONE', *, *, #1576, .F. ) ;
#1497 = ORIENTED_EDGE ( 'NONE', *, *, #4719, .T. ) ;
#1498 = ORIENTED_EDGE ( 'NONE', *, *, #2509, .T. ) ;
#1499 = DIRECTION ( 'NONE',  ( 0.000000000000000000, 0.000000000000000000, 1.000000000000000000 ) ) ;
#1500 = DIRECTION ( 'NONE',  ( -0.000000000000000000, -0.000000000000000000, -1.000000000000000000 ) ) ;
#1501 = VECTOR ( 'NONE', #4590, 1000.000000000000000 ) ;
#1502 = EDGE_CURVE ( 'NONE', #1574, #2948, #4645, .T. ) ;
#1503 = VECTOR ( 'NONE', #3955, 1000.000000000000000 ) ;
#1504 = CARTESIAN_POINT ( 'NONE',  ( -4.650000000000000355, 0.000000000000000000, -3.435000000000000497 ) ) ;
#1505 = CARTESIAN_POINT ( 'NONE',  ( 3.650000000000000355, 1.074999999999999289, -4.035000000000000142 ) ) ;
#1506 = DIRECTION ( 'NONE',  ( -1.000000000000000000, 0.000000000000000000, 0.000000000000000000 ) ) ;
#1507 = ORIENTED_EDGE ( 'NONE', *, *, #1937, .T. ) ;
#1508 = LINE ( 'NONE', #4838, #4083 ) ;
#1509 = ADVANCED_FACE ( 'NONE', ( #2793 ), #1283, .T. ) ;
#1510 = DIRECTION ( 'NONE',  ( -1.000000000000000000, -0.000000000000000000, -0.000000000000000000 ) ) ;
#1511 = EDGE_CURVE ( 'NONE', #3813, #293, #1991, .T. ) ;
#1512 = DIRECTION ( 'NONE',  ( -0.000000000000000000, -0.000000000000000000, -1.000000000000000000 ) ) ;
#1513 = CARTESIAN_POINT ( 'NONE',  ( 4.050000000000000711, 0.1999999999999964029, 0.9449999999999996181 ) ) ;
#1514 = ORIENTED_EDGE ( 'NONE', *, *, #1877, .T. ) ;
#1515 = VERTEX_POINT ( 'NONE', #2812 ) ;
#1516 = PLANE ( 'NONE',  #2123 ) ;
#1517 = ADVANCED_FACE ( 'NONE', ( #1209 ), #1938, .T. ) ;
#1518 = EDGE_CURVE ( 'NONE', #2258, #2186, #1883, .T. ) ;
#1519 = EDGE_CURVE ( 'NONE', #3091, #3011, #3479, .T. ) ;
#1520 = LINE ( 'NONE', #658, #623 ) ;
#1521 = ORIENTED_EDGE ( 'NONE', *, *, #4108, .F. ) ;
#1522 = ORIENTED_EDGE ( 'NONE', *, *, #2743, .T. ) ;
#1523 = ORIENTED_EDGE ( 'NONE', *, *, #3254, .F. ) ;
#1524 = ORIENTED_EDGE ( 'NONE', *, *, #1048, .F. ) ;
#1525 = LINE ( 'NONE', #17, #2371 ) ;
#1526 = CARTESIAN_POINT ( 'NONE',  ( -3.950000000000000178, 0.3000000000000000444, 3.434999999999999609 ) ) ;
#1527 = UNCERTAINTY_MEASURE_WITH_UNIT (LENGTH_MEASURE( 1.000000000000000082E-05 ), #2335, 'distance_accuracy_value', 'NONE');
#1528 = CARTESIAN_POINT ( 'NONE',  ( -3.650000000000000355, 1.074999999999999289, -1.545000000000000373 ) ) ;
#1529 = CARTESIAN_POINT ( 'NONE',  ( 3.300000000000004263, 0.7499999999999993339, 4.799999999999999822 ) ) ;
#1530 = LINE ( 'NONE', #4591, #300 ) ;
#1531 = EDGE_LOOP ( 'NONE', ( #1101, #372, #3384, #4782 ) ) ;
#1532 = ORIENTED_EDGE ( 'NONE', *, *, #117, .T. ) ;
#1533 = LINE ( 'NONE', #2221, #1243 ) ;
#1534 = VECTOR ( 'NONE', #200, 1000.000000000000000 ) ;
#1535 = CARTESIAN_POINT ( 'NONE',  ( -3.650000000000000355, 1.375000000000000000, 4.034999999999999254 ) ) ;
#1536 = CARTESIAN_POINT ( 'NONE',  ( -2.999999999999997335, 1.799999999999999600, 4.799999999999999822 ) ) ;
#1537 = CARTESIAN_POINT ( 'NONE',  ( 4.649999999999998579, -4.336808689942017736E-15, -4.035000000000000142 ) ) ;
#1538 = VERTEX_POINT ( 'NONE', #428 ) ;
#1539 = EDGE_CURVE ( 'NONE', #3383, #3889, #2395, .T. ) ;
#1540 = ORIENTED_EDGE ( 'NONE', *, *, #3026, .F. ) ;
#1541 = VECTOR ( 'NONE', #3688, 1000.000000000000000 ) ;
#1542 = CARTESIAN_POINT ( 'NONE',  ( 1.508725062524980620, 1.590543752360425112, 3.863349768485275781 ) ) ;
#1543 = AXIS2_PLACEMENT_3D ( 'NONE', #1584, #4199, #2735 ) ;
#1544 = DIRECTION ( 'NONE',  ( -2.065146995210483955E-16, -1.000000000000000000, 0.000000000000000000 ) ) ;
#1545 = CARTESIAN_POINT ( 'NONE',  ( -4.050000000000000711, 1.084202172485504434E-16, 3.434999999999999609 ) ) ;
#1546 = VERTEX_POINT ( 'NONE', #126 ) ;
#1547 = ADVANCED_FACE ( 'NONE', ( #3452 ), #1559, .T. ) ;
#1548 = ORIENTED_EDGE ( 'NONE', *, *, #3390, .F. ) ;
#1549 = VERTEX_POINT ( 'NONE', #2739 ) ;
#1550 = EDGE_CURVE ( 'NONE', #201, #1546, #4225, .T. ) ;
#1551 = CARTESIAN_POINT ( 'NONE',  ( -3.650000000000000355, 1.074999999999999289, 4.034999999999999254 ) ) ;
#1552 = DIRECTION ( 'NONE',  ( 1.000000000000000000, 0.000000000000000000, -0.000000000000000000 ) ) ;
#1553 = VERTEX_POINT ( 'NONE', #1235 ) ;
#1554 = DIRECTION ( 'NONE',  ( 0.000000000000000000, 0.000000000000000000, 1.000000000000000000 ) ) ;
#1555 = AXIS2_PLACEMENT_3D ( 'NONE', #2720, #3115, #2742 ) ;
#1556 = CARTESIAN_POINT ( 'NONE',  ( 4.650000000000000355, 0.1999999999999956812, -0.9450000000000005063 ) ) ;
#1557 = DIRECTION ( 'NONE',  ( 0.000000000000000000, 0.000000000000000000, 1.000000000000000000 ) ) ;
#1558 = ORIENTED_EDGE ( 'NONE', *, *, #4023, .T. ) ;
#1559 = CYLINDRICAL_SURFACE ( 'NONE', #3850, 0.2999999999999999334 ) ;
#1560 = AXIS2_PLACEMENT_3D ( 'NONE', #968, #2526, #630 ) ;
#1561 = DIRECTION ( 'NONE',  ( -0.000000000000000000, -0.000000000000000000, -1.000000000000000000 ) ) ;
#1562 = DIRECTION ( 'NONE',  ( -1.000000000000000000, 0.000000000000000000, 0.000000000000000000 ) ) ;
#1563 = VECTOR ( 'NONE', #1199, 1000.000000000000000 ) ;
#1564 = DIRECTION ( 'NONE',  ( -1.000000000000000000, 0.000000000000000000, 0.000000000000000000 ) ) ;
#1565 = EDGE_LOOP ( 'NONE', ( #4176, #4578, #1523, #1626 ) ) ;
#1566 = AXIS2_PLACEMENT_3D ( 'NONE', #1318, #2825, #3845 ) ;
#1567 = VERTEX_POINT ( 'NONE', #2766 ) ;
#1568 = CARTESIAN_POINT ( 'NONE',  ( -1.800000000000004263, 1.704531750600314366, 4.328874114842375498 ) ) ;
#1569 = DIRECTION ( 'NONE',  ( 1.000000000000000000, 0.000000000000000000, 0.000000000000000000 ) ) ;
#1570 = ORIENTED_EDGE ( 'NONE', *, *, #4057, .T. ) ;
#1571 = LINE ( 'NONE', #2380, #2388 ) ;
#1572 = LINE ( 'NONE', #4583, #3499 ) ;
#1573 = AXIS2_PLACEMENT_3D ( 'NONE', #3050, #3892, #1270 ) ;
#1574 = VERTEX_POINT ( 'NONE', #4254 ) ;
#1575 = ORIENTED_EDGE ( 'NONE', *, *, #1502, .T. ) ;
#1576 = EDGE_CURVE ( 'NONE', #3436, #3629, #4716, .T. ) ;
#1577 = DIRECTION ( 'NONE',  ( -1.000000000000000000, 0.000000000000000000, 0.000000000000000000 ) ) ;
#1578 = EDGE_CURVE ( 'NONE', #1116, #2400, #4304, .T. ) ;
#1579 = CARTESIAN_POINT ( 'NONE',  ( 1.800000000000004707, 1.799999999999999600, 4.500000000000000000 ) ) ;
#1580 = ADVANCED_FACE ( 'NONE', ( #3898 ), #4705, .F. ) ;
#1581 = LINE ( 'NONE', #4589, #747 ) ;
#1582 = PRESENTATION_STYLE_ASSIGNMENT (( #1886 ) ) ;
#1583 = VECTOR ( 'NONE', #912, 1000.000000000000000 ) ;
#1584 = CARTESIAN_POINT ( 'NONE',  ( 1.800000000000004263, 1.799999999999999600, 4.799999999999999822 ) ) ;
#1585 = EDGE_LOOP ( 'NONE', ( #3716, #3744, #4718, #1470, #42, #2272, #1497, #3275 ) ) ;
#1586 = ORIENTED_EDGE ( 'NONE', *, *, #380, .F. ) ;
#1587 = VERTEX_POINT ( 'NONE', #2409 ) ;
#1588 = CARTESIAN_POINT ( 'NONE',  ( -4.050000000000000711, 0.3000000000000000444, 1.544999999999999485 ) ) ;
#1589 = VECTOR ( 'NONE', #955, 1000.000000000000000 ) ;
#1590 = FACE_OUTER_BOUND ( 'NONE', #1748, .T. ) ;
#1591 = CARTESIAN_POINT ( 'NONE',  ( 3.300000000000003819, 1.174999999999999378, 0.9449999999999996181 ) ) ;
#1592 = CARTESIAN_POINT ( 'NONE',  ( -3.300000000000004263, 0.7499999999999993339, 4.799999999999999822 ) ) ;
#1593 = ORIENTED_EDGE ( 'NONE', *, *, #583, .F. ) ;
#1594 = ORIENTED_EDGE ( 'NONE', *, *, #1053, .F. ) ;
#1595 = DIRECTION ( 'NONE',  ( -1.000000000000000000, 0.000000000000000000, 0.000000000000000000 ) ) ;
#1596 = CARTESIAN_POINT ( 'NONE',  ( 4.050000000000000711, 0.2999999999999957145, 1.544999999999999485 ) ) ;
#1597 = DIRECTION ( 'NONE',  ( -0.000000000000000000, -0.000000000000000000, -1.000000000000000000 ) ) ;
#1598 = CARTESIAN_POINT ( 'NONE',  ( -4.050000000000000711, 0.3000000000000000444, -0.9450000000000005063 ) ) ;
#1599 = ORIENTED_EDGE ( 'NONE', *, *, #438, .F. ) ;
#1600 = ORIENTED_EDGE ( 'NONE', *, *, #1550, .T. ) ;
#1601 = ADVANCED_FACE ( 'NONE', ( #1295 ), #516, .F. ) ;
#1602 = DIRECTION ( 'NONE',  ( 1.000000000000000000, 0.000000000000000000, 0.000000000000000000 ) ) ;
#1603 = DIRECTION ( 'NONE',  ( -0.000000000000000000, 1.000000000000000000, -0.000000000000000000 ) ) ;
#1604 = LINE ( 'NONE', #3365, #3122 ) ;
#1605 = ORIENTED_EDGE ( 'NONE', *, *, #1390, .F. ) ;
#1606 = CARTESIAN_POINT ( 'NONE',  ( 3.950000000000001954, 0.2999999999999957145, 1.544999999999999485 ) ) ;
#1607 = LINE ( 'NONE', #4249, #411 ) ;
#1608 = CYLINDRICAL_SURFACE ( 'NONE', #524, 0.3000000000000007661 ) ;
#1609 = VERTEX_POINT ( 'NONE', #2060 ) ;
#1610 = VERTEX_POINT ( 'NONE', #2435 ) ;
#1611 = EDGE_CURVE ( 'NONE', #3691, #3944, #2460, .T. ) ;
#1612 = FACE_OUTER_BOUND ( 'NONE', #3310, .T. ) ;
#1613 =( LENGTH_UNIT ( ) NAMED_UNIT ( * ) SI_UNIT ( .MILLI., .METRE. ) );
#1614 = PLANE ( 'NONE',  #1555 ) ;
#1615 = DIRECTION ( 'NONE',  ( -1.000000000000000000, 0.000000000000000000, 0.000000000000000000 ) ) ;
#1616 = EDGE_LOOP ( 'NONE', ( #27, #2219, #1136, #2525 ) ) ;
#1617 = ORIENTED_EDGE ( 'NONE', *, *, #706, .F. ) ;
#1618 = EDGE_CURVE ( 'NONE', #4525, #2737, #3106, .T. ) ;
#1619 = VECTOR ( 'NONE', #4756, 1000.000000000000000 ) ;
#1620 = CARTESIAN_POINT ( 'NONE',  ( 3.650000000000000355, 1.374999999999999556, 3.434999999999999609 ) ) ;
#1621 = CARTESIAN_POINT ( 'NONE',  ( 1.800000000000004263, 1.799999999999999600, -4.799999999999999822 ) ) ;
#1622 = DIRECTION ( 'NONE',  ( 0.000000000000000000, 0.000000000000000000, 1.000000000000000000 ) ) ;
#1623 = LINE ( 'NONE', #4658, #3823 ) ;
#1624 = AXIS2_PLACEMENT_3D ( 'NONE', #3303, #1868, #1896 ) ;
#1625 = ORIENTED_EDGE ( 'NONE', *, *, #267, .F. ) ;
#1626 = ORIENTED_EDGE ( 'NONE', *, *, #4070, .T. ) ;
#1627 = CARTESIAN_POINT ( 'NONE',  ( 3.950000000000001954, 0.2999999999999957145, -3.435000000000000497 ) ) ;
#1628 = CIRCLE ( 'NONE', #2266, 0.3000000000000007661 ) ;
#1629 = LINE ( 'NONE', #881, #1010 ) ;
#1630 = VECTOR ( 'NONE', #1051, 1000.000000000000000 ) ;
#1631 = ADVANCED_FACE ( 'NONE', ( #3924 ), #4241, .F. ) ;
#1632 = DIRECTION ( 'NONE',  ( 0.000000000000000000, -1.000000000000000000, 0.000000000000000000 ) ) ;
#1633 = CARTESIAN_POINT ( 'NONE',  ( -3.750000000000000888, 0.3000000000000001554, 1.544999999999999485 ) ) ;
#1634 = CARTESIAN_POINT ( 'NONE',  ( -3.650000000000000355, 1.074999999999999289, -4.035000000000000142 ) ) ;
#1635 = ORIENTED_EDGE ( 'NONE', *, *, #2034, .T. ) ;
#1636 = ORIENTED_EDGE ( 'NONE', *, *, #3970, .T. ) ;
#1637 = DIRECTION ( 'NONE',  ( 0.000000000000000000, -1.000000000000000000, 0.000000000000000000 ) ) ;
#1638 = DIRECTION ( 'NONE',  ( -0.000000000000000000, 0.000000000000000000, -1.000000000000000000 ) ) ;
#1639 = EDGE_CURVE ( 'NONE', #818, #2865, #3149, .T. ) ;
#1640 = DIRECTION ( 'NONE',  ( 0.000000000000000000, 1.000000000000000000, 0.000000000000000000 ) ) ;
#1641 = EDGE_LOOP ( 'NONE', ( #1922, #4642, #4454, #2252 ) ) ;
#1642 = ORIENTED_EDGE ( 'NONE', *, *, #737, .F. ) ;
#1643 = PLANE ( 'NONE',  #3932 ) ;
#1644 = CARTESIAN_POINT ( 'NONE',  ( 3.650000000000000355, 1.374999999999999556, -3.435000000000000497 ) ) ;
#1645 = VERTEX_POINT ( 'NONE', #903 ) ;
#1646 = FACE_OUTER_BOUND ( 'NONE', #4773, .T. ) ;
#1647 = EDGE_CURVE ( 'NONE', #2306, #1224, #1653, .T. ) ;
#1648 = CARTESIAN_POINT ( 'NONE',  ( 3.300000000000004263, 1.799999999999999600, 4.799999999999999822 ) ) ;
#1649 = VERTEX_POINT ( 'NONE', #855 ) ;
#1650 = ORIENTED_EDGE ( 'NONE', *, *, #1511, .F. ) ;
#1651 = ORIENTED_EDGE ( 'NONE', *, *, #785, .T. ) ;
#1652 = CIRCLE ( 'NONE', #772, 0.09999999999999939493 ) ;
#1653 = LINE ( 'NONE', #1627, #3362 ) ;
#1654 = LINE ( 'NONE', #2730, #2209 ) ;
#1655 = AXIS2_PLACEMENT_3D ( 'NONE', #2897, #2086, #3596 ) ;
#1656 = CARTESIAN_POINT ( 'NONE',  ( 0.000000000000000000, 0.000000000000000000, 0.000000000000000000 ) ) ;
#1657 = VECTOR ( 'NONE', #970, 1000.000000000000000 ) ;
#1658 = VECTOR ( 'NONE', #1407, 1000.000000000000000 ) ;
#1659 = LINE ( 'NONE', #1736, #3522 ) ;
#1660 = CARTESIAN_POINT ( 'NONE',  ( 3.650000000000000355, 1.374999999999999556, -3.435000000000000497 ) ) ;
#1661 = CARTESIAN_POINT ( 'NONE',  ( 4.650000000000000355, 0.1999999999999956812, 0.9449999999999996181 ) ) ;
#1662 = VERTEX_POINT ( 'NONE', #2805 ) ;
#1663 = ADVANCED_FACE ( 'NONE', ( #4607 ), #469, .F. ) ;
#1664 = DIRECTION ( 'NONE',  ( 8.673617379884035472E-15, 1.000000000000000000, 0.000000000000000000 ) ) ;
#1665 = VECTOR ( 'NONE', #425, 1000.000000000000000 ) ;
#1666 = CARTESIAN_POINT ( 'NONE',  ( -2.999999999999997335, 1.799999999999999600, 5.099999999999999645 ) ) ;
#1667 = DIRECTION ( 'NONE',  ( 0.000000000000000000, 0.000000000000000000, 1.000000000000000000 ) ) ;
#1668 = EDGE_LOOP ( 'NONE', ( #1427, #4849, #2092, #3963 ) ) ;
#1669 = ORIENTED_EDGE ( 'NONE', *, *, #1764, .F. ) ;
#1670 = VECTOR ( 'NONE', #23, 1000.000000000000000 ) ;
#1671 = EDGE_CURVE ( 'NONE', #3243, #1953, #4293, .T. ) ;
#1672 = CARTESIAN_POINT ( 'NONE',  ( 3.950000000000001954, 0.2999999999999957145, 1.544999999999999485 ) ) ;
#1673 = PLANE ( 'NONE',  #330 ) ;
#1674 = PLANE ( 'NONE',  #2997 ) ;
#1675 = VECTOR ( 'NONE', #2132, 1000.000000000000000 ) ;
#1676 = CARTESIAN_POINT ( 'NONE',  ( -4.650000000000000355, 0.2000000000000000111, 1.544999999999999485 ) ) ;
#1677 = EDGE_LOOP ( 'NONE', ( #2837, #1558, #521, #1600, #2626, #2980, #1032, #384, #4739, #2157, #2574, #108 ) ) ;
#1678 = ORIENTED_EDGE ( 'NONE', *, *, #883, .F. ) ;
#1679 = EDGE_CURVE ( 'NONE', #3239, #3646, #4331, .T. ) ;
#1680 = LINE ( 'NONE', #3171, #1007 ) ;
#1681 = EDGE_CURVE ( 'NONE', #2366, #4503, #2084, .T. ) ;
#1682 = CARTESIAN_POINT ( 'NONE',  ( -3.650000000000000355, 1.375000000000000000, -3.435000000000000497 ) ) ;
#1683 = SHAPE_DEFINITION_REPRESENTATION ( #3136, #2017 ) ;
#1684 = ORIENTED_EDGE ( 'NONE', *, *, #3804, .F. ) ;
#1685 = DIRECTION ( 'NONE',  ( 1.836970198721023771E-16, 1.000000000000000000, -0.000000000000000000 ) ) ;
#1686 = DIRECTION ( 'NONE',  ( 0.000000000000000000, 1.000000000000000000, 0.000000000000000000 ) ) ;
#1687 = CARTESIAN_POINT ( 'NONE',  ( -0.3071459107820512791, 1.799999999999999600, -4.500000000000000000 ) ) ;
#1688 = EDGE_LOOP ( 'NONE', ( #3339, #780, #2931, #4522 ) ) ;
#1689 = ORIENTED_EDGE ( 'NONE', *, *, #2717, .T. ) ;
#1690 = LINE ( 'NONE', #4647, #1152 ) ;
#1691 = FACE_OUTER_BOUND ( 'NONE', #1812, .T. ) ;
#1692 = VERTEX_POINT ( 'NONE', #2005 ) ;
#1693 = VERTEX_POINT ( 'NONE', #1225 ) ;
#1694 = DIRECTION ( 'NONE',  ( -1.000000000000000000, 0.000000000000000000, 0.000000000000000000 ) ) ;
#1695 = CARTESIAN_POINT ( 'NONE',  ( 3.650000000000000355, 1.074999999999999289, 4.034999999999999254 ) ) ;
#1696 = CARTESIAN_POINT ( 'NONE',  ( -1.800000000000004263, 1.799999999999999600, 4.500000000000000000 ) ) ;
#1697 = EDGE_CURVE ( 'NONE', #695, #1389, #4270, .T. ) ;
#1698 = LINE ( 'NONE', #3187, #1371 ) ;
#1699 = VERTEX_POINT ( 'NONE', #3128 ) ;
#1700 = AXIS2_PLACEMENT_3D ( 'NONE', #4604, #4630, #4553 ) ;
#1701 = PLANE ( 'NONE',  #4009 ) ;
#1702 = AXIS2_PLACEMENT_3D ( 'NONE', #2625, #2246, #678 ) ;
#1703 = DIRECTION ( 'NONE',  ( -0.000000000000000000, 0.000000000000000000, -1.000000000000000000 ) ) ;
#1704 = LINE ( 'NONE', #3192, #1343 ) ;
#1705 = EDGE_CURVE ( 'NONE', #1718, #3814, #1680, .T. ) ;
#1706 = ADVANCED_FACE ( 'NONE', ( #211 ), #1701, .F. ) ;
#1707 = AXIS2_PLACEMENT_3D ( 'NONE', #4816, #1506, #2547 ) ;
#1708 = DIRECTION ( 'NONE',  ( 0.000000000000000000, -0.000000000000000000, -1.000000000000000000 ) ) ;
#1709 = CIRCLE ( 'NONE', #531, 0.1000000000000002554 ) ;
#1710 = DIRECTION ( 'NONE',  ( -8.673617379884033894E-15, -1.000000000000000000, 0.000000000000000000 ) ) ;
#1711 = EDGE_CURVE ( 'NONE', #818, #695, #3770, .T. ) ;
#1712 = CARTESIAN_POINT ( 'NONE',  ( 3.650000000000000355, 1.374999999999999556, -0.9450000000000005063 ) ) ;
#1713 = VERTEX_POINT ( 'NONE', #2951 ) ;
#1714 = ORIENTED_EDGE ( 'NONE', *, *, #1348, .F. ) ;
#1715 = DIRECTION ( 'NONE',  ( -0.000000000000000000, -0.000000000000000000, -1.000000000000000000 ) ) ;
#1716 = CARTESIAN_POINT ( 'NONE',  ( 3.950000000000001954, 0.2999999999999957145, 3.434999999999999609 ) ) ;
#1717 = ORIENTED_EDGE ( 'NONE', *, *, #1732, .F. ) ;
#1718 = VERTEX_POINT ( 'NONE', #2576 ) ;
#1719 = CARTESIAN_POINT ( 'NONE',  ( 3.650000000000000355, 1.074999999999999289, -4.035000000000000142 ) ) ;
#1720 = VECTOR ( 'NONE', #1391, 1000.000000000000000 ) ;
#1721 = LINE ( 'NONE', #2080, #1257 ) ;
#1722 = LINE ( 'NONE', #3256, #2505 ) ;
#1723 = EDGE_LOOP ( 'NONE', ( #2328, #3057, #2763, #4261 ) ) ;
#1724 = DIRECTION ( 'NONE',  ( -0.000000000000000000, -0.000000000000000000, -1.000000000000000000 ) ) ;
#1725 = CARTESIAN_POINT ( 'NONE',  ( 0.000000000000000000, 0.000000000000000000, 4.799999999999999822 ) ) ;
#1726 = DIRECTION ( 'NONE',  ( -0.000000000000000000, -0.000000000000000000, -1.000000000000000000 ) ) ;
#1727 = PRODUCT_CONTEXT ( 'NONE', #1218, 'mechanical' ) ;
#1728 = CIRCLE ( 'NONE', #3613, 0.09999999999999939493 ) ;
#1729 = MECHANICAL_DESIGN_GEOMETRIC_PRESENTATION_REPRESENTATION (  '', ( #96 ), #1969 ) ;
#1730 = EDGE_CURVE ( 'NONE', #3814, #2811, #653, .T. ) ;
#1731 = VECTOR ( 'NONE', #236, 1000.000000000000000 ) ;
#1732 = EDGE_CURVE ( 'NONE', #1336, #1273, #676, .T. ) ;
#1733 =( NAMED_UNIT ( * ) SI_UNIT ( $, .STERADIAN. ) SOLID_ANGLE_UNIT ( ) );
#1734 = VECTOR ( 'NONE', #3271, 1000.000000000000000 ) ;
#1735 = COLOUR_RGB ( '',0.7921568627450980005, 0.8196078431372548767, 0.9333333333333333481 ) ;
#1736 = CARTESIAN_POINT ( 'NONE',  ( 3.300000000000003819, 1.174999999999999378, -0.9450000000000005063 ) ) ;
#1737 = CARTESIAN_POINT ( 'NONE',  ( -1.318735492947486598, 1.563587871858495681, 4.220863957805098821 ) ) ;
#1738 = DIRECTION ( 'NONE',  ( -1.000000000000000000, 0.000000000000000000, 0.000000000000000000 ) ) ;
#1739 = ORIENTED_EDGE ( 'NONE', *, *, #1519, .F. ) ;
#1740 = ADVANCED_FACE ( 'NONE', ( #3685 ), #4820, .F. ) ;
#1741 = DIRECTION ( 'NONE',  ( -1.119176436114063908E-15, 1.000000000000000000, 0.000000000000000000 ) ) ;
#1742 = CARTESIAN_POINT ( 'NONE',  ( -3.300000000000003819, 1.174999999999999378, -3.435000000000000497 ) ) ;
#1743 = ORIENTED_EDGE ( 'NONE', *, *, #1175, .T. ) ;
#1744 = ORIENTED_EDGE ( 'NONE', *, *, #3533, .F. ) ;
#1745 = CARTESIAN_POINT ( 'NONE',  ( 1.800000000000004707, 1.704481934003058807, -4.328784819088507874 ) ) ;
#1746 = DIRECTION ( 'NONE',  ( -0.000000000000000000, -0.000000000000000000, -1.000000000000000000 ) ) ;
#1747 = FACE_OUTER_BOUND ( 'NONE', #3240, .T. ) ;
#1748 = EDGE_LOOP ( 'NONE', ( #3264, #3248, #2401, #2048 ) ) ;
#1749 = CARTESIAN_POINT ( 'NONE',  ( 4.050000000000000711, 0.1999999999999964029, 4.034999999999999254 ) ) ;
#1750 = CIRCLE ( 'NONE', #4502, 0.2999999999999999334 ) ;
#1751 = CARTESIAN_POINT ( 'NONE',  ( 4.650000000000000355, 0.1999999999999956812, -0.9450000000000005063 ) ) ;
#1752 = DIRECTION ( 'NONE',  ( 1.000000000000000000, -1.836970198721023771E-16, 0.000000000000000000 ) ) ;
#1753 = ORIENTED_EDGE ( 'NONE', *, *, #291, .F. ) ;
#1754 =( LENGTH_UNIT ( ) NAMED_UNIT ( * ) SI_UNIT ( .MILLI., .METRE. ) );
#1755 = CARTESIAN_POINT ( 'NONE',  ( 0.3109186448416403348, 1.799999999999999600, 4.500000000000000000 ) ) ;
#1756 = EDGE_CURVE ( 'NONE', #1609, #4071, #4402, .T. ) ;
#1757 = PLANE ( 'NONE',  #3338 ) ;
#1758 = ORIENTED_EDGE ( 'NONE', *, *, #3443, .T. ) ;
#1759 = VERTEX_POINT ( 'NONE', #4451 ) ;
#1760 = DIRECTION ( 'NONE',  ( -1.000000000000000000, -0.000000000000000000, -0.000000000000000000 ) ) ;
#1761 = DIRECTION ( 'NONE',  ( 1.000000000000000000, 0.000000000000000000, -0.000000000000000000 ) ) ;
#1762 = EDGE_CURVE ( 'NONE', #3843, #1129, #3, .T. ) ;
#1763 = ORIENTED_EDGE ( 'NONE', *, *, #3693, .T. ) ;
#1764 = EDGE_CURVE ( 'NONE', #4068, #2843, #1040, .T. ) ;
#1765 = EDGE_LOOP ( 'NONE', ( #1780, #40, #3010, #683 ) ) ;
#1766 = CARTESIAN_POINT ( 'NONE',  ( 1.800000000000004707, 1.663876470528979468, 4.138156800028614413 ) ) ;
#1767 = CARTESIAN_POINT ( 'NONE',  ( 3.300000000000003819, 1.174999999999999378, -3.435000000000000497 ) ) ;
#1768 = LINE ( 'NONE', #4770, #3370 ) ;
#1769 = DIRECTION ( 'NONE',  ( -1.000000000000000000, 0.000000000000000000, 0.000000000000000000 ) ) ;
#1770 = EDGE_LOOP ( 'NONE', ( #3767, #3047, #945, #3623 ) ) ;
#1771 = DIRECTION ( 'NONE',  ( -0.7071067811865067165, 0.000000000000000000, -0.7071067811865884289 ) ) ;
#1772 = PLANE ( 'NONE',  #3450 ) ;
#1773 = LINE ( 'NONE', #1798, #4813 ) ;
#1774 = ORIENTED_EDGE ( 'NONE', *, *, #401, .F. ) ;
#1775 = COLOUR_RGB ( '',0.7921568627450980005, 0.8196078431372548767, 0.9333333333333333481 ) ;
#1776 = CARTESIAN_POINT ( 'NONE',  ( 3.300000000000003819, 1.174999999999999378, -4.035000000000000142 ) ) ;
#1777 = PLANE ( 'NONE',  #2517 ) ;
#1778 = ORIENTED_EDGE ( 'NONE', *, *, #4505, .T. ) ;
#1779 = VECTOR ( 'NONE', #2225, 1000.000000000000000 ) ;
#1780 = ORIENTED_EDGE ( 'NONE', *, *, #1671, .T. ) ;
#1781 = EDGE_CURVE ( 'NONE', #149, #60, #4476, .T. ) ;
#1782 = AXIS2_PLACEMENT_3D ( 'NONE', #1036, #2217, #2240 ) ;
#1783 = CARTESIAN_POINT ( 'NONE',  ( 3.650000000000000355, 1.374999999999999556, -1.545000000000000373 ) ) ;
#1784 = CARTESIAN_POINT ( 'NONE',  ( -3.300000000000004263, 0.7499999999999993339, 4.799999999999999822 ) ) ;
#1785 = CARTESIAN_POINT ( 'NONE',  ( 3.300000000000003819, 1.374999999999999556, -3.435000000000000497 ) ) ;
#1786 = ORIENTED_EDGE ( 'NONE', *, *, #150, .F. ) ;
#1787 = MANIFOLD_SOLID_BREP ( 'LPattern1[6]', #1905 ) ;
#1788 = ORIENTED_EDGE ( 'NONE', *, *, #3494, .T. ) ;
#1789 = AXIS2_PLACEMENT_3D ( 'NONE', #3415, #3108, #2757 ) ;
#1790 = CARTESIAN_POINT ( 'NONE',  ( 0.000000000000000000, 0.000000000000000000, 5.099999999999999645 ) ) ;
#1791 = EDGE_CURVE ( 'NONE', #2375, #4509, #2197, .T. ) ;
#1792 = CARTESIAN_POINT ( 'NONE',  ( -3.650000000000000355, 1.074999999999999289, 4.034999999999999254 ) ) ;
#1793 = LINE ( 'NONE', #3279, #1222 ) ;
#1794 = VERTEX_POINT ( 'NONE', #1112 ) ;
#1795 = CARTESIAN_POINT ( 'NONE',  ( -3.750000000000000888, 1.074999999999999289, -0.9450000000000005063 ) ) ;
#1796 = ADVANCED_FACE ( 'NONE', ( #631 ), #4840, .F. ) ;
#1797 = DIRECTION ( 'NONE',  ( -1.836970198721029688E-16, 1.000000000000000000, 0.000000000000000000 ) ) ;
#1798 = CARTESIAN_POINT ( 'NONE',  ( 4.049999999999998934, -4.226590478018756734E-15, 0.9449999999999996181 ) ) ;
#1799 = AXIS2_PLACEMENT_3D ( 'NONE', #3005, #4548, #4456 ) ;
#1800 = ORIENTED_EDGE ( 'NONE', *, *, #497, .F. ) ;
#1801 = VECTOR ( 'NONE', #605, 1000.000000000000000 ) ;
#1802 = ORIENTED_EDGE ( 'NONE', *, *, #4742, .T. ) ;
#1803 = SURFACE_STYLE_USAGE ( .BOTH. , #2158 ) ;
#1804 = VECTOR ( 'NONE', #168, 1000.000000000000000 ) ;
#1805 = MANIFOLD_SOLID_BREP ( 'Boss-Extrude5[1]', #3706 ) ;
#1806 = CARTESIAN_POINT ( 'NONE',  ( -1.231830554166303493, 1.800000000000005818, 4.500000000000007105 ) ) ;
#1807 = PLANE ( 'NONE',  #1226 ) ;
#1808 = PRESENTATION_LAYER_ASSIGNMENT (  '', '', ( #323 ) ) ;
#1809 = LINE ( 'NONE', #3245, #4559 ) ;
#1810 = DIRECTION ( 'NONE',  ( -0.5773502691896257311, -0.5773502691896257311, -0.5773502691896257311 ) ) ;
#1811 = DIRECTION ( 'NONE',  ( 0.000000000000000000, 0.000000000000000000, 1.000000000000000000 ) ) ;
#1812 = EDGE_LOOP ( 'NONE', ( #1329, #514, #895, #4660 ) ) ;
#1813 = EDGE_CURVE ( 'NONE', #1567, #1996, #3375, .T. ) ;
#1814 = ORIENTED_EDGE ( 'NONE', *, *, #3784, .T. ) ;
#1815 = LINE ( 'NONE', #3041, #80 ) ;
#1816 =( LENGTH_UNIT ( ) NAMED_UNIT ( * ) SI_UNIT ( .MILLI., .METRE. ) );
#1817 = VECTOR ( 'NONE', #4834, 999.9999999999998863 ) ;
#1818 = DIRECTION ( 'NONE',  ( 1.000000000000000000, 0.000000000000000000, 0.000000000000000000 ) ) ;
#1819 = CARTESIAN_POINT ( 'NONE',  ( 3.300000000000003819, 1.174999999999999378, -1.545000000000000373 ) ) ;
#1820 = EDGE_CURVE ( 'NONE', #3347, #3546, #2149, .T. ) ;
#1821 = VERTEX_POINT ( 'NONE', #2268 ) ;
#1822 = AXIS2_PLACEMENT_3D ( 'NONE', #2779, #4264, #83 ) ;
#1823 = PLANE ( 'NONE',  #264 ) ;
#1824 = CARTESIAN_POINT ( 'NONE',  ( 3.750000000000000888, 0.2999999999999966582, 4.034999999999999254 ) ) ;
#1825 = EDGE_LOOP ( 'NONE', ( #3477, #226, #727, #1072 ) ) ;
#1826 = EDGE_CURVE ( 'NONE', #1021, #2935, #795, .T. ) ;
#1827 = ORIENTED_EDGE ( 'NONE', *, *, #3218, .T. ) ;
#1828 = ADVANCED_FACE ( 'NONE', ( #1590 ), #1940, .T. ) ;
#1829 = ORIENTED_EDGE ( 'NONE', *, *, #147, .F. ) ;
#1830 = DIRECTION ( 'NONE',  ( -1.000000000000000000, 0.000000000000000000, 0.000000000000000000 ) ) ;
#1831 = CARTESIAN_POINT ( 'NONE',  ( -3.650000000000000355, 1.174999999999999156, -0.9450000000000005063 ) ) ;
#1832 = CARTESIAN_POINT ( 'NONE',  ( -1.721749346811464187, 1.632742322194954410, 3.918217646679418298 ) ) ;
#1833 = DIRECTION ( 'NONE',  ( -1.000000000000000000, 0.000000000000000000, 0.000000000000000000 ) ) ;
#1834 = CARTESIAN_POINT ( 'NONE',  ( 3.528333333333469213, 7.056666666666938426, -1.556666666666939092 ) ) ;
#1835 = DIRECTION ( 'NONE',  ( 0.000000000000000000, 1.000000000000000000, 0.000000000000000000 ) ) ;
#1836 = FACE_OUTER_BOUND ( 'NONE', #2304, .T. ) ;
#1837 = ORIENTED_EDGE ( 'NONE', *, *, #4686, .T. ) ;
#1838 = ORIENTED_EDGE ( 'NONE', *, *, #4521, .F. ) ;
#1839 = CARTESIAN_POINT ( 'NONE',  ( -4.650000000000000355, 0.000000000000000000, 4.034999999999999254 ) ) ;
#1840 =( NAMED_UNIT ( * ) SI_UNIT ( $, .STERADIAN. ) SOLID_ANGLE_UNIT ( ) );
#1841 = CARTESIAN_POINT ( 'NONE',  ( -3.750000000000000888, 1.074999999999999289, 4.034999999999999254 ) ) ;
#1842 = CARTESIAN_POINT ( 'NONE',  ( -4.650000000000000355, 0.2000000000000000111, 1.544999999999999485 ) ) ;
#1843 = ORIENTED_EDGE ( 'NONE', *, *, #380, .T. ) ;
#1844 = CARTESIAN_POINT ( 'NONE',  ( 0.3059346024499096650, 1.468265973263747748, 3.756067284821591912 ) ) ;
#1845 = MANIFOLD_SOLID_BREP ( 'LPattern1[1]', #2137 ) ;
#1846 = ADVANCED_FACE ( 'NONE', ( #3858 ), #30, .T. ) ;
#1847 = DIRECTION ( 'NONE',  ( 1.000000000000000000, 0.000000000000000000, 0.000000000000000000 ) ) ;
#1848 = ORIENTED_EDGE ( 'NONE', *, *, #3964, .F. ) ;
#1849 = ORIENTED_EDGE ( 'NONE', *, *, #21, .F. ) ;
#1850 = ORIENTED_EDGE ( 'NONE', *, *, #4790, .T. ) ;
#1851 =( NAMED_UNIT ( * ) PLANE_ANGLE_UNIT ( ) SI_UNIT ( $, .RADIAN. ) );
#1852 = EDGE_CURVE ( 'NONE', #1273, #2253, #840, .T. ) ;
#1853 = CARTESIAN_POINT ( 'NONE',  ( -4.650000000000000355, 0.000000000000000000, 4.034999999999999254 ) ) ;
#1854 = LINE ( 'NONE', #265, #4221 ) ;
#1855 = CIRCLE ( 'NONE', #1935, 0.2999999999999999334 ) ;
#1856 = ORIENTED_EDGE ( 'NONE', *, *, #4479, .T. ) ;
#1857 = ADVANCED_FACE ( 'NONE', ( #3453 ), #105, .F. ) ;
#1858 = DIRECTION ( 'NONE',  ( -0.000000000000000000, -0.000000000000000000, -1.000000000000000000 ) ) ;
#1859 = AXIS2_PLACEMENT_3D ( 'NONE', #3097, #1919, #2696 ) ;
#1860 = CARTESIAN_POINT ( 'NONE',  ( -3.650000000000000355, 1.375000000000000000, 0.9449999999999996181 ) ) ;
#1861 = DIRECTION ( 'NONE',  ( 0.000000000000000000, -1.000000000000000000, 0.000000000000000000 ) ) ;
#1862 = ORIENTED_EDGE ( 'NONE', *, *, #3254, .T. ) ;
#1863 = MANIFOLD_SOLID_BREP ( 'Fillet1', #25 ) ;
#1864 = AXIS2_PLACEMENT_3D ( 'NONE', #2519, #2469, #3961 ) ;
#1865 = LINE ( 'NONE', #4497, #4710 ) ;
#1866 = DIRECTION ( 'NONE',  ( 0.000000000000000000, -1.000000000000000000, 0.000000000000000000 ) ) ;
#1867 = DIRECTION ( 'NONE',  ( -1.119176436114069825E-15, 1.000000000000000000, 0.000000000000000000 ) ) ;
#1868 = DIRECTION ( 'NONE',  ( -0.000000000000000000, -0.000000000000000000, -1.000000000000000000 ) ) ;
#1869 = ORIENTED_EDGE ( 'NONE', *, *, #2322, .F. ) ;
#1870 = LINE ( 'NONE', #3356, #613 ) ;
#1871 = MANIFOLD_SOLID_BREP ( 'LPattern1[4]', #627 ) ;
#1872 = DIRECTION ( 'NONE',  ( -1.000000000000000000, -1.836970198721029688E-16, 0.000000000000000000 ) ) ;
#1873 = ORIENTED_EDGE ( 'NONE', *, *, #3055, .F. ) ;
#1874 = VERTEX_POINT ( 'NONE', #3809 ) ;
#1875 = ORIENTED_EDGE ( 'NONE', *, *, #4050, .F. ) ;
#1876 = ORIENTED_EDGE ( 'NONE', *, *, #3776, .T. ) ;
#1877 = EDGE_CURVE ( 'NONE', #1274, #4724, #3979, .T. ) ;
#1878 = CIRCLE ( 'NONE', #1395, 0.2999999999999999334 ) ;
#1879 = CARTESIAN_POINT ( 'NONE',  ( 4.050000000000000711, 0.1999999999999964029, 1.544999999999999485 ) ) ;
#1880 = MANIFOLD_SOLID_BREP ( 'Chamfer2', #2866 ) ;
#1881 = CARTESIAN_POINT ( 'NONE',  ( 4.650000000000000355, 0.1999999999999956812, 3.434999999999999609 ) ) ;
#1882 = EDGE_CURVE ( 'NONE', #4525, #1515, #1028, .T. ) ;
#1883 = CIRCLE ( 'NONE', #4163, 0.2999999999999999334 ) ;
#1884 = EDGE_CURVE ( 'NONE', #446, #3814, #2859, .T. ) ;
#1885 = SURFACE_STYLE_USAGE ( .BOTH. , #3064 ) ;
#1886 = SURFACE_STYLE_USAGE ( .BOTH. , #1106 ) ;
#1887 = PLANE ( 'NONE',  #1707 ) ;
#1888 = VERTEX_POINT ( 'NONE', #2180 ) ;
#1889 = AXIS2_PLACEMENT_3D ( 'NONE', #1034, #691, #2546 ) ;
#1890 = VERTEX_POINT ( 'NONE', #4255 ) ;
#1891 = ADVANCED_FACE ( 'NONE', ( #3673 ), #4712, .F. ) ;
#1892 = CARTESIAN_POINT ( 'NONE',  ( -3.650000000000000355, 1.174999999999999156, -3.435000000000000497 ) ) ;
#1893 =( NAMED_UNIT ( * ) SI_UNIT ( $, .STERADIAN. ) SOLID_ANGLE_UNIT ( ) );
#1894 = CIRCLE ( 'NONE', #2213, 0.1000000000000002554 ) ;
#1895 = CARTESIAN_POINT ( 'NONE',  ( -3.000000000000004441, 10.59999999999999964, 5.099999999999999645 ) ) ;
#1896 = DIRECTION ( 'NONE',  ( -1.000000000000000000, 0.000000000000000000, 0.000000000000000000 ) ) ;
#1897 = ORIENTED_EDGE ( 'NONE', *, *, #793, .F. ) ;
#1898 = ORIENTED_EDGE ( 'NONE', *, *, #2333, .T. ) ;
#1899 = LINE ( 'NONE', #57, #3524 ) ;
#1900 = DIRECTION ( 'NONE',  ( 0.000000000000000000, -1.000000000000000000, 0.000000000000000000 ) ) ;
#1901 = VERTEX_POINT ( 'NONE', #2016 ) ;
#1902 = AXIS2_PLACEMENT_3D ( 'NONE', #3318, #3704, #1457 ) ;
#1903 = ORIENTED_EDGE ( 'NONE', *, *, #3055, .T. ) ;
#1904 = ORIENTED_EDGE ( 'NONE', *, *, #2920, .F. ) ;
#1905 = CLOSED_SHELL ( 'NONE', ( #191, #3878, #4136, #1300, #3473, #4178, #3664, #2374, #3722, #1204, #2858, #2561, #2199, #3342 ) ) ;
#1906 = LINE ( 'NONE', #377, #3851 ) ;
#1907 = MANIFOLD_SOLID_BREP ( 'LPattern1[2]', #790 ) ;
#1908 = CARTESIAN_POINT ( 'NONE',  ( -2.999999999999997335, 1.799999999999999600, 4.799999999999999822 ) ) ;
#1909 = VECTOR ( 'NONE', #3155, 1000.000000000000000 ) ;
#1910 = CIRCLE ( 'NONE', #337, 0.3500000000000004774 ) ;
#1911 = EDGE_CURVE ( 'NONE', #1821, #3844, #378, .T. ) ;
#1912 = LINE ( 'NONE', #3446, #2748 ) ;
#1913 = PLANE ( 'NONE',  #4417 ) ;
#1914 = CARTESIAN_POINT ( 'NONE',  ( -4.650000000000000355, 0.2000000000000000111, -3.435000000000000497 ) ) ;
#1915 = EDGE_LOOP ( 'NONE', ( #1208, #1071, #2689, #3743 ) ) ;
#1916 = LINE ( 'NONE', #2622, #1316 ) ;
#1917 = EDGE_CURVE ( 'NONE', #194, #2206, #4489, .T. ) ;
#1918 = CARTESIAN_POINT ( 'NONE',  ( -1.800000000000004041, 0.7499999999999991118, 4.799999999999999822 ) ) ;
#1919 = DIRECTION ( 'NONE',  ( 1.000000000000000000, 0.000000000000000000, -0.000000000000000000 ) ) ;
#1920 = VERTEX_POINT ( 'NONE', #4808 ) ;
#1921 = ORIENTED_EDGE ( 'NONE', *, *, #3170, .T. ) ;
#1922 = ORIENTED_EDGE ( 'NONE', *, *, #671, .T. ) ;
#1923 = DIRECTION ( 'NONE',  ( -0.000000000000000000, -0.000000000000000000, -1.000000000000000000 ) ) ;
#1924 = CARTESIAN_POINT ( 'NONE',  ( -3.300000000000004263, 0.7499999999999993339, 4.799999999999999822 ) ) ;
#1925 = CARTESIAN_POINT ( 'NONE',  ( -4.650000000000000355, 0.000000000000000000, 3.434999999999999609 ) ) ;
#1926 = ADVANCED_FACE ( 'NONE', ( #4532 ), #353, .F. ) ;
#1927 = ORIENTED_EDGE ( 'NONE', *, *, #2654, .F. ) ;
#1928 = ORIENTED_EDGE ( 'NONE', *, *, #2038, .F. ) ;
#1929 = ORIENTED_EDGE ( 'NONE', *, *, #1479, .F. ) ;
#1930 = LINE ( 'NONE', #2586, #930 ) ;
#1931 = FACE_OUTER_BOUND ( 'NONE', #853, .T. ) ;
#1932 =( NAMED_UNIT ( * ) SI_UNIT ( $, .STERADIAN. ) SOLID_ANGLE_UNIT ( ) );
#1933 = LINE ( 'NONE', #1529, #1501 ) ;
#1934 = CARTESIAN_POINT ( 'NONE',  ( -3.300000000000003819, 1.174999999999999378, 0.9449999999999996181 ) ) ;
#1935 = AXIS2_PLACEMENT_3D ( 'NONE', #1598, #2027, #3516 ) ;
#1936 = EDGE_LOOP ( 'NONE', ( #3897, #2650, #4698, #4540 ) ) ;
#1937 = EDGE_CURVE ( 'NONE', #3844, #1649, #1906, .T. ) ;
#1938 = PLANE ( 'NONE',  #2762 ) ;
#1939 = AXIS2_PLACEMENT_3D ( 'NONE', #3888, #2744, #507 ) ;
#1940 = PLANE ( 'NONE',  #1086 ) ;
#1941 = LINE ( 'NONE', #2343, #3458 ) ;
#1942 = CYLINDRICAL_SURFACE ( 'NONE', #907, 0.3000000000000007661 ) ;
#1943 = ORIENTED_EDGE ( 'NONE', *, *, #537, .F. ) ;
#1944 = ORIENTED_EDGE ( 'NONE', *, *, #2045, .F. ) ;
#1945 = VECTOR ( 'NONE', #3883, 1000.000000000000000 ) ;
#1946 = EDGE_CURVE ( 'NONE', #1252, #3893, #2635, .T. ) ;
#1947 = CARTESIAN_POINT ( 'NONE',  ( 3.650000000000000355, 1.074999999999999289, 0.9449999999999996181 ) ) ;
#1948 = EDGE_CURVE ( 'NONE', #1713, #2167, #1652, .T. ) ;
#1949 = DIRECTION ( 'NONE',  ( 0.000000000000000000, 0.000000000000000000, 1.000000000000000000 ) ) ;
#1950 = LINE ( 'NONE', #135, #3861 ) ;
#1951 = CARTESIAN_POINT ( 'NONE',  ( -3.750000000000000888, 0.3000000000000001554, -3.435000000000000497 ) ) ;
#1952 = ORIENTED_EDGE ( 'NONE', *, *, #567, .T. ) ;
#1953 = VERTEX_POINT ( 'NONE', #4829 ) ;
#1954 = ORIENTED_EDGE ( 'NONE', *, *, #4386, .T. ) ;
#1955 = EDGE_CURVE ( 'NONE', #331, #4468, #3363, .T. ) ;
#1956 = LINE ( 'NONE', #3107, #2133 ) ;
#1957 = DIRECTION ( 'NONE',  ( 0.000000000000000000, -1.000000000000000000, 0.000000000000000000 ) ) ;
#1958 = CARTESIAN_POINT ( 'NONE',  ( -2.200000000000004619, 10.50000000000000000, -3.949999999999998845 ) ) ;
#1959 = DIRECTION ( 'NONE',  ( -0.000000000000000000, -0.000000000000000000, -1.000000000000000000 ) ) ;
#1960 = CARTESIAN_POINT ( 'NONE',  ( -3.000000000000004441, 10.59999999999999964, -5.099999999999999645 ) ) ;
#1961 = AXIS2_PLACEMENT_3D ( 'NONE', #891, #2420, #532 ) ;
#1962 = VERTEX_POINT ( 'NONE', #45 ) ;
#1963 = DIRECTION ( 'NONE',  ( -0.000000000000000000, -1.000000000000000000, -0.000000000000000000 ) ) ;
#1964 = CARTESIAN_POINT ( 'NONE',  ( 3.300000000000003819, 1.374999999999999556, 0.9449999999999996181 ) ) ;
#1965 = VECTOR ( 'NONE', #2255, 1000.000000000000000 ) ;
#1966 = EDGE_CURVE ( 'NONE', #209, #1953, #1525, .T. ) ;
#1967 = DIRECTION ( 'NONE',  ( -2.065146995210483955E-16, 1.000000000000000000, -0.000000000000000000 ) ) ;
#1968 = ORIENTED_EDGE ( 'NONE', *, *, #3043, .F. ) ;
#1969 =( GEOMETRIC_REPRESENTATION_CONTEXT ( 3 ) GLOBAL_UNCERTAINTY_ASSIGNED_CONTEXT ( ( #4146 ) ) GLOBAL_UNIT_ASSIGNED_CONTEXT ( ( #4128, #2318, #2741 ) ) REPRESENTATION_CONTEXT ( 'NONE', 'WORKASPACE' ) );
#1970 = VERTEX_POINT ( 'NONE', #1124 ) ;
#1971 = CARTESIAN_POINT ( 'NONE',  ( -2.200000000000004619, 10.50000000000000000, -3.949999999999998845 ) ) ;
#1972 = VECTOR ( 'NONE', #1024, 1000.000000000000000 ) ;
#1973 = CARTESIAN_POINT ( 'NONE',  ( 3.950000000000001066, 1.074999999999999289, 1.544999999999999485 ) ) ;
#1974 = DIRECTION ( 'NONE',  ( -0.000000000000000000, 0.000000000000000000, -1.000000000000000000 ) ) ;
#1975 = EDGE_CURVE ( 'NONE', #4033, #1970, #3209, .T. ) ;
#1976 = CYLINDRICAL_SURFACE ( 'NONE', #3660, 0.3500000000000004774 ) ;
#1977 = CIRCLE ( 'NONE', #3778, 0.2999999999999999334 ) ;
#1978 = ORIENTED_EDGE ( 'NONE', *, *, #2389, .T. ) ;
#1979 = ORIENTED_EDGE ( 'NONE', *, *, #1453, .F. ) ;
#1980 = DIRECTION ( 'NONE',  ( -1.119176436114069825E-15, 1.000000000000000000, 0.000000000000000000 ) ) ;
#1981 = VECTOR ( 'NONE', #4597, 1000.000000000000000 ) ;
#1982 = DIRECTION ( 'NONE',  ( 1.000000000000000000, 0.000000000000000000, 0.000000000000000000 ) ) ;
#1983 = EDGE_CURVE ( 'NONE', #4449, #609, #2611, .T. ) ;
#1984 = PRODUCT_DEFINITION ( 'UNKNOWN', '', #3512, #4443 ) ;
#1985 = CARTESIAN_POINT ( 'NONE',  ( 3.300000000000003819, 1.374999999999999556, 3.434999999999999609 ) ) ;
#1986 = DIRECTION ( 'NONE',  ( 8.673617379884035472E-15, 1.000000000000000000, 0.000000000000000000 ) ) ;
#1987 = CARTESIAN_POINT ( 'NONE',  ( -3.300000000000003819, 1.174999999999999378, -4.035000000000000142 ) ) ;
#1988 = AXIS2_PLACEMENT_3D ( 'NONE', #3475, #3556, #3527 ) ;
#1989 = FACE_OUTER_BOUND ( 'NONE', #4015, .T. ) ;
#1990 = EDGE_LOOP ( 'NONE', ( #251, #479, #1849, #3023 ) ) ;
#1991 = LINE ( 'NONE', #2041, #4004 ) ;
#1992 = VECTOR ( 'NONE', #4780, 1000.000000000000000 ) ;
#1993 = PRESENTATION_STYLE_ASSIGNMENT (( #482 ) ) ;
#1994 = LINE ( 'NONE', #4203, #1981 ) ;
#1995 = CARTESIAN_POINT ( 'NONE',  ( -2.999999999999997335, 1.799999999999999600, 5.099999999999999645 ) ) ;
#1996 = VERTEX_POINT ( 'NONE', #734 ) ;
#1997 = ORIENTED_EDGE ( 'NONE', *, *, #2557, .F. ) ;
#1998 = LINE ( 'NONE', #2402, #4396 ) ;
#1999 = PLANE ( 'NONE',  #1413 ) ;
#2000 = ORIENTED_EDGE ( 'NONE', *, *, #4171, .T. ) ;
#2001 = CARTESIAN_POINT ( 'NONE',  ( -4.050000000000000711, 0.3000000000000000444, 4.034999999999999254 ) ) ;
#2002 = DIRECTION ( 'NONE',  ( 0.000000000000000000, 1.000000000000000000, 0.000000000000000000 ) ) ;
#2003 = ORIENTED_EDGE ( 'NONE', *, *, #3373, .T. ) ;
#2004 = ORIENTED_EDGE ( 'NONE', *, *, #3992, .T. ) ;
#2005 = CARTESIAN_POINT ( 'NONE',  ( 1.800000000000004707, 1.649999999999998579, -3.941933006589726229 ) ) ;
#2006 = FACE_OUTER_BOUND ( 'NONE', #4095, .T. ) ;
#2007 = ORIENTED_EDGE ( 'NONE', *, *, #2245, .T. ) ;
#2008 = EDGE_CURVE ( 'NONE', #2121, #4156, #4511, .T. ) ;
#2009 = LINE ( 'NONE', #1853, #2337 ) ;
#2010 = DIRECTION ( 'NONE',  ( -1.000000000000000000, -0.000000000000000000, -0.000000000000000000 ) ) ;
#2011 = DIRECTION ( 'NONE',  ( -0.000000000000000000, -0.000000000000000000, -1.000000000000000000 ) ) ;
#2012 = EDGE_LOOP ( 'NONE', ( #4806, #3580, #4028, #1521 ) ) ;
#2013 = VERTEX_POINT ( 'NONE', #3801 ) ;
#2014 = CARTESIAN_POINT ( 'NONE',  ( -4.650000000000000355, 0.000000000000000000, 3.434999999999999609 ) ) ;
#2015 = EDGE_CURVE ( 'NONE', #3401, #3854, #1429, .T. ) ;
#2016 = CARTESIAN_POINT ( 'NONE',  ( 3.300000000000003819, 1.374999999999999556, 3.434999999999999609 ) ) ;
#2017 = ADVANCED_BREP_SHAPE_REPRESENTATION ( 'YA9037-ALD', ( #268, #1863, #1805, #3495, #1845, #1907, #3519, #1871, #3548, #1787, #1880, #3385, #303 ), #3918 ) ;
#2018 = FACE_OUTER_BOUND ( 'NONE', #4135, .T. ) ;
#2019 = LINE ( 'NONE', #3507, #2431 ) ;
#2020 = EDGE_LOOP ( 'NONE', ( #2096, #278, #3412, #869 ) ) ;
#2021 = ORIENTED_EDGE ( 'NONE', *, *, #1983, .T. ) ;
#2022 = CARTESIAN_POINT ( 'NONE',  ( -1.800000000000004041, 1.752274263970151402, -4.414452094028511908 ) ) ;
#2023 = CARTESIAN_POINT ( 'NONE',  ( -4.050000000000000711, 0.3000000000000000444, 1.544999999999999485 ) ) ;
#2024 = ORIENTED_EDGE ( 'NONE', *, *, #4492, .T. ) ;
#2025 = AXIS2_PLACEMENT_3D ( 'NONE', #1528, #4196, #405 ) ;
#2026 = CARTESIAN_POINT ( 'NONE',  ( 3.950000000000001954, 0.2999999999999957145, -0.9450000000000005063 ) ) ;
#2027 = DIRECTION ( 'NONE',  ( 0.000000000000000000, 0.000000000000000000, 1.000000000000000000 ) ) ;
#2028 = AXIS2_PLACEMENT_3D ( 'NONE', #3352, #2600, #322 ) ;
#2029 = VERTEX_POINT ( 'NONE', #3771 ) ;
#2030 = ORIENTED_EDGE ( 'NONE', *, *, #3536, .F. ) ;
#2031 = DIRECTION ( 'NONE',  ( -0.000000000000000000, -0.000000000000000000, -1.000000000000000000 ) ) ;
#2032 = VECTOR ( 'NONE', #3393, 1000.000000000000000 ) ;
#2033 = CARTESIAN_POINT ( 'NONE',  ( 4.049999999999998934, -4.226590478018756734E-15, -0.9450000000000005063 ) ) ;
#2034 = EDGE_CURVE ( 'NONE', #2013, #3813, #1930, .T. ) ;
#2035 = MECHANICAL_DESIGN_GEOMETRIC_PRESENTATION_REPRESENTATION (  '', ( #4462 ), #4852 ) ;
#2036 = DIRECTION ( 'NONE',  ( 0.000000000000000000, 0.000000000000000000, 1.000000000000000000 ) ) ;
#2037 = DIRECTION ( 'NONE',  ( -0.000000000000000000, -0.000000000000000000, -1.000000000000000000 ) ) ;
#2038 = EDGE_CURVE ( 'NONE', #4434, #4525, #685, .T. ) ;
#2039 = DIRECTION ( 'NONE',  ( 0.000000000000000000, -0.000000000000000000, -1.000000000000000000 ) ) ;
#2040 = VERTEX_POINT ( 'NONE', #3441 ) ;
#2041 = CARTESIAN_POINT ( 'NONE',  ( -4.650000000000000355, 0.2000000000000000111, 4.034999999999999254 ) ) ;
#2042 = AXIS2_PLACEMENT_3D ( 'NONE', #4696, #2522, #3607 ) ;
#2043 = AXIS2_PLACEMENT_3D ( 'NONE', #4409, #680, #2486 ) ;
#2044 = LINE ( 'NONE', #3582, #1161 ) ;
#2045 = EDGE_CURVE ( 'NONE', #2674, #682, #1654, .T. ) ;
#2046 = CYLINDRICAL_SURFACE ( 'NONE', #3745, 9.000000000000001776 ) ;
#2047 = EDGE_CURVE ( 'NONE', #3797, #2948, #2806, .T. ) ;
#2048 = ORIENTED_EDGE ( 'NONE', *, *, #4405, .F. ) ;
#2049 = VERTEX_POINT ( 'NONE', #1277 ) ;
#2050 = AXIS2_PLACEMENT_3D ( 'NONE', #2170, #1385, #3969 ) ;
#2051 = DIRECTION ( 'NONE',  ( 0.000000000000000000, -1.000000000000000000, 0.000000000000000000 ) ) ;
#2052 = AXIS2_PLACEMENT_3D ( 'NONE', #4668, #1632, #1708 ) ;
#2053 = DIRECTION ( 'NONE',  ( 0.000000000000000000, -1.000000000000000000, 0.000000000000000000 ) ) ;
#2054 = AXIS2_PLACEMENT_3D ( 'NONE', #177, #152, #1638 ) ;
#2055 = LINE ( 'NONE', #3869, #2922 ) ;
#2056 = DIRECTION ( 'NONE',  ( 0.000000000000000000, 0.000000000000000000, -1.000000000000000000 ) ) ;
#2057 = ORIENTED_EDGE ( 'NONE', *, *, #2776, .T. ) ;
#2058 = ORIENTED_EDGE ( 'NONE', *, *, #239, .F. ) ;
#2059 = CIRCLE ( 'NONE', #2690, 0.3000000000000007661 ) ;
#2060 = CARTESIAN_POINT ( 'NONE',  ( 0.000000000000000000, 10.58499999999999908, -5.084999999999998188 ) ) ;
#2061 = AXIS2_PLACEMENT_3D ( 'NONE', #2215, #3317, #2164 ) ;
#2062 = STYLED_ITEM ( 'NONE', ( #1993 ), #1863 ) ;
#2063 = CARTESIAN_POINT ( 'NONE',  ( 3.650000000000000355, 1.074999999999999289, -3.435000000000000497 ) ) ;
#2064 = AXIS2_PLACEMENT_3D ( 'NONE', #2175, #1900, #3381 ) ;
#2065 = VECTOR ( 'NONE', #2701, 1000.000000000000000 ) ;
#2066 =( NAMED_UNIT ( * ) PLANE_ANGLE_UNIT ( ) SI_UNIT ( $, .RADIAN. ) );
#2067 = AXIS2_PLACEMENT_3D ( 'NONE', #1596, #4209, #775 ) ;
#2068 = FACE_OUTER_BOUND ( 'NONE', #3163, .T. ) ;
#2069 = LINE ( 'NONE', #4638, #1583 ) ;
#2070 = CARTESIAN_POINT ( 'NONE',  ( -1.791947670645500645, 1.646483794230394260, -4.255116448749832969 ) ) ;
#2071 = ORIENTED_EDGE ( 'NONE', *, *, #1426, .T. ) ;
#2072 = DIRECTION ( 'NONE',  ( -1.000000000000000000, 0.000000000000000000, 0.000000000000000000 ) ) ;
#2073 = EDGE_CURVE ( 'NONE', #4081, #2887, #3876, .T. ) ;
#2074 = CARTESIAN_POINT ( 'NONE',  ( -0.6060433990599241039, 1.483451009120688724, -3.767396250280361070 ) ) ;
#2075 = CARTESIAN_POINT ( 'NONE',  ( -3.650000000000000355, 1.174999999999999156, 0.9449999999999996181 ) ) ;
#2076 = ORIENTED_EDGE ( 'NONE', *, *, #1254, .F. ) ;
#2077 = ORIENTED_EDGE ( 'NONE', *, *, #3902, .F. ) ;
#2078 = CARTESIAN_POINT ( 'NONE',  ( -3.950000000000000178, 0.3000000000000000444, 0.9449999999999996181 ) ) ;
#2079 = EDGE_CURVE ( 'NONE', #2419, #966, #1956, .T. ) ;
#2080 = CARTESIAN_POINT ( 'NONE',  ( 3.300000000000003819, 1.174999999999999378, 0.9449999999999996181 ) ) ;
#2081 = CARTESIAN_POINT ( 'NONE',  ( -3.300000000000003819, 1.374999999999999556, 4.034999999999999254 ) ) ;
#2082 = LINE ( 'NONE', #3641, #980 ) ;
#2083 = ORIENTED_EDGE ( 'NONE', *, *, #3008, .T. ) ;
#2084 = LINE ( 'NONE', #190, #90 ) ;
#2085 = EDGE_CURVE ( 'NONE', #1693, #446, #118, .T. ) ;
#2086 = DIRECTION ( 'NONE',  ( 0.000000000000000000, 1.000000000000000000, 0.000000000000000000 ) ) ;
#2087 = DIRECTION ( 'NONE',  ( 0.000000000000000000, 0.000000000000000000, 1.000000000000000000 ) ) ;
#2088 = FACE_OUTER_BOUND ( 'NONE', #132, .T. ) ;
#2089 = FACE_OUTER_BOUND ( 'NONE', #3636, .T. ) ;
#2090 = CARTESIAN_POINT ( 'NONE',  ( -4.650000000000000355, 0.000000000000000000, 1.544999999999999485 ) ) ;
#2091 = VERTEX_POINT ( 'NONE', #830 ) ;
#2092 = ORIENTED_EDGE ( 'NONE', *, *, #2102, .F. ) ;
#2093 = ORIENTED_EDGE ( 'NONE', *, *, #1576, .T. ) ;
#2094 = DIRECTION ( 'NONE',  ( 0.000000000000000000, -1.000000000000000000, 0.000000000000000000 ) ) ;
#2095 = DIRECTION ( 'NONE',  ( 0.000000000000000000, 0.000000000000000000, 1.000000000000000000 ) ) ;
#2096 = ORIENTED_EDGE ( 'NONE', *, *, #3964, .T. ) ;
#2097 = VERTEX_POINT ( 'NONE', #2387 ) ;
#2098 = CARTESIAN_POINT ( 'NONE',  ( -3.650000000000000355, 1.374999999999999556, -3.435000000000000497 ) ) ;
#2099 = CARTESIAN_POINT ( 'NONE',  ( -3.950000000000001066, 1.074999999999999289, -0.9450000000000005063 ) ) ;
#2100 = CARTESIAN_POINT ( 'NONE',  ( 1.800000000000004707, 1.799999999999999600, 4.799999999999999822 ) ) ;
#2101 = LINE ( 'NONE', #2503, #4380 ) ;
#2102 = EDGE_CURVE ( 'NONE', #1888, #2609, #2059, .T. ) ;
#2103 = ORIENTED_EDGE ( 'NONE', *, *, #936, .T. ) ;
#2104 = STYLED_ITEM ( 'NONE', ( #3526 ), #3495 ) ;
#2105 = DIRECTION ( 'NONE',  ( 1.000000000000000000, 0.000000000000000000, 0.000000000000000000 ) ) ;
#2106 = AXIS2_PLACEMENT_3D ( 'NONE', #2449, #4358, #2476 ) ;
#2107 = DIRECTION ( 'NONE',  ( 0.000000000000000000, 0.000000000000000000, 1.000000000000000000 ) ) ;
#2108 = DIRECTION ( 'NONE',  ( -0.000000000000000000, -0.000000000000000000, -1.000000000000000000 ) ) ;
#2109 = ORIENTED_EDGE ( 'NONE', *, *, #3502, .T. ) ;
#2110 = EDGE_CURVE ( 'NONE', #4473, #4361, #3083, .T. ) ;
#2111 = VECTOR ( 'NONE', #1154, 1000.000000000000000 ) ;
#2112 =( LENGTH_UNIT ( ) NAMED_UNIT ( * ) SI_UNIT ( .MILLI., .METRE. ) );
#2113 = VECTOR ( 'NONE', #4169, 1000.000000000000000 ) ;
#2114 = CYLINDRICAL_SURFACE ( 'NONE', #571, 0.2999999999999999334 ) ;
#2115 = LINE ( 'NONE', #1712, #2822 ) ;
#2116 = ORIENTED_EDGE ( 'NONE', *, *, #3333, .F. ) ;
#2117 = ORIENTED_EDGE ( 'NONE', *, *, #1118, .F. ) ;
#2118 = CARTESIAN_POINT ( 'NONE',  ( 1.800000000000004041, 0.7499999999999991118, 4.799999999999999822 ) ) ;
#2119 = DIRECTION ( 'NONE',  ( -0.000000000000000000, -0.000000000000000000, -1.000000000000000000 ) ) ;
#2120 = ORIENTED_EDGE ( 'NONE', *, *, #962, .T. ) ;
#2121 = VERTEX_POINT ( 'NONE', #1177 ) ;
#2122 = CARTESIAN_POINT ( 'NONE',  ( 3.950000000000001066, 1.074999999999999289, 4.034999999999999254 ) ) ;
#2123 = AXIS2_PLACEMENT_3D ( 'NONE', #3025, #7, #2627 ) ;
#2124 = ORIENTED_EDGE ( 'NONE', *, *, #3406, .T. ) ;
#2125 = DIRECTION ( 'NONE',  ( 1.119176436114063908E-15, -1.000000000000000000, 0.000000000000000000 ) ) ;
#2126 = CARTESIAN_POINT ( 'NONE',  ( 4.050000000000000711, 0.2999999999999957145, -0.9450000000000005063 ) ) ;
#2127 = ORIENTED_EDGE ( 'NONE', *, *, #3031, .F. ) ;
#2128 = CARTESIAN_POINT ( 'NONE',  ( -3.650000000000000355, 1.074999999999999289, -3.435000000000000497 ) ) ;
#2129 = ORIENTED_EDGE ( 'NONE', *, *, #3135, .F. ) ;
#2130 = EDGE_CURVE ( 'NONE', #804, #2843, #2331, .T. ) ;
#2131 = LINE ( 'NONE', #3620, #1972 ) ;
#2132 = DIRECTION ( 'NONE',  ( -0.5773502691896702510, -0.5773502691896035266, -0.5773502691896035266 ) ) ;
#2133 = VECTOR ( 'NONE', #471, 1000.000000000000000 ) ;
#2134 = COLOUR_RGB ( '',0.7921568627450980005, 0.8196078431372548767, 0.9333333333333333481 ) ;
#2135 =( NAMED_UNIT ( * ) SI_UNIT ( $, .STERADIAN. ) SOLID_ANGLE_UNIT ( ) );
#2136 = VECTOR ( 'NONE', #1986, 1000.000000000000000 ) ;
#2137 = CLOSED_SHELL ( 'NONE', ( #1509, #2466, #2896, #355, #4166, #41, #3783, #1074, #2829, #2350, #3624, #4269, #3086, #3194 ) ) ;
#2138 = PRESENTATION_LAYER_ASSIGNMENT (  '', '', ( #4488 ) ) ;
#2139 =( NAMED_UNIT ( * ) PLANE_ANGLE_UNIT ( ) SI_UNIT ( $, .RADIAN. ) );
#2140 = FACE_OUTER_BOUND ( 'NONE', #4599, .T. ) ;
#2141 = CARTESIAN_POINT ( 'NONE',  ( -1.080291012788416438, 1.799999999999999600, -4.500000000000000000 ) ) ;
#2142 = ORIENTED_EDGE ( 'NONE', *, *, #567, .F. ) ;
#2143 = VECTOR ( 'NONE', #2053, 1000.000000000000000 ) ;
#2144 = FACE_OUTER_BOUND ( 'NONE', #398, .T. ) ;
#2145 = LINE ( 'NONE', #270, #3750 ) ;
#2146 = VERTEX_POINT ( 'NONE', #4295 ) ;
#2147 = ORIENTED_EDGE ( 'NONE', *, *, #3992, .F. ) ;
#2148 = DIRECTION ( 'NONE',  ( 0.000000000000000000, 1.000000000000000000, -0.000000000000000000 ) ) ;
#2149 = LINE ( 'NONE', #3758, #2921 ) ;
#2150 = CARTESIAN_POINT ( 'NONE',  ( 3.650000000000000355, 1.374999999999999556, 1.544999999999999485 ) ) ;
#2151 = DIRECTION ( 'NONE',  ( -0.000000000000000000, -0.000000000000000000, -1.000000000000000000 ) ) ;
#2152 = AXIS2_PLACEMENT_3D ( 'NONE', #3578, #2808, #4276 ) ;
#2153 = ORIENTED_EDGE ( 'NONE', *, *, #2256, .T. ) ;
#2154 = LINE ( 'NONE', #4774, #1720 ) ;
#2155 = CARTESIAN_POINT ( 'NONE',  ( -4.050000000000000711, 1.102182119232617541E-16, 0.9449999999999996181 ) ) ;
#2156 = DIRECTION ( 'NONE',  ( 1.000000000000000000, 1.836970198721029688E-16, -0.000000000000000000 ) ) ;
#2157 = ORIENTED_EDGE ( 'NONE', *, *, #3879, .T. ) ;
#2158 = SURFACE_SIDE_STYLE ('',( #1399 ) ) ;
#2159 = DIRECTION ( 'NONE',  ( -1.000000000000000000, 0.000000000000000000, 0.000000000000000000 ) ) ;
#2160 = CARTESIAN_POINT ( 'NONE',  ( 2.999999999999995559, 10.59999999999999964, 5.099999999999999645 ) ) ;
#2161 = CARTESIAN_POINT ( 'NONE',  ( 1.075983721926299763, 1.799999999999999600, -4.500000000000000000 ) ) ;
#2162 = ORIENTED_EDGE ( 'NONE', *, *, #409, .F. ) ;
#2163 = EDGE_CURVE ( 'NONE', #2609, #209, #3469, .T. ) ;
#2164 = DIRECTION ( 'NONE',  ( 1.000000000000000000, 0.000000000000000000, 0.000000000000000000 ) ) ;
#2165 = CARTESIAN_POINT ( 'NONE',  ( 3.650000000000000355, 1.074999999999999289, 4.034999999999999254 ) ) ;
#2166 = ORIENTED_EDGE ( 'NONE', *, *, #1781, .T. ) ;
#2167 = VERTEX_POINT ( 'NONE', #3129 ) ;
#2168 = ORIENTED_EDGE ( 'NONE', *, *, #1852, .F. ) ;
#2169 = ADVANCED_FACE ( 'NONE', ( #2360 ), #2411, .F. ) ;
#2170 = CARTESIAN_POINT ( 'NONE',  ( -3.650000000000000355, 1.074999999999999289, 1.544999999999999485 ) ) ;
#2171 = DIRECTION ( 'NONE',  ( 1.000000000000000000, 1.119176436114069825E-15, -0.000000000000000000 ) ) ;
#2172 = CARTESIAN_POINT ( 'NONE',  ( -2.999999999999997335, 1.799999999999999600, -5.099999999999999645 ) ) ;
#2173 = ORIENTED_EDGE ( 'NONE', *, *, #2569, .F. ) ;
#2174 = CARTESIAN_POINT ( 'NONE',  ( -0.01500000000000112355, 1.799999999999999600, 5.099999999999999645 ) ) ;
#2175 = CARTESIAN_POINT ( 'NONE',  ( 3.650000000000000355, 1.374999999999999556, -0.9450000000000005063 ) ) ;
#2176 = DIRECTION ( 'NONE',  ( 1.000000000000000000, 6.195440985631514482E-16, -0.000000000000000000 ) ) ;
#2177 = AXIS2_PLACEMENT_3D ( 'NONE', #3819, #3145, #2056 ) ;
#2178 = ORIENTED_EDGE ( 'NONE', *, *, #4594, .F. ) ;
#2179 = AXIS2_PLACEMENT_3D ( 'NONE', #601, #561, #3180 ) ;
#2180 = CARTESIAN_POINT ( 'NONE',  ( -3.650000000000000355, 1.375000000000000000, -0.9450000000000005063 ) ) ;
#2181 = EDGE_CURVE ( 'NONE', #1293, #3182, #1629, .T. ) ;
#2182 = SURFACE_STYLE_USAGE ( .BOTH. , #3267 ) ;
#2183 = DIRECTION ( 'NONE',  ( 2.065146995210483709E-16, -1.000000000000000000, 0.000000000000000000 ) ) ;
#2184 = CARTESIAN_POINT ( 'NONE',  ( 1.314770349698410667, 1.562966127426448804, -4.220649271731527818 ) ) ;
#2185 = AXIS2_PLACEMENT_3D ( 'NONE', #250, #4006, #1761 ) ;
#2186 = VERTEX_POINT ( 'NONE', #498 ) ;
#2187 = UNCERTAINTY_MEASURE_WITH_UNIT (LENGTH_MEASURE( 1.000000000000000082E-05 ), #4512, 'distance_accuracy_value', 'NONE');
#2188 = AXIS2_PLACEMENT_3D ( 'NONE', #2393, #1205, #49 ) ;
#2189 = ADVANCED_FACE ( 'NONE', ( #2006 ), #518, .F. ) ;
#2190 = CARTESIAN_POINT ( 'NONE',  ( 1.800000000000004707, 1.799999999999999600, 4.500000000000000000 ) ) ;
#2191 = DIRECTION ( 'NONE',  ( 1.000000000000000000, -1.445602896647339163E-16, 0.000000000000000000 ) ) ;
#2192 = ADVANCED_FACE ( 'NONE', ( #1227 ), #547, .F. ) ;
#2193 = LINE ( 'NONE', #3680, #3916 ) ;
#2194 = ORIENTED_EDGE ( 'NONE', *, *, #3748, .T. ) ;
#2195 = ORIENTED_EDGE ( 'NONE', *, *, #284, .T. ) ;
#2196 = LINE ( 'NONE', #1, #2205 ) ;
#2197 = LINE ( 'NONE', #3661, #4482 ) ;
#2198 = CARTESIAN_POINT ( 'NONE',  ( -3.750000000000000888, 1.074999999999999289, -1.545000000000000373 ) ) ;
#2199 = ADVANCED_FACE ( 'NONE', ( #3414 ), #67, .T. ) ;
#2200 = LINE ( 'NONE', #2667, #1541 ) ;
#2201 = EDGE_LOOP ( 'NONE', ( #3864, #341, #3781, #2423 ) ) ;
#2202 = DIRECTION ( 'NONE',  ( -1.000000000000000000, 0.000000000000000000, 0.000000000000000000 ) ) ;
#2203 = FACE_OUTER_BOUND ( 'NONE', #1915, .T. ) ;
#2204 = ORIENTED_EDGE ( 'NONE', *, *, #1756, .F. ) ;
#2205 = VECTOR ( 'NONE', #1156, 1000.000000000000000 ) ;
#2206 = VERTEX_POINT ( 'NONE', #4562 ) ;
#2207 = ORIENTED_EDGE ( 'NONE', *, *, #4790, .F. ) ;
#2208 = DIRECTION ( 'NONE',  ( 1.000000000000000000, 0.000000000000000000, 0.000000000000000000 ) ) ;
#2209 = VECTOR ( 'NONE', #3900, 1000.000000000000000 ) ;
#2210 = SURFACE_STYLE_FILL_AREA ( #2923 ) ;
#2211 = DIRECTION ( 'NONE',  ( 0.000000000000000000, 1.000000000000000000, 0.000000000000000000 ) ) ;
#2212 = CARTESIAN_POINT ( 'NONE',  ( -3.650000000000000355, 1.074999999999999289, 0.9449999999999996181 ) ) ;
#2213 = AXIS2_PLACEMENT_3D ( 'NONE', #2063, #4732, #4315 ) ;
#2214 = COLOUR_RGB ( '',0.7921568627450980005, 0.8196078431372548767, 0.9333333333333333481 ) ;
#2215 = CARTESIAN_POINT ( 'NONE',  ( -4.050000000000000711, 0.3000000000000000444, 0.9449999999999996181 ) ) ;
#2216 = DIRECTION ( 'NONE',  ( -0.000000000000000000, -0.000000000000000000, -1.000000000000000000 ) ) ;
#2217 = DIRECTION ( 'NONE',  ( -0.000000000000000000, -0.000000000000000000, -1.000000000000000000 ) ) ;
#2218 = ORIENTED_EDGE ( 'NONE', *, *, #3173, .T. ) ;
#2219 = ORIENTED_EDGE ( 'NONE', *, *, #3769, .F. ) ;
#2220 = EDGE_CURVE ( 'NONE', #2299, #1052, #2707, .T. ) ;
#2221 = CARTESIAN_POINT ( 'NONE',  ( -2.200000000000004619, 10.50000000000000000, -4.649999999999999467 ) ) ;
#2222 = CARTESIAN_POINT ( 'NONE',  ( 4.649999999999998579, -4.336808689942017736E-15, -3.435000000000000497 ) ) ;
#2223 = AXIS2_PLACEMENT_3D ( 'NONE', #2081, #2619, #1082 ) ;
#2224 = FACE_OUTER_BOUND ( 'NONE', #3974, .T. ) ;
#2225 = DIRECTION ( 'NONE',  ( 1.000000000000000000, 1.836970198721029688E-16, -0.000000000000000000 ) ) ;
#2226 = ORIENTED_EDGE ( 'NONE', *, *, #3404, .T. ) ;
#2227 = DIRECTION ( 'NONE',  ( -0.000000000000000000, 1.000000000000000000, -0.000000000000000000 ) ) ;
#2228 = LINE ( 'NONE', #3764, #2693 ) ;
#2229 = ORIENTED_EDGE ( 'NONE', *, *, #2340, .F. ) ;
#2230 = VERTEX_POINT ( 'NONE', #2510 ) ;
#2231 = EDGE_LOOP ( 'NONE', ( #2109, #2676, #4632, #37 ) ) ;
#2232 = ADVANCED_FACE ( 'NONE', ( #637 ), #1772, .T. ) ;
#2233 = AXIS2_PLACEMENT_3D ( 'NONE', #976, #1421, #1342 ) ;
#2234 = SURFACE_SIDE_STYLE ('',( #3387 ) ) ;
#2235 = CARTESIAN_POINT ( 'NONE',  ( 1.721799764754669448, 1.632710683235727211, 3.918145452391121442 ) ) ;
#2236 = CARTESIAN_POINT ( 'NONE',  ( -1.800000000000004263, 1.799999999999999600, -4.799999999999999822 ) ) ;
#2237 = ORIENTED_EDGE ( 'NONE', *, *, #4742, .F. ) ;
#2238 = CARTESIAN_POINT ( 'NONE',  ( -4.650000000000000355, 0.2000000000000000111, -0.9450000000000005063 ) ) ;
#2239 = CARTESIAN_POINT ( 'NONE',  ( -2.200000000000004619, 10.50000000000000000, -4.299999999999998934 ) ) ;
#2240 = DIRECTION ( 'NONE',  ( 1.000000000000000000, 0.000000000000000000, 0.000000000000000000 ) ) ;
#2241 = EDGE_LOOP ( 'NONE', ( #3863, #878, #3671, #1446 ) ) ;
#2242 = DIRECTION ( 'NONE',  ( -0.000000000000000000, 1.000000000000000000, -0.000000000000000000 ) ) ;
#2243 = SURFACE_SIDE_STYLE ('',( #1088 ) ) ;
#2244 = LINE ( 'NONE', #1895, #1392 ) ;
#2245 = EDGE_CURVE ( 'NONE', #2737, #1587, #4345, .T. ) ;
#2246 = DIRECTION ( 'NONE',  ( 0.000000000000000000, 0.000000000000000000, 1.000000000000000000 ) ) ;
#2247 = ORIENTED_EDGE ( 'NONE', *, *, #2015, .T. ) ;
#2248 = DIRECTION ( 'NONE',  ( 1.119176436114070022E-15, -1.000000000000000000, -0.000000000000000000 ) ) ;
#2249 = DIRECTION ( 'NONE',  ( -1.000000000000000000, 0.000000000000000000, 0.000000000000000000 ) ) ;
#2250 = ORIENTED_EDGE ( 'NONE', *, *, #3684, .T. ) ;
#2251 = EDGE_CURVE ( 'NONE', #2091, #3944, #592, .T. ) ;
#2252 = ORIENTED_EDGE ( 'NONE', *, *, #3902, .T. ) ;
#2253 = VERTEX_POINT ( 'NONE', #3644 ) ;
#2254 = ORIENTED_EDGE ( 'NONE', *, *, #440, .T. ) ;
#2255 = DIRECTION ( 'NONE',  ( 0.000000000000000000, -1.000000000000000000, 0.000000000000000000 ) ) ;
#2256 = EDGE_CURVE ( 'NONE', #902, #1962, #2377, .T. ) ;
#2257 = LINE ( 'NONE', #2964, #4847 ) ;
#2258 = VERTEX_POINT ( 'NONE', #954 ) ;
#2259 = CARTESIAN_POINT ( 'NONE',  ( 4.050000000000000711, 0.2999999999999957145, -3.435000000000000497 ) ) ;
#2260 = AXIS2_PLACEMENT_3D ( 'NONE', #4743, #2869, #580 ) ;
#2261 = PLANE ( 'NONE',  #4271 ) ;
#2262 = LINE ( 'NONE', #4398, #4458 ) ;
#2263 = EDGE_LOOP ( 'NONE', ( #4290, #2384, #813, #4474 ) ) ;
#2264 = ORIENTED_EDGE ( 'NONE', *, *, #3899, .T. ) ;
#2265 = ORIENTED_EDGE ( 'NONE', *, *, #2998, .T. ) ;
#2266 = AXIS2_PLACEMENT_3D ( 'NONE', #3205, #3562, #178 ) ;
#2267 = DIRECTION ( 'NONE',  ( 8.673617379884035472E-15, 1.000000000000000000, 0.000000000000000000 ) ) ;
#2268 = CARTESIAN_POINT ( 'NONE',  ( 3.750000000000000888, 0.2999999999999966582, 1.544999999999999485 ) ) ;
#2269 = DIRECTION ( 'NONE',  ( 0.000000000000000000, 0.000000000000000000, 1.000000000000000000 ) ) ;
#2270 = PLANE ( 'NONE',  #825 ) ;
#2271 = VECTOR ( 'NONE', #3388, 1000.000000000000000 ) ;
#2272 = ORIENTED_EDGE ( 'NONE', *, *, #1917, .F. ) ;
#2273 = DIRECTION ( 'NONE',  ( 0.000000000000000000, 0.000000000000000000, 1.000000000000000000 ) ) ;
#2274 = CARTESIAN_POINT ( 'NONE',  ( -4.050000000000000711, 1.102182119232617541E-16, -3.435000000000000497 ) ) ;
#2275 = EDGE_LOOP ( 'NONE', ( #1827, #2077, #3227, #4606 ) ) ;
#2276 = ORIENTED_EDGE ( 'NONE', *, *, #3751, .F. ) ;
#2277 = ORIENTED_EDGE ( 'NONE', *, *, #76, .T. ) ;
#2278 = ORIENTED_EDGE ( 'NONE', *, *, #3196, .T. ) ;
#2279 = EDGE_CURVE ( 'NONE', #1129, #2307, #1894, .T. ) ;
#2280 = VECTOR ( 'NONE', #2051, 1000.000000000000000 ) ;
#2281 = DIRECTION ( 'NONE',  ( -0.000000000000000000, -0.000000000000000000, -1.000000000000000000 ) ) ;
#2282 = LINE ( 'NONE', #3773, #4387 ) ;
#2283 = VECTOR ( 'NONE', #1595, 1000.000000000000000 ) ;
#2284 = EDGE_CURVE ( 'NONE', #2843, #1293, #572, .T. ) ;
#2285 = UNCERTAINTY_MEASURE_WITH_UNIT (LENGTH_MEASURE( 1.000000000000000082E-05 ), #2112, 'distance_accuracy_value', 'NONE');
#2286 = EDGE_CURVE ( 'NONE', #2306, #854, #2534, .T. ) ;
#2287 = CARTESIAN_POINT ( 'NONE',  ( -1.800000000000004263, 1.649999999999999467, 4.500000000000000000 ) ) ;
#2288 = CARTESIAN_POINT ( 'NONE',  ( -3.750000000000000888, 0.3000000000000001554, 1.544999999999999485 ) ) ;
#2289 = LINE ( 'NONE', #4616, #3418 ) ;
#2290 = ORIENTED_EDGE ( 'NONE', *, *, #2286, .T. ) ;
#2291 = ORIENTED_EDGE ( 'NONE', *, *, #1296, .F. ) ;
#2292 = DIRECTION ( 'NONE',  ( -0.000000000000000000, -0.000000000000000000, -1.000000000000000000 ) ) ;
#2293 = EDGE_CURVE ( 'NONE', #2782, #4413, #3954, .T. ) ;
#2294 = CARTESIAN_POINT ( 'NONE',  ( 3.950000000000001066, 1.074999999999999289, 4.034999999999999254 ) ) ;
#2295 = CIRCLE ( 'NONE', #174, 0.1000000000000002554 ) ;
#2296 = CARTESIAN_POINT ( 'NONE',  ( -4.650000000000000355, 0.000000000000000000, -0.9450000000000005063 ) ) ;
#2297 = FACE_OUTER_BOUND ( 'NONE', #3647, .T. ) ;
#2298 = VERTEX_POINT ( 'NONE', #2828 ) ;
#2299 = VERTEX_POINT ( 'NONE', #3262 ) ;
#2300 = AXIS2_PLACEMENT_3D ( 'NONE', #565, #897, #3542 ) ;
#2301 = CARTESIAN_POINT ( 'NONE',  ( 4.049999999999998934, -4.226590478018756734E-15, -3.435000000000000497 ) ) ;
#2302 = VECTOR ( 'NONE', #2191, 1000.000000000000000 ) ;
#2303 = CARTESIAN_POINT ( 'NONE',  ( -4.050000000000000711, 0.2000000000000000111, -4.035000000000000142 ) ) ;
#2304 = EDGE_LOOP ( 'NONE', ( #4672, #4267, #1410, #467 ) ) ;
#2305 = AXIS2_PLACEMENT_3D ( 'NONE', #1792, #4795, #4452 ) ;
#2306 = VERTEX_POINT ( 'NONE', #2877 ) ;
#2307 = VERTEX_POINT ( 'NONE', #3976 ) ;
#2308 = AXIS2_PLACEMENT_3D ( 'NONE', #1660, #1326, #4669 ) ;
#2309 = SURFACE_STYLE_USAGE ( .BOTH. , #2234 ) ;
#2310 = LINE ( 'NONE', #1985, #1146 ) ;
#2311 = AXIS2_PLACEMENT_3D ( 'NONE', #1394, #3621, #2898 ) ;
#2312 = CARTESIAN_POINT ( 'NONE',  ( -3.300000000000003819, 1.174999999999999378, 0.9449999999999996181 ) ) ;
#2313 = CARTESIAN_POINT ( 'NONE',  ( -3.750000000000000888, 1.074999999999999289, 0.9449999999999996181 ) ) ;
#2314 = ORIENTED_EDGE ( 'NONE', *, *, #876, .F. ) ;
#2315 = VERTEX_POINT ( 'NONE', #4776 ) ;
#2316 = EDGE_CURVE ( 'NONE', #1794, #4080, #858, .T. ) ;
#2317 = DIRECTION ( 'NONE',  ( 0.000000000000000000, 0.000000000000000000, 1.000000000000000000 ) ) ;
#2318 =( NAMED_UNIT ( * ) PLANE_ANGLE_UNIT ( ) SI_UNIT ( $, .RADIAN. ) );
#2319 = CARTESIAN_POINT ( 'NONE',  ( 3.650000000000000355, 1.174999999999999378, 3.434999999999999609 ) ) ;
#2320 = CARTESIAN_POINT ( 'NONE',  ( -3.650000000000000355, 1.074999999999999289, 4.034999999999999254 ) ) ;
#2321 = ORIENTED_EDGE ( 'NONE', *, *, #1882, .T. ) ;
#2322 = EDGE_CURVE ( 'NONE', #4704, #4860, #1393, .T. ) ;
#2323 = ORIENTED_EDGE ( 'NONE', *, *, #4686, .F. ) ;
#2324 = CARTESIAN_POINT ( 'NONE',  ( -2.200000000000004619, 10.50000000000000000, -3.949999999999998845 ) ) ;
#2325 = DIRECTION ( 'NONE',  ( -1.000000000000000000, -0.000000000000000000, -0.000000000000000000 ) ) ;
#2326 = DIRECTION ( 'NONE',  ( 1.000000000000000000, 0.000000000000000000, -0.000000000000000000 ) ) ;
#2327 = DIRECTION ( 'NONE',  ( 8.673617379884035472E-15, 1.000000000000000000, 0.000000000000000000 ) ) ;
#2328 = ORIENTED_EDGE ( 'NONE', *, *, #520, .T. ) ;
#2329 = ORIENTED_EDGE ( 'NONE', *, *, #1762, .F. ) ;
#2330 = ORIENTED_EDGE ( 'NONE', *, *, #4194, .F. ) ;
#2331 = LINE ( 'NONE', #4587, #1804 ) ;
#2332 = CARTESIAN_POINT ( 'NONE',  ( -4.050000000000000711, 0.2000000000000000111, -1.545000000000000373 ) ) ;
#2333 = EDGE_CURVE ( 'NONE', #2864, #1713, #996, .T. ) ;
#2334 = FACE_OUTER_BOUND ( 'NONE', #603, .T. ) ;
#2335 =( LENGTH_UNIT ( ) NAMED_UNIT ( * ) SI_UNIT ( .MILLI., .METRE. ) );
#2336 = DIRECTION ( 'NONE',  ( -1.000000000000000000, -0.000000000000000000, -0.000000000000000000 ) ) ;
#2337 = VECTOR ( 'NONE', #1075, 1000.000000000000000 ) ;
#2338 = ORIENTED_EDGE ( 'NONE', *, *, #2911, .F. ) ;
#2339 = DIRECTION ( 'NONE',  ( 0.000000000000000000, -0.000000000000000000, -1.000000000000000000 ) ) ;
#2340 = EDGE_CURVE ( 'NONE', #201, #2899, #2131, .T. ) ;
#2341 = VECTOR ( 'NONE', #1967, 1000.000000000000000 ) ;
#2342 = FILL_AREA_STYLE ('',( #3095 ) ) ;
#2343 = CARTESIAN_POINT ( 'NONE',  ( -3.300000000000003819, 1.174999999999999378, 3.434999999999999609 ) ) ;
#2344 = CARTESIAN_POINT ( 'NONE',  ( 3.300000000000004263, 0.7499999999999993339, 4.799999999999999822 ) ) ;
#2345 = AXIS2_PLACEMENT_3D ( 'NONE', #2259, #1231, #3777 ) ;
#2346 = EDGE_LOOP ( 'NONE', ( #3493, #3586, #359, #1309 ) ) ;
#2347 = ORIENTED_EDGE ( 'NONE', *, *, #1917, .T. ) ;
#2348 = VECTOR ( 'NONE', #426, 1000.000000000000000 ) ;
#2349 = CARTESIAN_POINT ( 'NONE',  ( -1.800000000000004263, 1.649999999999999467, -3.941933006589728006 ) ) ;
#2350 = ADVANCED_FACE ( 'NONE', ( #2462 ), #259, .F. ) ;
#2351 = ADVANCED_FACE ( 'NONE', ( #212 ), #2558, .F. ) ;
#2352 = EDGE_CURVE ( 'NONE', #1308, #2815, #2295, .T. ) ;
#2353 = VECTOR ( 'NONE', #1957, 1000.000000000000000 ) ;
#2354 = FACE_OUTER_BOUND ( 'NONE', #1223, .T. ) ;
#2355 = LINE ( 'NONE', #3102, #3952 ) ;
#2356 = DIRECTION ( 'NONE',  ( -0.000000000000000000, -0.000000000000000000, -1.000000000000000000 ) ) ;
#2357 = ORIENTED_EDGE ( 'NONE', *, *, #636, .F. ) ;
#2358 = VERTEX_POINT ( 'NONE', #4706 ) ;
#2359 = DIRECTION ( 'NONE',  ( 1.000000000000000000, 1.119176436114069825E-15, -0.000000000000000000 ) ) ;
#2360 = FACE_OUTER_BOUND ( 'NONE', #3957, .T. ) ;
#2361 = LINE ( 'NONE', #2731, #375 ) ;
#2362 = CIRCLE ( 'NONE', #542, 0.1000000000000002554 ) ;
#2363 = CYLINDRICAL_SURFACE ( 'NONE', #3224, 0.09999999999999939493 ) ;
#2364 = CARTESIAN_POINT ( 'NONE',  ( 3.300000000000003819, 1.374999999999999556, -0.9450000000000005063 ) ) ;
#2365 = AXIS2_PLACEMENT_3D ( 'NONE', #2996, #2973, #4450 ) ;
#2366 = VERTEX_POINT ( 'NONE', #192 ) ;
#2367 = VERTEX_POINT ( 'NONE', #1682 ) ;
#2368 = CARTESIAN_POINT ( 'NONE',  ( -3.650000000000000355, 1.074999999999999289, 1.544999999999999485 ) ) ;
#2369 = SURFACE_STYLE_FILL_AREA ( #2719 ) ;
#2370 = DIRECTION ( 'NONE',  ( 1.000000000000000000, 0.000000000000000000, -0.000000000000000000 ) ) ;
#2371 = VECTOR ( 'NONE', #4463, 1000.000000000000000 ) ;
#2372 = DIRECTION ( 'NONE',  ( -0.000000000000000000, -0.000000000000000000, -1.000000000000000000 ) ) ;
#2373 = ORIENTED_EDGE ( 'NONE', *, *, #2333, .F. ) ;
#2374 = ADVANCED_FACE ( 'NONE', ( #3172 ), #1298, .F. ) ;
#2375 = VERTEX_POINT ( 'NONE', #3357 ) ;
#2376 = DIRECTION ( 'NONE',  ( -0.000000000000000000, -0.000000000000000000, -1.000000000000000000 ) ) ;
#2377 = CIRCLE ( 'NONE', #1655, 0.3500000000000004774 ) ;
#2378 =( GEOMETRIC_REPRESENTATION_CONTEXT ( 3 ) GLOBAL_UNCERTAINTY_ASSIGNED_CONTEXT ( ( #311 ) ) GLOBAL_UNIT_ASSIGNED_CONTEXT ( ( #1003, #3266, #1347 ) ) REPRESENTATION_CONTEXT ( 'NONE', 'WORKASPACE' ) );
#2379 = CARTESIAN_POINT ( 'NONE',  ( 4.050000000000000711, 0.1999999999999964029, -3.435000000000000497 ) ) ;
#2380 = CARTESIAN_POINT ( 'NONE',  ( -3.650000000000000355, 1.374999999999999556, -0.9450000000000005063 ) ) ;
#2381 = DIRECTION ( 'NONE',  ( -1.000000000000000000, 0.000000000000000000, 0.000000000000000000 ) ) ;
#2382 = AXIS2_PLACEMENT_3D ( 'NONE', #991, #2427, #3233 ) ;
#2383 = ORIENTED_EDGE ( 'NONE', *, *, #697, .T. ) ;
#2384 = ORIENTED_EDGE ( 'NONE', *, *, #2015, .F. ) ;
#2385 = DIRECTION ( 'NONE',  ( 0.000000000000000000, 0.000000000000000000, 1.000000000000000000 ) ) ;
#2386 = AXIS2_PLACEMENT_3D ( 'NONE', #1464, #2974, #4129 ) ;
#2387 = CARTESIAN_POINT ( 'NONE',  ( -3.750000000000000888, 0.3000000000000001554, -1.545000000000000373 ) ) ;
#2388 = VECTOR ( 'NONE', #823, 1000.000000000000000 ) ;
#2389 = EDGE_CURVE ( 'NONE', #103, #4755, #348, .T. ) ;
#2390 = VERTEX_POINT ( 'NONE', #3027 ) ;
#2391 = DIRECTION ( 'NONE',  ( -1.000000000000000000, 0.000000000000000000, 0.000000000000000000 ) ) ;
#2392 = DIRECTION ( 'NONE',  ( -0.000000000000000000, -0.000000000000000000, -1.000000000000000000 ) ) ;
#2393 = CARTESIAN_POINT ( 'NONE',  ( 0.000000000000000000, 0.000000000000000000, -5.099999999999999645 ) ) ;
#2394 = ORIENTED_EDGE ( 'NONE', *, *, #459, .F. ) ;
#2395 = LINE ( 'NONE', #3423, #1080 ) ;
#2396 = VECTOR ( 'NONE', #952, 1000.000000000000000 ) ;
#2397 = DIRECTION ( 'NONE',  ( 8.673617379884035472E-15, 1.000000000000000000, 0.000000000000000000 ) ) ;
#2398 = CARTESIAN_POINT ( 'NONE',  ( -4.050000000000000711, 0.3000000000000000444, -1.545000000000000373 ) ) ;
#2399 = DIRECTION ( 'NONE',  ( -1.000000000000000000, 0.000000000000000000, 0.000000000000000000 ) ) ;
#2400 = VERTEX_POINT ( 'NONE', #3328 ) ;
#2401 = ORIENTED_EDGE ( 'NONE', *, *, #792, .T. ) ;
#2402 = CARTESIAN_POINT ( 'NONE',  ( 3.650000000000000355, 1.374999999999999556, -0.9450000000000005063 ) ) ;
#2403 = EDGE_CURVE ( 'NONE', #4724, #3765, #2228, .T. ) ;
#2404 = CYLINDRICAL_SURFACE ( 'NONE', #2067, 0.2999999999999999334 ) ;
#2405 = DIRECTION ( 'NONE',  ( 0.000000000000000000, 0.000000000000000000, 1.000000000000000000 ) ) ;
#2406 = DIRECTION ( 'NONE',  ( -0.000000000000000000, -0.000000000000000000, -1.000000000000000000 ) ) ;
#2407 = VERTEX_POINT ( 'NONE', #4524 ) ;
#2408 = ORIENTED_EDGE ( 'NONE', *, *, #3693, .F. ) ;
#2409 = CARTESIAN_POINT ( 'NONE',  ( 4.650000000000000355, 0.1999999999999956812, -1.545000000000000373 ) ) ;
#2410 = ADVANCED_FACE ( 'NONE', ( #4483 ), #1494, .F. ) ;
#2411 = PLANE ( 'NONE',  #4329 ) ;
#2412 = ADVANCED_FACE ( 'NONE', ( #1141 ), #4848, .F. ) ;
#2413 = EDGE_CURVE ( 'NONE', #4755, #1052, #2937, .T. ) ;
#2414 = ADVANCED_FACE ( 'NONE', ( #2203 ), #39, .F. ) ;
#2415 = DIRECTION ( 'NONE',  ( 1.000000000000000000, -6.195440985631514482E-16, 0.000000000000000000 ) ) ;
#2416 = LINE ( 'NONE', #196, #1424 ) ;
#2417 = CARTESIAN_POINT ( 'NONE',  ( -1.215327389346167575, 1.548909580990871948, -3.826828741885155871 ) ) ;
#2418 = ORIENTED_EDGE ( 'NONE', *, *, #2316, .F. ) ;
#2419 = VERTEX_POINT ( 'NONE', #1824 ) ;
#2420 = DIRECTION ( 'NONE',  ( -0.000000000000000000, -0.000000000000000000, -1.000000000000000000 ) ) ;
#2421 = LINE ( 'NONE', #1666, #3689 ) ;
#2422 = DIRECTION ( 'NONE',  ( -0.000000000000000000, -0.000000000000000000, -1.000000000000000000 ) ) ;
#2423 = ORIENTED_EDGE ( 'NONE', *, *, #4744, .T. ) ;
#2424 = ORIENTED_EDGE ( 'NONE', *, *, #1200, .F. ) ;
#2425 = CIRCLE ( 'NONE', #290, 0.3000000000000007661 ) ;
#2426 = LINE ( 'NONE', #3917, #2280 ) ;
#2427 = DIRECTION ( 'NONE',  ( -1.836970198721029688E-16, 1.000000000000000000, 0.000000000000000000 ) ) ;
#2428 = CARTESIAN_POINT ( 'NONE',  ( 4.649999999999998579, -4.336808689942017736E-15, 1.544999999999999485 ) ) ;
#2429 = PLANE ( 'NONE',  #2177 ) ;
#2430 = ORIENTED_EDGE ( 'NONE', *, *, #4830, .F. ) ;
#2431 = VECTOR ( 'NONE', #2372, 1000.000000000000000 ) ;
#2432 = PRESENTATION_LAYER_ASSIGNMENT (  '', '', ( #144 ) ) ;
#2433 = ORIENTED_EDGE ( 'NONE', *, *, #2680, .T. ) ;
#2434 = VERTEX_POINT ( 'NONE', #3285 ) ;
#2435 = CARTESIAN_POINT ( 'NONE',  ( 3.750000000000000888, 1.074999999999999289, 1.544999999999999485 ) ) ;
#2436 = AXIS2_PLACEMENT_3D ( 'NONE', #1785, #4495, #1107 ) ;
#2437 = DIRECTION ( 'NONE',  ( 0.000000000000000000, 1.000000000000000000, 0.000000000000000000 ) ) ;
#2438 = COLOUR_RGB ( '',0.7921568627450980005, 0.8196078431372548767, 0.9333333333333333481 ) ;
#2439 = EDGE_CURVE ( 'NONE', #3780, #2390, #2630, .T. ) ;
#2440 = LINE ( 'NONE', #3154, #919 ) ;
#2441 = CARTESIAN_POINT ( 'NONE',  ( 4.649999999999998579, -4.336808689942017736E-15, 4.034999999999999254 ) ) ;
#2442 = CARTESIAN_POINT ( 'NONE',  ( -0.6983233287041676896, 1.488588547719401411, -3.770866379103752219 ) ) ;
#2443 = VERTEX_POINT ( 'NONE', #3694 ) ;
#2444 = ADVANCED_FACE ( 'NONE', ( #1468 ), #4116, .F. ) ;
#2445 = ADVANCED_FACE ( 'NONE', ( #2672 ), #3307, .F. ) ;
#2446 = CARTESIAN_POINT ( 'NONE',  ( 3.750000000000000888, 0.2999999999999966582, -0.9450000000000005063 ) ) ;
#2447 = VECTOR ( 'NONE', #326, 1000.000000000000000 ) ;
#2448 = DIRECTION ( 'NONE',  ( -0.000000000000000000, -0.000000000000000000, -1.000000000000000000 ) ) ;
#2449 = CARTESIAN_POINT ( 'NONE',  ( 3.650000000000000355, 1.074999999999999289, -0.9450000000000005063 ) ) ;
#2450 = ORIENTED_EDGE ( 'NONE', *, *, #127, .T. ) ;
#2451 = ORIENTED_EDGE ( 'NONE', *, *, #153, .F. ) ;
#2452 = AXIS2_PLACEMENT_3D ( 'NONE', #2889, #295, #2148 ) ;
#2453 = CARTESIAN_POINT ( 'NONE',  ( 3.300000000000004263, 1.799999999999999600, 4.799999999999999822 ) ) ;
#2454 = AXIS2_PLACEMENT_3D ( 'NONE', #1073, #1499, #2940 ) ;
#2455 = DIRECTION ( 'NONE',  ( -1.000000000000000000, -0.000000000000000000, -0.000000000000000000 ) ) ;
#2456 = DIRECTION ( 'NONE',  ( 0.000000000000000000, 0.000000000000000000, 1.000000000000000000 ) ) ;
#2457 = LINE ( 'NONE', #186, #3826 ) ;
#2458 = ORIENTED_EDGE ( 'NONE', *, *, #737, .T. ) ;
#2459 = VECTOR ( 'NONE', #4410, 1000.000000000000000 ) ;
#2460 = LINE ( 'NONE', #166, #4560 ) ;
#2461 = VECTOR ( 'NONE', #1760, 1000.000000000000000 ) ;
#2462 = FACE_OUTER_BOUND ( 'NONE', #4717, .T. ) ;
#2463 = CARTESIAN_POINT ( 'NONE',  ( 4.650000000000000355, 0.1999999999999956812, -3.435000000000000497 ) ) ;
#2464 = VECTOR ( 'NONE', #4748, 1000.000000000000000 ) ;
#2465 = VECTOR ( 'NONE', #4538, 1000.000000000000000 ) ;
#2466 = ADVANCED_FACE ( 'NONE', ( #751 ), #394, .F. ) ;
#2467 = CARTESIAN_POINT ( 'NONE',  ( -3.950000000000000178, 0.3000000000000000444, -3.435000000000000497 ) ) ;
#2468 = CARTESIAN_POINT ( 'NONE',  ( 1.800000000000004707, 1.649999999999998579, 3.941933006589726229 ) ) ;
#2469 = DIRECTION ( 'NONE',  ( -0.000000000000000000, -0.000000000000000000, -1.000000000000000000 ) ) ;
#2470 = ORIENTED_EDGE ( 'NONE', *, *, #3525, .F. ) ;
#2471 = EDGE_LOOP ( 'NONE', ( #806, #2573, #1495, #4117 ) ) ;
#2472 = VECTOR ( 'NONE', #4351, 1000.000000000000000 ) ;
#2473 = EDGE_CURVE ( 'NONE', #2434, #3222, #1520, .T. ) ;
#2474 = CARTESIAN_POINT ( 'NONE',  ( 1.508725062524980620, 1.590543752360424890, -3.863349768485274449 ) ) ;
#2475 = ADVANCED_FACE ( 'NONE', ( #3669 ), #2581, .F. ) ;
#2476 = DIRECTION ( 'NONE',  ( -1.000000000000000000, 0.000000000000000000, 0.000000000000000000 ) ) ;
#2477 = ORIENTED_EDGE ( 'NONE', *, *, #1732, .T. ) ;
#2478 = EDGE_LOOP ( 'NONE', ( #1651, #3798, #2655, #1172 ) ) ;
#2479 = AXIS2_PLACEMENT_3D ( 'NONE', #2160, #3649, #308 ) ;
#2480 = DIRECTION ( 'NONE',  ( -0.000000000000000000, -0.000000000000000000, -1.000000000000000000 ) ) ;
#2481 = FACE_OUTER_BOUND ( 'NONE', #3755, .T. ) ;
#2482 = CARTESIAN_POINT ( 'NONE',  ( -3.950000000000000178, 0.3000000000000000444, -0.9450000000000005063 ) ) ;
#2483 = EDGE_CURVE ( 'NONE', #331, #2545, #4066, .T. ) ;
#2484 = FACE_OUTER_BOUND ( 'NONE', #1641, .T. ) ;
#2485 = EDGE_LOOP ( 'NONE', ( #2433, #708, #1928, #1100 ) ) ;
#2486 = DIRECTION ( 'NONE',  ( -1.000000000000000000, -6.195440985631514482E-16, 0.000000000000000000 ) ) ;
#2487 = CARTESIAN_POINT ( 'NONE',  ( 4.649999999999998579, -4.336808689942017736E-15, -1.545000000000000373 ) ) ;
#2488 = LINE ( 'NONE', #998, #1104 ) ;
#2489 = DIRECTION ( 'NONE',  ( -0.000000000000000000, -0.000000000000000000, -1.000000000000000000 ) ) ;
#2490 = CARTESIAN_POINT ( 'NONE',  ( -1.215327389346178233, 1.548909580990873280, 3.826828741885223373 ) ) ;
#2491 = CARTESIAN_POINT ( 'NONE',  ( -1.888003362179075939, 1.666895201784274194, -3.960476801717609074 ) ) ;
#2492 = ORIENTED_EDGE ( 'NONE', *, *, #4799, .F. ) ;
#2493 = VERTEX_POINT ( 'NONE', #1445 ) ;
#2494 = ADVANCED_FACE ( 'NONE', ( #511, #4551 ), #4186, .F. ) ;
#2495 = LINE ( 'NONE', #3204, #4001 ) ;
#2496 = B_SPLINE_CURVE_WITH_KNOTS ( 'NONE', 3,
 ( #4721, #199, #3983, #2074, #4332, #224, #3178, #2813, #2474, #2867 ),
 .UNSPECIFIED., .F., .F.,
 ( 4, 2, 2, 2, 4 ),
 ( 4.336808689942017736E-19, 0.0009135591831819929974, 0.001827118366363985561, 0.002740677549545977258, 0.003654236732727969821 ),
 .UNSPECIFIED. ) ;
#2497 = DIRECTION ( 'NONE',  ( -1.000000000000000000, 0.000000000000000000, 0.000000000000000000 ) ) ;
#2498 = ORIENTED_EDGE ( 'NONE', *, *, #2352, .F. ) ;
#2499 = EDGE_LOOP ( 'NONE', ( #480, #3547, #1954, #4359 ) ) ;
#2500 = ADVANCED_FACE ( 'NONE', ( #2354 ), #3101, .T. ) ;
#2501 = DIRECTION ( 'NONE',  ( 1.836970198721023771E-16, 1.000000000000000000, -0.000000000000000000 ) ) ;
#2502 = FACE_OUTER_BOUND ( 'NONE', #43, .T. ) ;
#2503 = CARTESIAN_POINT ( 'NONE',  ( 3.650000000000000355, 1.174999999999999378, -3.435000000000000497 ) ) ;
#2504 = VERTEX_POINT ( 'NONE', #2379 ) ;
#2505 = VECTOR ( 'NONE', #3211, 1000.000000000000000 ) ;
#2506 = EDGE_CURVE ( 'NONE', #1821, #2907, #2725, .T. ) ;
#2507 = DIRECTION ( 'NONE',  ( -1.000000000000000000, -6.195440985631514482E-16, 0.000000000000000000 ) ) ;
#2508 = EDGE_CURVE ( 'NONE', #2307, #3629, #3407, .T. ) ;
#2509 = EDGE_CURVE ( 'NONE', #1116, #4434, #3146, .T. ) ;
#2510 = CARTESIAN_POINT ( 'NONE',  ( 3.650000000000000355, 1.374999999999999556, 1.544999999999999485 ) ) ;
#2511 = LINE ( 'NONE', #659, #1675 ) ;
#2512 = AXIS2_PLACEMENT_3D ( 'NONE', #4637, #2831, #2391 ) ;
#2513 = ORIENTED_EDGE ( 'NONE', *, *, #2998, .F. ) ;
#2514 = VECTOR ( 'NONE', #309, 1000.000000000000000 ) ;
#2515 = ADVANCED_FACE ( 'NONE', ( #490 ), #1999, .F. ) ;
#2516 = FILL_AREA_STYLE ('',( #3505 ) ) ;
#2517 = AXIS2_PLACEMENT_3D ( 'NONE', #2590, #3269, #1402 ) ;
#2518 = CARTESIAN_POINT ( 'NONE',  ( -0.6640789407873615158, 1.486502646710221587, 4.202969588177585258 ) ) ;
#2519 = CARTESIAN_POINT ( 'NONE',  ( 4.050000000000000711, 0.2999999999999957145, 4.034999999999999254 ) ) ;
#2520 = ORIENTED_EDGE ( 'NONE', *, *, #2765, .F. ) ;
#2521 = ORIENTED_EDGE ( 'NONE', *, *, #671, .F. ) ;
#2522 = DIRECTION ( 'NONE',  ( 0.000000000000000000, 0.000000000000000000, 1.000000000000000000 ) ) ;
#2523 = DIRECTION ( 'NONE',  ( -0.000000000000000000, -0.000000000000000000, -1.000000000000000000 ) ) ;
#2524 = ORIENTED_EDGE ( 'NONE', *, *, #3565, .F. ) ;
#2525 = ORIENTED_EDGE ( 'NONE', *, *, #3650, .T. ) ;
#2526 = DIRECTION ( 'NONE',  ( 0.000000000000000000, 0.000000000000000000, 1.000000000000000000 ) ) ;
#2527 = CARTESIAN_POINT ( 'NONE',  ( -3.650000000000000355, 1.375000000000000000, -0.9450000000000005063 ) ) ;
#2528 = EDGE_CURVE ( 'NONE', #2206, #2493, #4161, .T. ) ;
#2529 = DIRECTION ( 'NONE',  ( -1.000000000000000000, 0.000000000000000000, 0.000000000000000000 ) ) ;
#2530 = VECTOR ( 'NONE', #385, 1000.000000000000000 ) ;
#2531 = ORIENTED_EDGE ( 'NONE', *, *, #537, .T. ) ;
#2532 = CARTESIAN_POINT ( 'NONE',  ( 0.01500000000000112355, 10.59999999999999964, -5.099999999999999645 ) ) ;
#2533 = AXIS2_PLACEMENT_3D ( 'NONE', #880, #1253, #2755 ) ;
#2534 = LINE ( 'NONE', #611, #92 ) ;
#2535 = DIRECTION ( 'NONE',  ( 1.000000000000000000, -1.836970198721023771E-16, 0.000000000000000000 ) ) ;
#2536 = EDGE_CURVE ( 'NONE', #1466, #1094, #1247, .T. ) ;
#2537 = ORIENTED_EDGE ( 'NONE', *, *, #376, .F. ) ;
#2538 = VECTOR ( 'NONE', #2927, 1000.000000000000000 ) ;
#2539 =( NAMED_UNIT ( * ) PLANE_ANGLE_UNIT ( ) SI_UNIT ( $, .RADIAN. ) );
#2540 = PRESENTATION_STYLE_ASSIGNMENT (( #2612 ) ) ;
#2541 = CARTESIAN_POINT ( 'NONE',  ( -1.385809373516903031, 1.573860793610416531, 3.851164763785466238 ) ) ;
#2542 = ADVANCED_FACE ( 'NONE', ( #134 ), #2404, .T. ) ;
#2543 = CYLINDRICAL_SURFACE ( 'NONE', #2827, 0.1000000000000002554 ) ;
#2544 = EDGE_LOOP ( 'NONE', ( #4699, #4318, #2129, #3099, #2520, #3723 ) ) ;
#2545 = VERTEX_POINT ( 'NONE', #3839 ) ;
#2546 = DIRECTION ( 'NONE',  ( 1.000000000000000000, 0.000000000000000000, -0.000000000000000000 ) ) ;
#2547 = DIRECTION ( 'NONE',  ( 0.000000000000000000, 0.000000000000000000, 1.000000000000000000 ) ) ;
#2548 = ORIENTED_EDGE ( 'NONE', *, *, #2966, .T. ) ;
#2549 = ORIENTED_EDGE ( 'NONE', *, *, #583, .T. ) ;
#2550 = ORIENTED_EDGE ( 'NONE', *, *, #3708, .F. ) ;
#2551 = LINE ( 'NONE', #4036, #3690 ) ;
#2552 = DIRECTION ( 'NONE',  ( -0.000000000000000000, -1.000000000000000000, -0.000000000000000000 ) ) ;
#2553 = CARTESIAN_POINT ( 'NONE',  ( 3.950000000000001066, 1.074999999999999289, 1.544999999999999485 ) ) ;
#2554 = DIRECTION ( 'NONE',  ( 1.000000000000000000, 6.195440985631514482E-16, -0.000000000000000000 ) ) ;
#2555 = ORIENTED_EDGE ( 'NONE', *, *, #1550, .F. ) ;
#2556 = DIRECTION ( 'NONE',  ( 0.000000000000000000, 0.000000000000000000, 1.000000000000000000 ) ) ;
#2557 = EDGE_CURVE ( 'NONE', #2842, #4659, #463, .T. ) ;
#2558 = PLANE ( 'NONE',  #2616 ) ;
#2559 = CARTESIAN_POINT ( 'NONE',  ( -2.200000000000004619, 10.59999999999999964, -4.299999999999998934 ) ) ;
#2560 = ORIENTED_EDGE ( 'NONE', *, *, #3804, .T. ) ;
#2561 = ADVANCED_FACE ( 'NONE', ( #2750 ), #160, .F. ) ;
#2562 = EDGE_CURVE ( 'NONE', #422, #2029, #111, .T. ) ;
#2563 = CARTESIAN_POINT ( 'NONE',  ( 4.649999999999998579, -4.336808689942017736E-15, -0.9450000000000005063 ) ) ;
#2564 = CARTESIAN_POINT ( 'NONE',  ( -4.650000000000000355, 0.2000000000000000111, -4.035000000000000142 ) ) ;
#2565 = CARTESIAN_POINT ( 'NONE',  ( -1.157528584890879175, 1.541224581502545155, 4.215040354790400734 ) ) ;
#2566 = CARTESIAN_POINT ( 'NONE',  ( 1.152941483267722722, 1.540644262355229444, -4.214895668520563632 ) ) ;
#2567 = ORIENTED_EDGE ( 'NONE', *, *, #1323, .T. ) ;
#2568 = EDGE_CURVE ( 'NONE', #3691, #421, #1977, .T. ) ;
#2569 = EDGE_CURVE ( 'NONE', #3232, #244, #4236, .T. ) ;
#2570 = CARTESIAN_POINT ( 'NONE',  ( -3.950000000000001066, 1.074999999999999289, -1.545000000000000373 ) ) ;
#2571 = CARTESIAN_POINT ( 'NONE',  ( 4.650000000000000355, 0.1999999999999956812, 1.544999999999999485 ) ) ;
#2572 = LINE ( 'NONE', #2994, #1062 ) ;
#2573 = ORIENTED_EDGE ( 'NONE', *, *, #3836, .T. ) ;
#2574 = ORIENTED_EDGE ( 'NONE', *, *, #3244, .T. ) ;
#2575 = CARTESIAN_POINT ( 'NONE',  ( 3.950000000000001066, 1.074999999999999289, -3.435000000000000497 ) ) ;
#2576 = CARTESIAN_POINT ( 'NONE',  ( 3.000000000000003109, 1.799999999999999600, 4.799999999999999822 ) ) ;
#2577 = DIRECTION ( 'NONE',  ( 1.000000000000000000, 0.000000000000000000, 0.000000000000000000 ) ) ;
#2578 = LINE ( 'NONE', #4453, #597 ) ;
#2579 = ORIENTED_EDGE ( 'NONE', *, *, #150, .T. ) ;
#2580 = CARTESIAN_POINT ( 'NONE',  ( -0.01500000000000112355, 0.000000000000000000, 5.099999999999999645 ) ) ;
#2581 = PLANE ( 'NONE',  #3367 ) ;
#2582 = ORIENTED_EDGE ( 'NONE', *, *, #784, .F. ) ;
#2583 = AXIS2_PLACEMENT_3D ( 'NONE', #523, #2489, #1349 ) ;
#2584 = VERTEX_POINT ( 'NONE', #2303 ) ;
#2585 = VECTOR ( 'NONE', #1640, 1000.000000000000000 ) ;
#2586 = CARTESIAN_POINT ( 'NONE',  ( -4.650000000000000355, 0.2000000000000000111, 4.034999999999999254 ) ) ;
#2587 = CARTESIAN_POINT ( 'NONE',  ( 3.300000000000003819, 1.374999999999999556, -3.435000000000000497 ) ) ;
#2588 = LINE ( 'NONE', #3999, #1992 ) ;
#2589 = ADVANCED_FACE ( 'NONE', ( #3794 ), #419, .F. ) ;
#2590 = CARTESIAN_POINT ( 'NONE',  ( -2.999999999999997335, 1.799999999999999600, 5.099999999999999645 ) ) ;
#2591 = VECTOR ( 'NONE', #46, 1000.000000000000000 ) ;
#2592 = LINE ( 'NONE', #3295, #773 ) ;
#2593 = LINE ( 'NONE', #923, #1415 ) ;
#2594 = LINE ( 'NONE', #4787, #911 ) ;
#2595 = ORIENTED_EDGE ( 'NONE', *, *, #3836, .F. ) ;
#2596 = EDGE_CURVE ( 'NONE', #3329, #3181, #4339, .T. ) ;
#2597 = ORIENTED_EDGE ( 'NONE', *, *, #147, .T. ) ;
#2598 = DIRECTION ( 'NONE',  ( -1.119176436114063908E-15, 1.000000000000000000, 0.000000000000000000 ) ) ;
#2599 = PLANE ( 'NONE',  #4652 ) ;
#2600 = DIRECTION ( 'NONE',  ( 0.000000000000000000, -1.000000000000000000, 0.000000000000000000 ) ) ;
#2601 = ADVANCED_FACE ( 'NONE', ( #2481 ), #2819, .F. ) ;
#2602 = ORIENTED_EDGE ( 'NONE', *, *, #1331, .F. ) ;
#2603 = CIRCLE ( 'NONE', #2042, 0.2999999999999999334 ) ;
#2604 = VECTOR ( 'NONE', #2248, 1000.000000000000000 ) ;
#2605 = CARTESIAN_POINT ( 'NONE',  ( -2.200000000000004619, 10.59999999999999964, -4.649999999999999467 ) ) ;
#2606 = CARTESIAN_POINT ( 'NONE',  ( -3.300000000000003819, 1.374999999999999556, 1.544999999999999485 ) ) ;
#2607 = ORIENTED_EDGE ( 'NONE', *, *, #4025, .T. ) ;
#2608 = VECTOR ( 'NONE', #110, 1000.000000000000000 ) ;
#2609 = VERTEX_POINT ( 'NONE', #2099 ) ;
#2610 = VECTOR ( 'NONE', #1866, 1000.000000000000000 ) ;
#2611 = LINE ( 'NONE', #710, #245 ) ;
#2612 = SURFACE_STYLE_USAGE ( .BOTH. , #3699 ) ;
#2613 = CARTESIAN_POINT ( 'NONE',  ( 1.888793986917732370, 1.667081089189834664, 3.960783638612581203 ) ) ;
#2614 = CIRCLE ( 'NONE', #470, 0.09999999999999939493 ) ;
#2615 = CARTESIAN_POINT ( 'NONE',  ( 1.820064668795134954, 1.799999999999999600, -4.500000000000000000 ) ) ;
#2616 = AXIS2_PLACEMENT_3D ( 'NONE', #2855, #1320, #1703 ) ;
#2617 = AXIS2_PLACEMENT_3D ( 'NONE', #307, #3290, #3886 ) ;
#2618 = PLANE ( 'NONE',  #3939 ) ;
#2619 = DIRECTION ( 'NONE',  ( -1.000000000000000000, 0.000000000000000000, 0.000000000000000000 ) ) ;
#2620 = DIRECTION ( 'NONE',  ( 0.000000000000000000, 0.000000000000000000, 1.000000000000000000 ) ) ;
#2621 = ORIENTED_EDGE ( 'NONE', *, *, #1490, .T. ) ;
#2622 = CARTESIAN_POINT ( 'NONE',  ( 0.6150000000000008793, 1.199999999999999512, -5.699999999999999289 ) ) ;
#2623 = EDGE_CURVE ( 'NONE', #1574, #201, #3612, .T. ) ;
#2624 = CARTESIAN_POINT ( 'NONE',  ( 3.950000000000001954, 0.2999999999999957145, 0.9449999999999996181 ) ) ;
#2625 = CARTESIAN_POINT ( 'NONE',  ( -3.650000000000000355, 1.074999999999999289, -3.435000000000000497 ) ) ;
#2626 = ORIENTED_EDGE ( 'NONE', *, *, #155, .T. ) ;
#2627 = DIRECTION ( 'NONE',  ( 1.119176436114063908E-15, -1.000000000000000000, 0.000000000000000000 ) ) ;
#2628 = ADVANCED_FACE ( 'NONE', ( #4679 ), #3210, .F. ) ;
#2629 = B_SPLINE_CURVE_WITH_KNOTS ( 'NONE', 3,
 ( #2908, #990, #2872, #1766, #3184, #3250 ),
 .UNSPECIFIED., .F., .F.,
 ( 4, 2, 4 ),
 ( 0.000000000000000000, 0.0002898987245908757663, 0.0005797974491817515326 ),
 .UNSPECIFIED. ) ;
#2630 = LINE ( 'NONE', #2649, #2989 ) ;
#2631 = ORIENTED_EDGE ( 'NONE', *, *, #2483, .T. ) ;
#2632 = ORIENTED_EDGE ( 'NONE', *, *, #2651, .T. ) ;
#2633 = VERTEX_POINT ( 'NONE', #4363 ) ;
#2634 = VECTOR ( 'NONE', #618, 1000.000000000000000 ) ;
#2635 = LINE ( 'NONE', #1879, #4794 ) ;
#2636 = CARTESIAN_POINT ( 'NONE',  ( -3.650000000000000355, 1.074999999999999289, -0.9450000000000005063 ) ) ;
#2637 = ORIENTED_EDGE ( 'NONE', *, *, #3309, .T. ) ;
#2638 = DIRECTION ( 'NONE',  ( -0.000000000000000000, 1.000000000000000000, -0.000000000000000000 ) ) ;
#2639 = CARTESIAN_POINT ( 'NONE',  ( 1.800000000000004041, 0.7499999999999991118, 4.799999999999999822 ) ) ;
#2640 = CARTESIAN_POINT ( 'NONE',  ( -4.650000000000000355, 0.000000000000000000, -1.545000000000000373 ) ) ;
#2641 = ORIENTED_EDGE ( 'NONE', *, *, #4825, .T. ) ;
#2642 = LINE ( 'NONE', #3710, #927 ) ;
#2643 = DIRECTION ( 'NONE',  ( -0.000000000000000000, -0.000000000000000000, -1.000000000000000000 ) ) ;
#2644 = PLANE ( 'NONE',  #2386 ) ;
#2645 = PLANE ( 'NONE',  #143 ) ;
#2646 = EDGE_CURVE ( 'NONE', #4423, #2419, #4286, .T. ) ;
#2647 = EDGE_LOOP ( 'NONE', ( #582, #4334, #827, #748 ) ) ;
#2648 = PLANE ( 'NONE',  #4547 ) ;
#2649 = CARTESIAN_POINT ( 'NONE',  ( 3.300000000000003819, 1.374999999999999556, -3.435000000000000497 ) ) ;
#2650 = ORIENTED_EDGE ( 'NONE', *, *, #1502, .F. ) ;
#2651 = EDGE_CURVE ( 'NONE', #4448, #2584, #4256, .T. ) ;
#2652 = ORIENTED_EDGE ( 'NONE', *, *, #1149, .T. ) ;
#2653 = ORIENTED_EDGE ( 'NONE', *, *, #21, .T. ) ;
#2654 = EDGE_CURVE ( 'NONE', #1888, #2029, #205, .T. ) ;
#2655 = ORIENTED_EDGE ( 'NONE', *, *, #2483, .F. ) ;
#2656 = EDGE_CURVE ( 'NONE', #2206, #3814, #2873, .T. ) ;
#2657 =( GEOMETRIC_REPRESENTATION_CONTEXT ( 3 ) GLOBAL_UNCERTAINTY_ASSIGNED_CONTEXT ( ( #982 ) ) GLOBAL_UNIT_ASSIGNED_CONTEXT ( ( #1400, #4809, #4779 ) ) REPRESENTATION_CONTEXT ( 'NONE', 'WORKASPACE' ) );
#2658 = DIRECTION ( 'NONE',  ( 0.000000000000000000, -1.000000000000000000, 0.000000000000000000 ) ) ;
#2659 = AXIS2_PLACEMENT_3D ( 'NONE', #1995, #1190, #3812 ) ;
#2660 = FACE_OUTER_BOUND ( 'NONE', #1668, .T. ) ;
#2661 = ORIENTED_EDGE ( 'NONE', *, *, #2684, .F. ) ;
#2662 = ORIENTED_EDGE ( 'NONE', *, *, #909, .F. ) ;
#2663 = VECTOR ( 'NONE', #2523, 1000.000000000000000 ) ;
#2664 = LINE ( 'NONE', #1892, #3847 ) ;
#2665 = DIRECTION ( 'NONE',  ( -1.000000000000000000, 0.000000000000000000, 0.000000000000000000 ) ) ;
#2666 = DIRECTION ( 'NONE',  ( -0.000000000000000000, 1.000000000000000000, -0.000000000000000000 ) ) ;
#2667 = CARTESIAN_POINT ( 'NONE',  ( 4.649999999999998579, -4.336808689942017736E-15, -3.435000000000000497 ) ) ;
#2668 = ORIENTED_EDGE ( 'NONE', *, *, #3052, .T. ) ;
#2669 = ORIENTED_EDGE ( 'NONE', *, *, #4201, .F. ) ;
#2670 = DIRECTION ( 'NONE',  ( -0.000000000000000000, -0.000000000000000000, -1.000000000000000000 ) ) ;
#2671 = ADVANCED_FACE ( 'NONE', ( #2502 ), #3989, .F. ) ;
#2672 = FACE_OUTER_BOUND ( 'NONE', #1460, .T. ) ;
#2673 = ORIENTED_EDGE ( 'NONE', *, *, #157, .F. ) ;
#2674 = VERTEX_POINT ( 'NONE', #4012 ) ;
#2675 = VERTEX_POINT ( 'NONE', #3185 ) ;
#2676 = ORIENTED_EDGE ( 'NONE', *, *, #1681, .F. ) ;
#2677 = EDGE_CURVE ( 'NONE', #2609, #3243, #2891, .T. ) ;
#2678 = AXIS2_PLACEMENT_3D ( 'NONE', #2915, #4064, #3595 ) ;
#2679 = DIRECTION ( 'NONE',  ( 1.000000000000000000, 1.119176436114069825E-15, -0.000000000000000000 ) ) ;
#2680 = EDGE_CURVE ( 'NONE', #2881, #2737, #3640, .T. ) ;
#2681 = LINE ( 'NONE', #1908, #3045 ) ;
#2682 = VECTOR ( 'NONE', #1438, 1000.000000000000000 ) ;
#2683 = AXIS2_PLACEMENT_3D ( 'NONE', #1355, #4005, #2094 ) ;
#2684 = EDGE_CURVE ( 'NONE', #1874, #2738, #4701, .T. ) ;
#2685 = VECTOR ( 'NONE', #3113, 1000.000000000000000 ) ;
#2686 = DIRECTION ( 'NONE',  ( 1.000000000000000000, 0.000000000000000000, -0.000000000000000000 ) ) ;
#2687 = SURFACE_STYLE_FILL_AREA ( #760 ) ;
#2688 = FACE_OUTER_BOUND ( 'NONE', #4165, .T. ) ;
#2689 = ORIENTED_EDGE ( 'NONE', *, *, #3314, .F. ) ;
#2690 = AXIS2_PLACEMENT_3D ( 'NONE', #2786, #4272, #1577 ) ;
#2691 = DIRECTION ( 'NONE',  ( 0.000000000000000000, -0.000000000000000000, -1.000000000000000000 ) ) ;
#2692 = SURFACE_STYLE_FILL_AREA ( #2342 ) ;
#2693 = VECTOR ( 'NONE', #3718, 1000.000000000000000 ) ;
#2694 = CARTESIAN_POINT ( 'NONE',  ( -3.750000000000000888, 1.074999999999999289, 3.434999999999999609 ) ) ;
#2695 = VECTOR ( 'NONE', #3840, 1000.000000000000000 ) ;
#2696 = DIRECTION ( 'NONE',  ( -0.000000000000000000, 0.000000000000000000, -1.000000000000000000 ) ) ;
#2697 = ORIENTED_EDGE ( 'NONE', *, *, #1118, .T. ) ;
#2698 = ORIENTED_EDGE ( 'NONE', *, *, #2569, .T. ) ;
#2699 = FACE_OUTER_BOUND ( 'NONE', #3126, .T. ) ;
#2700 = CARTESIAN_POINT ( 'NONE',  ( -3.650000000000000355, 1.374999999999999556, -1.545000000000000373 ) ) ;
#2701 = DIRECTION ( 'NONE',  ( -0.000000000000000000, -0.000000000000000000, -1.000000000000000000 ) ) ;
#2702 = CARTESIAN_POINT ( 'NONE',  ( -4.050000000000000711, 1.084202172485504434E-16, 1.544999999999999485 ) ) ;
#2703 = AXIS2_PLACEMENT_3D ( 'NONE', #745, #2269, #1387 ) ;
#2704 = ORIENTED_EDGE ( 'NONE', *, *, #4172, .F. ) ;
#2705 = EDGE_LOOP ( 'NONE', ( #371, #4283, #2162, #3017 ) ) ;
#2706 = ORIENTED_EDGE ( 'NONE', *, *, #475, .T. ) ;
#2707 = LINE ( 'NONE', #4193, #4094 ) ;
#2708 = LINE ( 'NONE', #450, #2353 ) ;
#2709 = AXIS2_PLACEMENT_3D ( 'NONE', #2559, #3238, #3670 ) ;
#2710 = ADVANCED_FACE ( 'NONE', ( #539 ), #1673, .F. ) ;
#2711 = CARTESIAN_POINT ( 'NONE',  ( 0.000000000000000000, 0.000000000000000000, -4.799999999999999822 ) ) ;
#2712 = CARTESIAN_POINT ( 'NONE',  ( -3.000000000000004441, 10.59999999999999964, 5.099999999999999645 ) ) ;
#2713 = CARTESIAN_POINT ( 'NONE',  ( -4.050000000000000711, 0.2000000000000000111, 4.034999999999999254 ) ) ;
#2714 = ORIENTED_EDGE ( 'NONE', *, *, #4799, .T. ) ;
#2715 = EDGE_CURVE ( 'NONE', #1389, #50, #1768, .T. ) ;
#2716 = EDGE_CURVE ( 'NONE', #2899, #2816, #1721, .T. ) ;
#2717 = EDGE_CURVE ( 'NONE', #1224, #3232, #940, .T. ) ;
#2718 = DIRECTION ( 'NONE',  ( -1.000000000000000000, -0.000000000000000000, -0.000000000000000000 ) ) ;
#2719 = FILL_AREA_STYLE ('',( #4574 ) ) ;
#2720 = CARTESIAN_POINT ( 'NONE',  ( 3.650000000000000355, 1.074999999999999289, 3.434999999999999609 ) ) ;
#2721 = PLANE ( 'NONE',  #2659 ) ;
#2722 = ORIENTED_EDGE ( 'NONE', *, *, #1214, .F. ) ;
#2723 = ORIENTED_EDGE ( 'NONE', *, *, #1975, .T. ) ;
#2724 = FACE_OUTER_BOUND ( 'NONE', #2485, .T. ) ;
#2725 = LINE ( 'NONE', #849, #4646 ) ;
#2726 = PLANE ( 'NONE',  #1099 ) ;
#2727 = LINE ( 'NONE', #4211, #4608 ) ;
#2728 = ORIENTED_EDGE ( 'NONE', *, *, #578, .T. ) ;
#2729 = ORIENTED_EDGE ( 'NONE', *, *, #3618, .F. ) ;
#2730 = CARTESIAN_POINT ( 'NONE',  ( -4.650000000000000355, 0.2000000000000000111, 0.9449999999999996181 ) ) ;
#2731 = CARTESIAN_POINT ( 'NONE',  ( -3.650000000000000355, 1.374999999999999556, 3.434999999999999609 ) ) ;
#2732 = EDGE_LOOP ( 'NONE', ( #1346, #3731, #1605, #569 ) ) ;
#2733 = EDGE_CURVE ( 'NONE', #4605, #373, #184, .T. ) ;
#2734 = DIRECTION ( 'NONE',  ( -0.000000000000000000, -0.000000000000000000, -1.000000000000000000 ) ) ;
#2735 = DIRECTION ( 'NONE',  ( 2.065146995210483709E-16, 1.000000000000000000, 0.000000000000000000 ) ) ;
#2736 = COLOUR_RGB ( '',0.7921568627450980005, 0.8196078431372548767, 0.9333333333333333481 ) ;
#2737 = VERTEX_POINT ( 'NONE', #3946 ) ;
#2738 = VERTEX_POINT ( 'NONE', #3567 ) ;
#2739 = CARTESIAN_POINT ( 'NONE',  ( 3.750000000000000888, 1.074999999999999289, -1.545000000000000373 ) ) ;
#2740 = VECTOR ( 'NONE', #4771, 1000.000000000000000 ) ;
#2741 =( NAMED_UNIT ( * ) SI_UNIT ( $, .STERADIAN. ) SOLID_ANGLE_UNIT ( ) );
#2742 = DIRECTION ( 'NONE',  ( 1.000000000000000000, 0.000000000000000000, -0.000000000000000000 ) ) ;
#2743 = EDGE_CURVE ( 'NONE', #1273, #819, #4097, .T. ) ;
#2744 = DIRECTION ( 'NONE',  ( -1.000000000000000000, 0.000000000000000000, 0.000000000000000000 ) ) ;
#2745 = ORIENTED_EDGE ( 'NONE', *, *, #1079, .T. ) ;
#2746 = EDGE_LOOP ( 'NONE', ( #2007, #1786, #1241, #3358 ) ) ;
#2747 = AXIS2_PLACEMENT_3D ( 'NONE', #2165, #1811, #3656 ) ;
#2748 = VECTOR ( 'NONE', #3087, 1000.000000000000000 ) ;
#2749 = CARTESIAN_POINT ( 'NONE',  ( -1.800000000000004485, 1.715102191691512346, -4.325079831694803367 ) ) ;
#2750 = FACE_OUTER_BOUND ( 'NONE', #4002, .T. ) ;
#2751 = DIRECTION ( 'NONE',  ( -1.000000000000000000, 6.195440985631514482E-16, 0.000000000000000000 ) ) ;
#2752 = DIRECTION ( 'NONE',  ( 0.000000000000000000, -1.000000000000000000, 0.000000000000000000 ) ) ;
#2753 = ORIENTED_EDGE ( 'NONE', *, *, #1639, .F. ) ;
#2754 = ORIENTED_EDGE ( 'NONE', *, *, #731, .F. ) ;
#2755 = DIRECTION ( 'NONE',  ( -1.000000000000000000, 0.000000000000000000, 0.000000000000000000 ) ) ;
#2756 = CARTESIAN_POINT ( 'NONE',  ( -2.200000000000004619, 10.50000000000000000, -4.299999999999998934 ) ) ;
#2757 = DIRECTION ( 'NONE',  ( 0.000000000000000000, 0.000000000000000000, -1.000000000000000000 ) ) ;
#2758 = AXIS2_PLACEMENT_3D ( 'NONE', #3815, #2273, #1117 ) ;
#2759 = PLANE ( 'NONE',  #3260 ) ;
#2760 = CARTESIAN_POINT ( 'NONE',  ( 4.050000000000000711, 0.2999999999999957145, 0.9449999999999996181 ) ) ;
#2761 = DIRECTION ( 'NONE',  ( 0.000000000000000000, -0.000000000000000000, -1.000000000000000000 ) ) ;
#2762 = AXIS2_PLACEMENT_3D ( 'NONE', #2368, #794, #3808 ) ;
#2763 = ORIENTED_EDGE ( 'NONE', *, *, #1356, .F. ) ;
#2764 = ORIENTED_EDGE ( 'NONE', *, *, #1354, .F. ) ;
#2765 = EDGE_CURVE ( 'NONE', #349, #1021, #2244, .T. ) ;
#2766 = CARTESIAN_POINT ( 'NONE',  ( -3.650000000000000355, 1.375000000000000000, 4.034999999999999254 ) ) ;
#2767 = AXIS2_PLACEMENT_3D ( 'NONE', #3935, #557, #2072 ) ;
#2768 = FILL_AREA_STYLE ('',( #4735 ) ) ;
#2769 = DIRECTION ( 'NONE',  ( 0.000000000000000000, 0.000000000000000000, 1.000000000000000000 ) ) ;
#2770 = FACE_OUTER_BOUND ( 'NONE', #1585, .T. ) ;
#2771 = ORIENTED_EDGE ( 'NONE', *, *, #1519, .T. ) ;
#2772 = ORIENTED_EDGE ( 'NONE', *, *, #1983, .F. ) ;
#2773 = ADVANCED_FACE ( 'NONE', ( #2224 ), #4, .F. ) ;
#2774 = LINE ( 'NONE', #4601, #3359 ) ;
#2775 = AXIS2_PLACEMENT_3D ( 'NONE', #2956, #1070, #1422 ) ;
#2776 = EDGE_CURVE ( 'NONE', #3449, #1699, #1090, .T. ) ;
#2777 = CLOSED_SHELL ( 'NONE', ( #2412, #429, #4769, #1926, #4115, #3934, #4861, #1601, #1547, #1663, #1143, #2515, #1517, #4661 ) ) ;
#2778 = CARTESIAN_POINT ( 'NONE',  ( 3.750000000000000888, 1.074999999999999289, -3.435000000000000497 ) ) ;
#2779 = CARTESIAN_POINT ( 'NONE',  ( -2.200000000000004619, 10.59999999999999964, -4.299999999999998934 ) ) ;
#2780 = PLANE ( 'NONE',  #2894 ) ;
#2781 = ORIENTED_EDGE ( 'NONE', *, *, #1639, .T. ) ;
#2782 = VERTEX_POINT ( 'NONE', #1841 ) ;
#2783 = DIRECTION ( 'NONE',  ( -1.000000000000000000, 0.000000000000000000, 0.000000000000000000 ) ) ;
#2784 = ADVANCED_FACE ( 'NONE', ( #3302 ), #4403, .F. ) ;
#2785 = ADVANCED_FACE ( 'NONE', ( #3734 ), #2599, .F. ) ;
#2786 = CARTESIAN_POINT ( 'NONE',  ( -3.650000000000000355, 1.074999999999999289, -0.9450000000000005063 ) ) ;
#2787 = CLOSED_SHELL ( 'NONE', ( #4563, #351, #4337, #34, #2444, #2351, #3341, #931, #3631, #3428, #3142, #969, #589, #332 ) ) ;
#2788 = FACE_OUTER_BOUND ( 'NONE', #1688, .T. ) ;
#2789 = CARTESIAN_POINT ( 'NONE',  ( -3.650000000000000355, 1.074999999999999289, 4.034999999999999254 ) ) ;
#2790 = VECTOR ( 'NONE', #2037, 1000.000000000000000 ) ;
#2791 = CARTESIAN_POINT ( 'NONE',  ( 0.3497834754466891960, 1.468245301325044272, -3.756050782819647882 ) ) ;
#2792 = ORIENTED_EDGE ( 'NONE', *, *, #1214, .T. ) ;
#2793 = FACE_OUTER_BOUND ( 'NONE', #3056, .T. ) ;
#2794 = CARTESIAN_POINT ( 'NONE',  ( 4.649999999999998579, -4.336808689942017736E-15, 1.544999999999999485 ) ) ;
#2795 = CARTESIAN_POINT ( 'NONE',  ( 3.650000000000000355, 1.374999999999999556, 1.544999999999999485 ) ) ;
#2796 = ORIENTED_EDGE ( 'NONE', *, *, #327, .T. ) ;
#2797 = ORIENTED_EDGE ( 'NONE', *, *, #2473, .T. ) ;
#2798 = DIRECTION ( 'NONE',  ( -0.000000000000000000, -0.000000000000000000, -1.000000000000000000 ) ) ;
#2799 = DIRECTION ( 'NONE',  ( 0.000000000000000000, 0.000000000000000000, 1.000000000000000000 ) ) ;
#2800 = DIRECTION ( 'NONE',  ( 6.195440985631514482E-16, 1.000000000000000000, -0.000000000000000000 ) ) ;
#2801 = EDGE_CURVE ( 'NONE', #2307, #951, #4038, .T. ) ;
#2802 = LINE ( 'NONE', #3103, #3033 ) ;
#2803 = ORIENTED_EDGE ( 'NONE', *, *, #733, .F. ) ;
#2804 = VERTEX_POINT ( 'NONE', #2624 ) ;
#2805 = CARTESIAN_POINT ( 'NONE',  ( 4.050000000000000711, 0.1999999999999964029, 4.034999999999999254 ) ) ;
#2806 = LINE ( 'NONE', #3492, #2986 ) ;
#2807 = CARTESIAN_POINT ( 'NONE',  ( 2.999999999999995559, 10.59999999999999964, 5.099999999999999645 ) ) ;
#2808 = DIRECTION ( 'NONE',  ( 6.195440985631514482E-16, 1.000000000000000000, -0.000000000000000000 ) ) ;
#2809 = ADVANCED_FACE ( 'NONE', ( #4085 ), #4841, .T. ) ;
#2810 = CARTESIAN_POINT ( 'NONE',  ( -1.530443863903355517, 1.799999999999993161, -4.499999999999992006 ) ) ;
#2811 = VERTEX_POINT ( 'NONE', #3759 ) ;
#2812 = CARTESIAN_POINT ( 'NONE',  ( 4.650000000000000355, 0.1999999999999956812, -0.9450000000000005063 ) ) ;
#2813 = CARTESIAN_POINT ( 'NONE',  ( 1.207499020632106346, 1.544437681081089142, -3.821894259488808121 ) ) ;
#2814 = PLANE ( 'NONE',  #3188 ) ;
#2815 = VERTEX_POINT ( 'NONE', #2999 ) ;
#2816 = VERTEX_POINT ( 'NONE', #388 ) ;
#2817 = VECTOR ( 'NONE', #1042, 1000.000000000000000 ) ;
#2818 = FACE_OUTER_BOUND ( 'NONE', #4558, .T. ) ;
#2819 = PLANE ( 'NONE',  #2382 ) ;
#2820 = DIRECTION ( 'NONE',  ( -1.000000000000000000, 0.000000000000000000, 0.000000000000000000 ) ) ;
#2821 = LINE ( 'NONE', #4013, #522 ) ;
#2822 = VECTOR ( 'NONE', #4277, 1000.000000000000000 ) ;
#2823 = VECTOR ( 'NONE', #3600, 1000.000000000000000 ) ;
#2824 = VERTEX_POINT ( 'NONE', #4821 ) ;
#2825 = DIRECTION ( 'NONE',  ( -1.836970198721029688E-16, 1.000000000000000000, 0.000000000000000000 ) ) ;
#2826 = ADVANCED_FACE ( 'NONE', ( #4500 ), #1440, .T. ) ;
#2827 = AXIS2_PLACEMENT_3D ( 'NONE', #2636, #3701, #1833 ) ;
#2828 = CARTESIAN_POINT ( 'NONE',  ( 2.999999999999995559, 10.59999999999999964, -5.099999999999999645 ) ) ;
#2829 = ADVANCED_FACE ( 'NONE', ( #2933 ), #2644, .F. ) ;
#2830 = EDGE_CURVE ( 'NONE', #1103, #44, #19, .T. ) ;
#2831 = DIRECTION ( 'NONE',  ( -0.000000000000000000, -0.000000000000000000, -1.000000000000000000 ) ) ;
#2832 = LINE ( 'NONE', #171, #4664 ) ;
#2833 = CARTESIAN_POINT ( 'NONE',  ( -2.200000000000004619, 10.50000000000000000, -4.299999999999998934 ) ) ;
#2834 = ORIENTED_EDGE ( 'NONE', *, *, #4498, .F. ) ;
#2835 = AXIS2_PLACEMENT_3D ( 'NONE', #1695, #948, #1818 ) ;
#2836 = VECTOR ( 'NONE', #3042, 1000.000000000000000 ) ;
#2837 = ORIENTED_EDGE ( 'NONE', *, *, #3061, .T. ) ;
#2838 = EDGE_CURVE ( 'NONE', #109, #1335, #2909, .T. ) ;
#2839 = AXIS2_PLACEMENT_3D ( 'NONE', #204, #2480, #1694 ) ;
#2840 = DIRECTION ( 'NONE',  ( -1.000000000000000000, -0.000000000000000000, -0.000000000000000000 ) ) ;
#2841 = FACE_OUTER_BOUND ( 'NONE', #3281, .T. ) ;
#2842 = VERTEX_POINT ( 'NONE', #2553 ) ;
#2843 = VERTEX_POINT ( 'NONE', #654 ) ;
#2844 = VECTOR ( 'NONE', #2031, 1000.000000000000000 ) ;
#2845 = ORIENTED_EDGE ( 'NONE', *, *, #3340, .F. ) ;
#2846 = DIRECTION ( 'NONE',  ( -1.000000000000000000, 1.836970198721023771E-16, 0.000000000000000000 ) ) ;
#2847 = CARTESIAN_POINT ( 'NONE',  ( 3.650000000000000355, 1.074999999999999289, -3.435000000000000497 ) ) ;
#2848 = CARTESIAN_POINT ( 'NONE',  ( -3.528333333333332433, 7.056666666666664867, 1.556666666666665755 ) ) ;
#2849 = CARTESIAN_POINT ( 'NONE',  ( -4.050000000000000711, 0.3000000000000000444, -3.435000000000000497 ) ) ;
#2850 = STYLED_ITEM ( 'NONE', ( #296 ), #1805 ) ;
#2851 = ORIENTED_EDGE ( 'NONE', *, *, #1490, .F. ) ;
#2852 = AXIS2_PLACEMENT_3D ( 'NONE', #4019, #2107, #4368 ) ;
#2853 = CARTESIAN_POINT ( 'NONE',  ( 3.750000000000000888, 1.074999999999999289, 3.434999999999999609 ) ) ;
#2854 = PRESENTATION_LAYER_ASSIGNMENT (  '', '', ( #96 ) ) ;
#2855 = CARTESIAN_POINT ( 'NONE',  ( 3.750000000000000888, 1.074999999999999289, -3.435000000000000497 ) ) ;
#2856 = FACE_OUTER_BOUND ( 'NONE', #306, .T. ) ;
#2857 = VECTOR ( 'NONE', #872, 1000.000000000000000 ) ;
#2858 = ADVANCED_FACE ( 'NONE', ( #3662 ), #4427, .F. ) ;
#2859 = LINE ( 'NONE', #4045, #4725 ) ;
#2860 = LINE ( 'NONE', #3174, #3907 ) ;
#2861 = PLANE ( 'NONE',  #2152 ) ;
#2862 = EDGE_CURVE ( 'NONE', #2400, #2881, #3787, .T. ) ;
#2863 = FACE_OUTER_BOUND ( 'NONE', #4400, .T. ) ;
#2864 = VERTEX_POINT ( 'NONE', #677 ) ;
#2865 = VERTEX_POINT ( 'NONE', #2198 ) ;
#2866 = CLOSED_SHELL ( 'NONE', ( #1091, #1134, #4654, #4049, #1483, #558, #3327, #4499, #3870, #3590, #4357, #1857, #2671, #4297, #1181, #2169 ) ) ;
#2867 = CARTESIAN_POINT ( 'NONE',  ( 1.800000000000004707, 1.649999999999998579, -3.941933006589726229 ) ) ;
#2868 = ADVANCED_FACE ( 'NONE', ( #2018 ), #796, .F. ) ;
#2869 = DIRECTION ( 'NONE',  ( 0.000000000000000000, -1.000000000000000000, 0.000000000000000000 ) ) ;
#2870 = ORIENTED_EDGE ( 'NONE', *, *, #3244, .F. ) ;
#2871 = ORIENTED_EDGE ( 'NONE', *, *, #2293, .T. ) ;
#2872 = CARTESIAN_POINT ( 'NONE',  ( 1.800000000000004929, 1.715101487153014803, 4.325051465142378149 ) ) ;
#2873 = LINE ( 'NONE', #1312, #3071 ) ;
#2874 = DIRECTION ( 'NONE',  ( -1.000000000000000000, 0.000000000000000000, 0.000000000000000000 ) ) ;
#2875 = ORIENTED_EDGE ( 'NONE', *, *, #4086, .T. ) ;
#2876 = DIRECTION ( 'NONE',  ( 1.000000000000000000, 0.000000000000000000, 0.000000000000000000 ) ) ;
#2877 = CARTESIAN_POINT ( 'NONE',  ( 3.950000000000001954, 0.2999999999999957145, -3.435000000000000497 ) ) ;
#2878 = LINE ( 'NONE', #4346, #1589 ) ;
#2879 = CARTESIAN_POINT ( 'NONE',  ( -1.678098838434749052, 1.799999999999999600, 4.500000000000000000 ) ) ;
#2880 = CARTESIAN_POINT ( 'NONE',  ( 3.650000000000000355, 1.074999999999999289, -3.435000000000000497 ) ) ;
#2881 = VERTEX_POINT ( 'NONE', #4518 ) ;
#2882 = EDGE_LOOP ( 'NONE', ( #2714, #3039, #3821, #3736 ) ) ;
#2883 = EDGE_CURVE ( 'NONE', #3011, #4343, #106, .T. ) ;
#2884 = PRODUCT ( 'YA9037-ALD', 'YA9037-ALD', '', ( #1727 ) ) ;
#2885 = PLANE ( 'NONE',  #548 ) ;
#2886 = LINE ( 'NONE', #3160, #2663 ) ;
#2887 = VERTEX_POINT ( 'NONE', #842 ) ;
#2888 = ORIENTED_EDGE ( 'NONE', *, *, #4530, .F. ) ;
#2889 = CARTESIAN_POINT ( 'NONE',  ( 0.01500000000000112355, 0.000000000000000000, -5.099999999999999645 ) ) ;
#2890 = EDGE_CURVE ( 'NONE', #287, #2146, #1941, .T. ) ;
#2891 = LINE ( 'NONE', #3971, #16 ) ;
#2892 = CARTESIAN_POINT ( 'NONE',  ( -4.650000000000000355, 0.2000000000000000111, -1.545000000000000373 ) ) ;
#2893 = ORIENTED_EDGE ( 'NONE', *, *, #647, .T. ) ;
#2894 = AXIS2_PLACEMENT_3D ( 'NONE', #1648, #2752, #493 ) ;
#2895 = FACE_OUTER_BOUND ( 'NONE', #495, .T. ) ;
#2896 = ADVANCED_FACE ( 'NONE', ( #506 ), #1133, .F. ) ;
#2897 = CARTESIAN_POINT ( 'NONE',  ( -2.200000000000004619, 10.50000000000000000, -4.299999999999998934 ) ) ;
#2898 = DIRECTION ( 'NONE',  ( 1.000000000000000000, 0.000000000000000000, -0.000000000000000000 ) ) ;
#2899 = VERTEX_POINT ( 'NONE', #1591 ) ;
#2900 = VECTOR ( 'NONE', #1861, 1000.000000000000000 ) ;
#2901 = CARTESIAN_POINT ( 'NONE',  ( -1.800000000000004263, 1.799999999999999600, 4.799999999999999822 ) ) ;
#2902 = CARTESIAN_POINT ( 'NONE',  ( 0.000000000000000000, 1.814999999999998836, -5.099999999999999645 ) ) ;
#2903 = ORIENTED_EDGE ( 'NONE', *, *, #2557, .T. ) ;
#2904 = CARTESIAN_POINT ( 'NONE',  ( 4.050000000000000711, 0.2999999999999957145, -3.435000000000000497 ) ) ;
#2905 = DIRECTION ( 'NONE',  ( 1.000000000000000000, -6.195440985631514482E-16, 0.000000000000000000 ) ) ;
#2906 = VERTEX_POINT ( 'NONE', #1918 ) ;
#2907 = VERTEX_POINT ( 'NONE', #815 ) ;
#2908 = CARTESIAN_POINT ( 'NONE',  ( 1.800000000000004707, 1.799999999999999600, 4.500000000000000000 ) ) ;
#2909 = LINE ( 'NONE', #3278, #1020 ) ;
#2910 = LINE ( 'NONE', #4406, #3504 ) ;
#2911 = EDGE_CURVE ( 'NONE', #2186, #2782, #3832, .T. ) ;
#2912 = AXIS2_PLACEMENT_3D ( 'NONE', #4152, #720, #2691 ) ;
#2913 = EDGE_LOOP ( 'NONE', ( #4336, #2959, #4429, #1898 ) ) ;
#2914 = EDGE_CURVE ( 'NONE', #221, #3332, #1994, .T. ) ;
#2915 = CARTESIAN_POINT ( 'NONE',  ( -3.650000000000000355, 1.074999999999999289, 3.434999999999999609 ) ) ;
#2916 = CARTESIAN_POINT ( 'NONE',  ( 4.050000000000000711, 0.1999999999999964029, -0.9450000000000005063 ) ) ;
#2917 = CARTESIAN_POINT ( 'NONE',  ( -4.050000000000000711, 0.3000000000000000444, -3.435000000000000497 ) ) ;
#2918 = EDGE_CURVE ( 'NONE', #4434, #2881, #456, .T. ) ;
#2919 = ORIENTED_EDGE ( 'NONE', *, *, #904, .F. ) ;
#2920 = EDGE_CURVE ( 'NONE', #1953, #4724, #4391, .T. ) ;
#2921 = VECTOR ( 'NONE', #1510, 1000.000000000000000 ) ;
#2922 = VECTOR ( 'NONE', #802, 1000.000000000000000 ) ;
#2923 = FILL_AREA_STYLE ('',( #3998 ) ) ;
#2924 = DIRECTION ( 'NONE',  ( -1.000000000000000000, -2.065146995210483709E-16, 0.000000000000000000 ) ) ;
#2925 = CARTESIAN_POINT ( 'NONE',  ( -3.950000000000001066, 1.074999999999999289, 3.434999999999999609 ) ) ;
#2926 = CIRCLE ( 'NONE', #1178, 0.1000000000000002554 ) ;
#2927 = DIRECTION ( 'NONE',  ( 0.000000000000000000, -1.000000000000000000, 0.000000000000000000 ) ) ;
#2928 = DIRECTION ( 'NONE',  ( 1.000000000000000000, 0.000000000000000000, 0.000000000000000000 ) ) ;
#2929 = DIRECTION ( 'NONE',  ( -1.000000000000000000, 0.000000000000000000, 0.000000000000000000 ) ) ;
#2930 = VERTEX_POINT ( 'NONE', #2319 ) ;
#2931 = ORIENTED_EDGE ( 'NONE', *, *, #578, .F. ) ;
#2932 = DIRECTION ( 'NONE',  ( -1.000000000000000000, 0.000000000000000000, 0.000000000000000000 ) ) ;
#2933 = FACE_OUTER_BOUND ( 'NONE', #2746, .T. ) ;
#2934 = DIRECTION ( 'NONE',  ( 0.000000000000000000, 1.000000000000000000, 0.000000000000000000 ) ) ;
#2935 = VERTEX_POINT ( 'NONE', #1536 ) ;
#2936 = CARTESIAN_POINT ( 'NONE',  ( -2.999999999999997335, 1.799999999999999600, 5.099999999999999645 ) ) ;
#2937 = LINE ( 'NONE', #707, #248 ) ;
#2938 = CARTESIAN_POINT ( 'NONE',  ( -4.650000000000000355, 0.2000000000000000111, 0.9449999999999996181 ) ) ;
#2939 = ORIENTED_EDGE ( 'NONE', *, *, #1417, .T. ) ;
#2940 = DIRECTION ( 'NONE',  ( 1.000000000000000000, 0.000000000000000000, 0.000000000000000000 ) ) ;
#2941 = EDGE_CURVE ( 'NONE', #1549, #2400, #3425, .T. ) ;
#2942 = CARTESIAN_POINT ( 'NONE',  ( -4.050000000000000711, 0.3000000000000000444, -0.9450000000000005063 ) ) ;
#2943 = LINE ( 'NONE', #4027, #2514 ) ;
#2944 = ADVANCED_FACE ( 'NONE', ( #3887 ), #1614, .F. ) ;
#2945 = DIRECTION ( 'NONE',  ( 0.000000000000000000, 0.000000000000000000, 1.000000000000000000 ) ) ;
#2946 = CARTESIAN_POINT ( 'NONE',  ( 0.000000000000000000, 1.815000000000000613, 5.084999999999998188 ) ) ;
#2947 = DIRECTION ( 'NONE',  ( 1.000000000000000000, 0.000000000000000000, -0.000000000000000000 ) ) ;
#2948 = VERTEX_POINT ( 'NONE', #1964 ) ;
#2949 = ORIENTED_EDGE ( 'NONE', *, *, #3715, .F. ) ;
#2950 = LINE ( 'NONE', #1839, #2682 ) ;
#2951 = CARTESIAN_POINT ( 'NONE',  ( 4.050000000000000711, 0.1999999999999964029, -1.545000000000000373 ) ) ;
#2952 = CARTESIAN_POINT ( 'NONE',  ( 4.050000000000000711, 0.2999999999999957145, -1.545000000000000373 ) ) ;
#2953 = CARTESIAN_POINT ( 'NONE',  ( -4.050000000000000711, 1.102182119232617541E-16, -4.035000000000000142 ) ) ;
#2954 = ORIENTED_EDGE ( 'NONE', *, *, #2596, .F. ) ;
#2955 = LINE ( 'NONE', #3403, #3606 ) ;
#2956 = CARTESIAN_POINT ( 'NONE',  ( 3.300000000000003819, 1.174999999999999378, 4.034999999999999254 ) ) ;
#2957 = ORIENTED_EDGE ( 'NONE', *, *, #2506, .F. ) ;
#2958 = CIRCLE ( 'NONE', #1452, 0.3000000000000007661 ) ;
#2959 = ORIENTED_EDGE ( 'NONE', *, *, #84, .F. ) ;
#2960 = VECTOR ( 'NONE', #4281, 1000.000000000000000 ) ;
#2961 = DIRECTION ( 'NONE',  ( -0.000000000000000000, -0.000000000000000000, -1.000000000000000000 ) ) ;
#2962 = LINE ( 'NONE', #1831, #3330 ) ;
#2963 = DIRECTION ( 'NONE',  ( -1.000000000000000000, -0.000000000000000000, -0.000000000000000000 ) ) ;
#2964 = CARTESIAN_POINT ( 'NONE',  ( 4.650000000000000355, 0.1999999999999956812, -3.435000000000000497 ) ) ;
#2965 = VECTOR ( 'NONE', #1303, 1000.000000000000000 ) ;
#2966 = EDGE_CURVE ( 'NONE', #1962, #918, #3021, .T. ) ;
#2967 = DIRECTION ( 'NONE',  ( -0.000000000000000000, 0.000000000000000000, -1.000000000000000000 ) ) ;
#2968 = DIRECTION ( 'NONE',  ( 0.000000000000000000, 1.000000000000000000, 0.000000000000000000 ) ) ;
#2969 = DIRECTION ( 'NONE',  ( -0.000000000000000000, 0.000000000000000000, -1.000000000000000000 ) ) ;
#2970 = ORIENTED_EDGE ( 'NONE', *, *, #2920, .T. ) ;
#2971 = ORIENTED_EDGE ( 'NONE', *, *, #3246, .F. ) ;
#2972 = EDGE_CURVE ( 'NONE', #902, #577, #4621, .T. ) ;
#2973 = DIRECTION ( 'NONE',  ( 0.000000000000000000, 1.000000000000000000, 0.000000000000000000 ) ) ;
#2974 = DIRECTION ( 'NONE',  ( -1.000000000000000000, 8.673617379884033894E-15, 0.000000000000000000 ) ) ;
#2975 = CARTESIAN_POINT ( 'NONE',  ( -4.050000000000000711, 1.102182119232617541E-16, 4.034999999999999254 ) ) ;
#2976 = EDGE_LOOP ( 'NONE', ( #2458, #3518, #4516, #3287 ) ) ;
#2977 = CIRCLE ( 'NONE', #310, 0.3000000000000007661 ) ;
#2978 = CARTESIAN_POINT ( 'NONE',  ( 3.650000000000000355, 1.074999999999999289, -1.545000000000000373 ) ) ;
#2979 = DIRECTION ( 'NONE',  ( -0.000000000000000000, -0.000000000000000000, -1.000000000000000000 ) ) ;
#2980 = ORIENTED_EDGE ( 'NONE', *, *, #4775, .T. ) ;
#2981 = VECTOR ( 'NONE', #1263, 1000.000000000000000 ) ;
#2982 = ORIENTED_EDGE ( 'NONE', *, *, #2972, .F. ) ;
#2983 = ORIENTED_EDGE ( 'NONE', *, *, #1397, .F. ) ;
#2984 = EDGE_LOOP ( 'NONE', ( #2218, #417, #87, #1180 ) ) ;
#2985 = VECTOR ( 'NONE', #721, 1000.000000000000000 ) ;
#2986 = VECTOR ( 'NONE', #449, 1000.000000000000000 ) ;
#2987 = FACE_OUTER_BOUND ( 'NONE', #4546, .T. ) ;
#2988 = VECTOR ( 'NONE', #3350, 1000.000000000000000 ) ;
#2989 = VECTOR ( 'NONE', #681, 1000.000000000000000 ) ;
#2990 = STYLED_ITEM ( 'NONE', ( #661 ), #1871 ) ;
#2991 = ADVANCED_FACE ( 'NONE', ( #4543 ), #431, .F. ) ;
#2992 = DIRECTION ( 'NONE',  ( 1.000000000000000000, 0.000000000000000000, -0.000000000000000000 ) ) ;
#2993 = LINE ( 'NONE', #2639, #1665 ) ;
#2994 = CARTESIAN_POINT ( 'NONE',  ( -0.01500000000000112355, 1.799999999999999600, 5.099999999999999645 ) ) ;
#2995 = ORIENTED_EDGE ( 'NONE', *, *, #1175, .F. ) ;
#2996 = CARTESIAN_POINT ( 'NONE',  ( -2.200000000000004619, 10.59999999999999964, -4.299999999999998934 ) ) ;
#2997 = AXIS2_PLACEMENT_3D ( 'NONE', #2571, #1291, #4311 ) ;
#2998 = EDGE_CURVE ( 'NONE', #1553, #2097, #4320, .T. ) ;
#2999 = CARTESIAN_POINT ( 'NONE',  ( -3.650000000000000355, 1.174999999999999156, -4.035000000000000142 ) ) ;
#3000 = EDGE_CURVE ( 'NONE', #3609, #4413, #1159, .T. ) ;
#3001 = EDGE_CURVE ( 'NONE', #1274, #3091, #3810, .T. ) ;
#3002 = CARTESIAN_POINT ( 'NONE',  ( -1.800000000000004263, 1.799999999999999600, 4.500000000000000000 ) ) ;
#3003 = ORIENTED_EDGE ( 'NONE', *, *, #904, .T. ) ;
#3004 = STYLED_ITEM ( 'NONE', ( #1582 ), #268 ) ;
#3005 = CARTESIAN_POINT ( 'NONE',  ( 3.650000000000000355, 1.074999999999999289, 3.434999999999999609 ) ) ;
#3006 = DIRECTION ( 'NONE',  ( -1.000000000000000000, 0.000000000000000000, 0.000000000000000000 ) ) ;
#3007 = ORIENTED_EDGE ( 'NONE', *, *, #1425, .F. ) ;
#3008 = EDGE_CURVE ( 'NONE', #4081, #1567, #1690, .T. ) ;
#3009 = ORIENTED_EDGE ( 'NONE', *, *, #2646, .T. ) ;
#3010 = ORIENTED_EDGE ( 'NONE', *, *, #2163, .F. ) ;
#3011 = VERTEX_POINT ( 'NONE', #916 ) ;
#3012 = VECTOR ( 'NONE', #3617, 1000.000000000000000 ) ;
#3013 = DIRECTION ( 'NONE',  ( -0.000000000000000000, -0.000000000000000000, -1.000000000000000000 ) ) ;
#3014 = FILL_AREA_STYLE_COLOUR ( '', #3593 ) ;
#3015 = CARTESIAN_POINT ( 'NONE',  ( 4.049999999999998934, -4.226590478018756734E-15, 4.034999999999999254 ) ) ;
#3016 = CARTESIAN_POINT ( 'NONE',  ( 3.750000000000000888, 1.074999999999999289, 4.034999999999999254 ) ) ;
#3017 = ORIENTED_EDGE ( 'NONE', *, *, #4856, .T. ) ;
#3018 = ORIENTED_EDGE ( 'NONE', *, *, #3684, .F. ) ;
#3019 = FACE_OUTER_BOUND ( 'NONE', #938, .T. ) ;
#3020 = CARTESIAN_POINT ( 'NONE',  ( -3.650000000000000355, 1.074999999999999289, -3.435000000000000497 ) ) ;
#3021 = LINE ( 'NONE', #767, #3927 ) ;
#3022 = DIRECTION ( 'NONE',  ( 1.000000000000000000, 0.000000000000000000, 0.000000000000000000 ) ) ;
#3023 = ORIENTED_EDGE ( 'NONE', *, *, #459, .T. ) ;
#3024 = ORIENTED_EDGE ( 'NONE', *, *, #3560, .F. ) ;
#3025 = CARTESIAN_POINT ( 'NONE',  ( 3.950000000000001954, 0.2999999999999957145, -3.435000000000000497 ) ) ;
#3026 = EDGE_CURVE ( 'NONE', #2738, #2930, #2495, .T. ) ;
#3027 = CARTESIAN_POINT ( 'NONE',  ( 3.300000000000003819, 1.374999999999999556, -4.035000000000000142 ) ) ;
#3028 = ORIENTED_EDGE ( 'NONE', *, *, #117, .F. ) ;
#3029 = ORIENTED_EDGE ( 'NONE', *, *, #856, .F. ) ;
#3030 = ORIENTED_EDGE ( 'NONE', *, *, #1511, .T. ) ;
#3031 = EDGE_CURVE ( 'NONE', #1059, #1692, #2496, .T. ) ;
#3032 = PLANE ( 'NONE',  #1789 ) ;
#3033 = VECTOR ( 'NONE', #4289, 1000.000000000000000 ) ;
#3034 = CYLINDRICAL_SURFACE ( 'NONE', #2345, 0.2999999999999999334 ) ;
#3035 = CIRCLE ( 'NONE', #4141, 0.1000000000000002554 ) ;
#3036 = LINE ( 'NONE', #1556, #1027 ) ;
#3037 = LINE ( 'NONE', #3448, #2111 ) ;
#3038 = EDGE_LOOP ( 'NONE', ( #3677, #4585, #1215, #4515, #3768 ) ) ;
#3039 = ORIENTED_EDGE ( 'NONE', *, *, #846, .F. ) ;
#3040 = VECTOR ( 'NONE', #2929, 1000.000000000000000 ) ;
#3041 = CARTESIAN_POINT ( 'NONE',  ( -4.650000000000000355, 0.000000000000000000, -3.435000000000000497 ) ) ;
#3042 = DIRECTION ( 'NONE',  ( 0.000000000000000000, -1.000000000000000000, 0.000000000000000000 ) ) ;
#3043 = EDGE_CURVE ( 'NONE', #966, #4468, #2603, .T. ) ;
#3044 = LINE ( 'NONE', #457, #4302 ) ;
#3045 = VECTOR ( 'NONE', #4195, 1000.000000000000000 ) ;
#3046 = ORIENTED_EDGE ( 'NONE', *, *, #4856, .F. ) ;
#3047 = ORIENTED_EDGE ( 'NONE', *, *, #884, .F. ) ;
#3048 = CARTESIAN_POINT ( 'NONE',  ( -1.800000000000004263, 1.649999999999999467, 3.941933006589727118 ) ) ;
#3049 = CIRCLE ( 'NONE', #2512, 0.1000000000000002554 ) ;
#3050 = CARTESIAN_POINT ( 'NONE',  ( -3.300000000000003819, 1.174999999999999378, 4.034999999999999254 ) ) ;
#3051 = FACE_OUTER_BOUND ( 'NONE', #1531, .T. ) ;
#3052 = EDGE_CURVE ( 'NONE', #2804, #4659, #1333, .T. ) ;
#3053 = DIRECTION ( 'NONE',  ( -0.000000000000000000, -0.000000000000000000, -1.000000000000000000 ) ) ;
#3054 = AXIS2_PLACEMENT_3D ( 'NONE', #3480, #129, #3860 ) ;
#3055 = EDGE_CURVE ( 'NONE', #2948, #2899, #247, .T. ) ;
#3056 = EDGE_LOOP ( 'NONE', ( #4007, #4837, #2418, #3873 ) ) ;
#3057 = ORIENTED_EDGE ( 'NONE', *, *, #76, .F. ) ;
#3058 = ORIENTED_EDGE ( 'NONE', *, *, #4629, .T. ) ;
#3059 = DIRECTION ( 'NONE',  ( 0.000000000000000000, 0.000000000000000000, -1.000000000000000000 ) ) ;
#3060 = EDGE_CURVE ( 'NONE', #156, #349, #3965, .T. ) ;
#3061 = EDGE_CURVE ( 'NONE', #2842, #2230, #1472, .T. ) ;
#3062 = ADVANCED_FACE ( 'NONE', ( #600 ), #984, .F. ) ;
#3063 = DIRECTION ( 'NONE',  ( -0.000000000000000000, -0.000000000000000000, -1.000000000000000000 ) ) ;
#3064 = SURFACE_SIDE_STYLE ('',( #787 ) ) ;
#3065 = DIRECTION ( 'NONE',  ( 0.000000000000000000, -1.000000000000000000, 0.000000000000000000 ) ) ;
#3066 = FACE_OUTER_BOUND ( 'NONE', #4667, .T. ) ;
#3067 = ORIENTED_EDGE ( 'NONE', *, *, #1711, .F. ) ;
#3068 = VECTOR ( 'NONE', #2658, 1000.000000000000000 ) ;
#3069 =( GEOMETRIC_REPRESENTATION_CONTEXT ( 3 ) GLOBAL_UNCERTAINTY_ASSIGNED_CONTEXT ( ( #20 ) ) GLOBAL_UNIT_ASSIGNED_CONTEXT ( ( #1414, #430, #1893 ) ) REPRESENTATION_CONTEXT ( 'NONE', 'WORKASPACE' ) );
#3070 = DIRECTION ( 'NONE',  ( -1.000000000000000000, 0.000000000000000000, 0.000000000000000000 ) ) ;
#3071 = VECTOR ( 'NONE', #632, 1000.000000000000000 ) ;
#3072 = DIRECTION ( 'NONE',  ( -1.000000000000000000, -0.000000000000000000, -0.000000000000000000 ) ) ;
#3073 = FACE_OUTER_BOUND ( 'NONE', #3653, .T. ) ;
#3074 = VERTEX_POINT ( 'NONE', #3225 ) ;
#3075 = VERTEX_POINT ( 'NONE', #2118 ) ;
#3076 = LINE ( 'NONE', #538, #3203 ) ;
#3077 = DIRECTION ( 'NONE',  ( -1.000000000000000000, -6.195440985631514482E-16, 0.000000000000000000 ) ) ;
#3078 = DIRECTION ( 'NONE',  ( -1.000000000000000000, 0.000000000000000000, 0.000000000000000000 ) ) ;
#3079 = CARTESIAN_POINT ( 'NONE',  ( -3.750000000000000888, 0.3000000000000001554, 3.434999999999999609 ) ) ;
#3080 = ORIENTED_EDGE ( 'NONE', *, *, #2473, .F. ) ;
#3081 = ORIENTED_EDGE ( 'NONE', *, *, #2765, .T. ) ;
#3082 = ADVANCED_FACE ( 'NONE', ( #1306 ), #3534, .T. ) ;
#3083 = LINE ( 'NONE', #4609, #550 ) ;
#3084 = CARTESIAN_POINT ( 'NONE',  ( 0.000000000000000000, 10.59999999999999964, -5.084999999999999964 ) ) ;
#3085 = AXIS2_PLACEMENT_3D ( 'NONE', #305, #2087, #3263 ) ;
#3086 = ADVANCED_FACE ( 'NONE', ( #4280 ), #2885, .T. ) ;
#3087 = DIRECTION ( 'NONE',  ( -0.000000000000000000, -0.000000000000000000, -1.000000000000000000 ) ) ;
#3088 = CARTESIAN_POINT ( 'NONE',  ( -3.950000000000001066, 1.074999999999999289, -4.035000000000000142 ) ) ;
#3089 = CARTESIAN_POINT ( 'NONE',  ( 4.049999999999998934, -4.226590478018756734E-15, 3.434999999999999609 ) ) ;
#3090 = EDGE_LOOP ( 'NONE', ( #3834, #1927, #3028, #3635 ) ) ;
#3091 = VERTEX_POINT ( 'NONE', #963 ) ;
#3092 = EDGE_LOOP ( 'NONE', ( #4760, #4101, #1548, #2003 ) ) ;
#3093 = DIRECTION ( 'NONE',  ( 1.000000000000000000, 0.000000000000000000, 0.000000000000000000 ) ) ;
#3094 = EDGE_CURVE ( 'NONE', #78, #4239, #3137, .T. ) ;
#3095 = FILL_AREA_STYLE_COLOUR ( '', #2214 ) ;
#3096 = DIRECTION ( 'NONE',  ( 0.000000000000000000, 0.000000000000000000, -1.000000000000000000 ) ) ;
#3097 = CARTESIAN_POINT ( 'NONE',  ( 3.750000000000000888, 1.074999999999999289, 1.544999999999999485 ) ) ;
#3098 = ORIENTED_EDGE ( 'NONE', *, *, #647, .F. ) ;
#3099 = ORIENTED_EDGE ( 'NONE', *, *, #1826, .F. ) ;
#3100 = DIRECTION ( 'NONE',  ( 1.000000000000000000, 0.000000000000000000, 0.000000000000000000 ) ) ;
#3101 = CYLINDRICAL_SURFACE ( 'NONE', #3859, 0.2999999999999999334 ) ;
#3102 = CARTESIAN_POINT ( 'NONE',  ( 4.649999999999998579, -4.336808689942017736E-15, 4.034999999999999254 ) ) ;
#3103 = CARTESIAN_POINT ( 'NONE',  ( -3.750000000000000888, 0.3000000000000001554, -0.9450000000000005063 ) ) ;
#3104 = ORIENTED_EDGE ( 'NONE', *, *, #636, .T. ) ;
#3105 = ORIENTED_EDGE ( 'NONE', *, *, #1791, .T. ) ;
#3106 = LINE ( 'NONE', #926, #2844 ) ;
#3107 = CARTESIAN_POINT ( 'NONE',  ( 3.750000000000000888, 0.2999999999999966582, 4.034999999999999254 ) ) ;
#3108 = DIRECTION ( 'NONE',  ( 1.000000000000000000, 0.000000000000000000, 0.000000000000000000 ) ) ;
#3109 = DIRECTION ( 'NONE',  ( -0.000000000000000000, -0.000000000000000000, -1.000000000000000000 ) ) ;
#3110 = FACE_OUTER_BOUND ( 'NONE', #2647, .T. ) ;
#3111 = CARTESIAN_POINT ( 'NONE',  ( -3.650000000000000355, 1.074999999999999289, -0.9450000000000005063 ) ) ;
#3112 = EDGE_LOOP ( 'NONE', ( #3249, #219, #2555, #3456 ) ) ;
#3113 = DIRECTION ( 'NONE',  ( 1.000000000000000000, -6.195440985631514482E-16, 0.000000000000000000 ) ) ;
#3114 = VECTOR ( 'NONE', #3455, 1000.000000000000000 ) ;
#3115 = DIRECTION ( 'NONE',  ( 0.000000000000000000, 0.000000000000000000, 1.000000000000000000 ) ) ;
#3116 = CYLINDRICAL_SURFACE ( 'NONE', #220, 0.1000000000000002554 ) ;
#3117 = ORIENTED_EDGE ( 'NONE', *, *, #3775, .F. ) ;
#3118 = EDGE_CURVE ( 'NONE', #4056, #3449, #2044, .T. ) ;
#3119 = ORIENTED_EDGE ( 'NONE', *, *, #614, .F. ) ;
#3120 = AXIS2_PLACEMENT_3D ( 'NONE', #812, #1557, #124 ) ;
#3121 = CARTESIAN_POINT ( 'NONE',  ( 3.750000000000000888, 0.2999999999999966582, -0.9450000000000005063 ) ) ;
#3122 = VECTOR ( 'NONE', #1228, 1000.000000000000000 ) ;
#3123 = DIRECTION ( 'NONE',  ( -1.000000000000000000, 0.000000000000000000, 0.000000000000000000 ) ) ;
#3124 = LINE ( 'NONE', #442, #3549 ) ;
#3125 = FACE_OUTER_BOUND ( 'NONE', #2913, .T. ) ;
#3126 = EDGE_LOOP ( 'NONE', ( #1366, #2602, #1122, #555 ) ) ;
#3127 = ORIENTED_EDGE ( 'NONE', *, *, #3650, .F. ) ;
#3128 = CARTESIAN_POINT ( 'NONE',  ( -1.800000000000004041, 0.7499999999999991118, -4.799999999999999822 ) ) ;
#3129 = CARTESIAN_POINT ( 'NONE',  ( 3.950000000000001954, 0.2999999999999957145, -1.545000000000000373 ) ) ;
#3130 = DIRECTION ( 'NONE',  ( -0.000000000000000000, -0.000000000000000000, -1.000000000000000000 ) ) ;
#3131 = CARTESIAN_POINT ( 'NONE',  ( -0.3455391496296436049, 1.468081347111106716, -3.755919903867567466 ) ) ;
#3132 = AXIS2_PLACEMENT_3D ( 'NONE', #4678, #3100, #3141 ) ;
#3133 = VERTEX_POINT ( 'NONE', #892 ) ;
#3134 = DIRECTION ( 'NONE',  ( -0.000000000000000000, -1.000000000000000000, -0.000000000000000000 ) ) ;
#3135 = EDGE_CURVE ( 'NONE', #2935, #373, #2421, .T. ) ;
#3136 = PRODUCT_DEFINITION_SHAPE ( 'NONE', 'NONE',  #1984 ) ;
#3137 = LINE ( 'NONE', #2794, #3284 ) ;
#3138 = DIRECTION ( 'NONE',  ( 1.000000000000000000, 1.445602896647339163E-16, -0.000000000000000000 ) ) ;
#3139 = ORIENTED_EDGE ( 'NONE', *, *, #3060, .T. ) ;
#3140 = EDGE_LOOP ( 'NONE', ( #2668, #1997, #2430, #4441 ) ) ;
#3141 = DIRECTION ( 'NONE',  ( 0.000000000000000000, 0.000000000000000000, -1.000000000000000000 ) ) ;
#3142 = ADVANCED_FACE ( 'NONE', ( #3159 ), #4674, .F. ) ;
#3143 = DIRECTION ( 'NONE',  ( -0.000000000000000000, -0.000000000000000000, -1.000000000000000000 ) ) ;
#3144 = CARTESIAN_POINT ( 'NONE',  ( -3.750000000000000888, 0.3000000000000001554, -4.035000000000000142 ) ) ;
#3145 = DIRECTION ( 'NONE',  ( 1.000000000000000000, 0.000000000000000000, 0.000000000000000000 ) ) ;
#3146 = CIRCLE ( 'NONE', #3545, 0.2999999999999999334 ) ;
#3147 = ORIENTED_EDGE ( 'NONE', *, *, #3811, .T. ) ;
#3148 = ORIENTED_EDGE ( 'NONE', *, *, #884, .T. ) ;
#3149 = LINE ( 'NONE', #3491, #391 ) ;
#3150 = EDGE_CURVE ( 'NONE', #2146, #2887, #2592, .T. ) ;
#3151 = VECTOR ( 'NONE', #3323, 1000.000000000000000 ) ;
#3152 = DIRECTION ( 'NONE',  ( 0.7071067811865475727, 0.7071067811865475727, 0.000000000000000000 ) ) ;
#3153 = AXIS2_PLACEMENT_3D ( 'NONE', #2239, #2968, #668 ) ;
#3154 = CARTESIAN_POINT ( 'NONE',  ( -0.01500000000000112355, 10.59999999999999964, -5.099999999999999645 ) ) ;
#3155 = DIRECTION ( 'NONE',  ( 1.000000000000000000, 6.195440985631514482E-16, -0.000000000000000000 ) ) ;
#3156 = DIRECTION ( 'NONE',  ( -1.000000000000000000, 0.000000000000000000, 0.000000000000000000 ) ) ;
#3157 = EDGE_LOOP ( 'NONE', ( #4618, #1378, #2803, #3923, #1929, #1850, #3642, #1155 ) ) ;
#3158 = DIRECTION ( 'NONE',  ( -0.000000000000000000, -0.000000000000000000, -1.000000000000000000 ) ) ;
#3159 = FACE_OUTER_BOUND ( 'NONE', #1565, .T. ) ;
#3160 = CARTESIAN_POINT ( 'NONE',  ( -4.050000000000000711, 1.084202172485504434E-16, -0.9450000000000005063 ) ) ;
#3161 = ORIENTED_EDGE ( 'NONE', *, *, #4143, .T. ) ;
#3162 = EDGE_CURVE ( 'NONE', #527, #203, #715, .T. ) ;
#3163 = EDGE_LOOP ( 'NONE', ( #2893, #137, #252, #1507 ) ) ;
#3164 = LINE ( 'NONE', #4626, #4003 ) ;
#3165 = CARTESIAN_POINT ( 'NONE',  ( -3.300000000000004263, 1.799999999999999600, -4.799999999999999822 ) ) ;
#3166 = CARTESIAN_POINT ( 'NONE',  ( 0.000000000000000000, 0.000000000000000000, 0.000000000000000000 ) ) ;
#3167 = LINE ( 'NONE', #924, #1377 ) ;
#3168 = VERTEX_POINT ( 'NONE', #1478 ) ;
#3169 = EDGE_LOOP ( 'NONE', ( #4093, #2083, #1758, #2797, #762, #1635, #1192, #458, #3331, #670, #3321, #2194 ) ) ;
#3170 = EDGE_CURVE ( 'NONE', #203, #4361, #1055, .T. ) ;
#3171 = CARTESIAN_POINT ( 'NONE',  ( 3.000000000000003109, 1.799999999999999600, 5.099999999999999645 ) ) ;
#3172 = FACE_OUTER_BOUND ( 'NONE', #2275, .T. ) ;
#3173 = EDGE_CURVE ( 'NONE', #1052, #2674, #3445, .T. ) ;
#3174 = CARTESIAN_POINT ( 'NONE',  ( -1.800000000000004041, 0.7499999999999991118, 4.799999999999999822 ) ) ;
#3175 = LINE ( 'NONE', #575, #2790 ) ;
#3176 = LINE ( 'NONE', #3579, #673 ) ;
#3177 = ORIENTED_EDGE ( 'NONE', *, *, #4466, .T. ) ;
#3178 = CARTESIAN_POINT ( 'NONE',  ( 0.6074847399042815344, 1.483626855372222053, -3.767559483353748018 ) ) ;
#3179 = STYLED_ITEM ( 'NONE', ( #3626 ), #3519 ) ;
#3180 = DIRECTION ( 'NONE',  ( 0.000000000000000000, -0.000000000000000000, -1.000000000000000000 ) ) ;
#3181 = VERTEX_POINT ( 'NONE', #1455 ) ;
#3182 = VERTEX_POINT ( 'NONE', #338 ) ;
#3183 = AXIS2_PLACEMENT_3D ( 'NONE', #950, #4342, #568 ) ;
#3184 = CARTESIAN_POINT ( 'NONE',  ( 1.800000000000004929, 1.649999999999999689, 4.040103128527721132 ) ) ;
#3185 = CARTESIAN_POINT ( 'NONE',  ( 3.300000000000003819, 1.374999999999999556, -0.9450000000000005063 ) ) ;
#3186 = CARTESIAN_POINT ( 'NONE',  ( 4.649999999999998579, -4.336808689942017736E-15, -3.435000000000000497 ) ) ;
#3187 = CARTESIAN_POINT ( 'NONE',  ( -3.300000000000003819, 1.174999999999999378, 4.034999999999999254 ) ) ;
#3188 = AXIS2_PLACEMENT_3D ( 'NONE', #985, #2497, #1667 ) ;
#3189 = ORIENTED_EDGE ( 'NONE', *, *, #2651, .F. ) ;
#3190 = CARTESIAN_POINT ( 'NONE',  ( -3.950000000000000178, 0.3000000000000000444, -0.9450000000000005063 ) ) ;
#3191 = DIRECTION ( 'NONE',  ( 1.000000000000000000, 0.000000000000000000, 0.000000000000000000 ) ) ;
#3192 = CARTESIAN_POINT ( 'NONE',  ( 3.650000000000000355, 1.374999999999999556, 3.434999999999999609 ) ) ;
#3193 = VERTEX_POINT ( 'NONE', #4052 ) ;
#3194 = ADVANCED_FACE ( 'NONE', ( #2144 ), #4419, .F. ) ;
#3195 = ADVANCED_FACE ( 'NONE', ( #3344 ), #3655, .F. ) ;
#3196 = EDGE_CURVE ( 'NONE', #3239, #946, #4103, .T. ) ;
#3197 = CARTESIAN_POINT ( 'NONE',  ( 4.049999999999998934, -4.226590478018756734E-15, 1.544999999999999485 ) ) ;
#3198 = CARTESIAN_POINT ( 'NONE',  ( -2.200000000000004619, 10.59999999999999964, -4.299999999999998934 ) ) ;
#3199 = CARTESIAN_POINT ( 'NONE',  ( 4.649999999999998579, -4.336808689942017736E-15, 3.434999999999999609 ) ) ;
#3200 = ORIENTED_EDGE ( 'NONE', *, *, #2623, .F. ) ;
#3201 = VECTOR ( 'NONE', #4356, 1000.000000000000000 ) ;
#3202 = ORIENTED_EDGE ( 'NONE', *, *, #2862, .F. ) ;
#3203 = VECTOR ( 'NONE', #2376, 1000.000000000000000 ) ;
#3204 = CARTESIAN_POINT ( 'NONE',  ( 3.650000000000000355, 1.174999999999999378, 4.034999999999999254 ) ) ;
#3205 = CARTESIAN_POINT ( 'NONE',  ( -3.650000000000000355, 1.074999999999999289, 0.9449999999999996181 ) ) ;
#3206 = ORIENTED_EDGE ( 'NONE', *, *, #4018, .F. ) ;
#3207 = ORIENTED_EDGE ( 'NONE', *, *, #4612, .F. ) ;
#3208 = PLANE ( 'NONE',  #2452 ) ;
#3209 = CIRCLE ( 'NONE', #2454, 0.2999999999999999334 ) ;
#3210 = PLANE ( 'NONE',  #3950 ) ;
#3211 = DIRECTION ( 'NONE',  ( -0.000000000000000000, -0.000000000000000000, -1.000000000000000000 ) ) ;
#3212 =( GEOMETRIC_REPRESENTATION_CONTEXT ( 3 ) GLOBAL_UNCERTAINTY_ASSIGNED_CONTEXT ( ( #738 ) ) GLOBAL_UNIT_ASSIGNED_CONTEXT ( ( #1613, #2539, #1733 ) ) REPRESENTATION_CONTEXT ( 'NONE', 'WORKASPACE' ) );
#3213 = EDGE_LOOP ( 'NONE', ( #3890, #1370, #2338, #1778 ) ) ;
#3214 = AXIS2_PLACEMENT_3D ( 'NONE', #2274, #1797, #1872 ) ;
#3215 = LINE ( 'NONE', #4041, #841 ) ;
#3216 = DIRECTION ( 'NONE',  ( 1.000000000000000000, 1.836970198721029688E-16, -0.000000000000000000 ) ) ;
#3217 = DIRECTION ( 'NONE',  ( -1.000000000000000000, 0.000000000000000000, 0.000000000000000000 ) ) ;
#3218 = EDGE_CURVE ( 'NONE', #6, #12, #4469, .T. ) ;
#3219 = AXIS2_PLACEMENT_3D ( 'NONE', #112, #1622, #2326 ) ;
#3220 = CARTESIAN_POINT ( 'NONE',  ( 3.300000000000003819, 1.174999999999999378, -0.9450000000000005063 ) ) ;
#3221 = CARTESIAN_POINT ( 'NONE',  ( 1.210481687165405162, 1.548264029645851636, 3.826207027163804675 ) ) ;
#3222 = VERTEX_POINT ( 'NONE', #4857 ) ;
#3223 = ORIENTED_EDGE ( 'NONE', *, *, #987, .T. ) ;
#3224 = AXIS2_PLACEMENT_3D ( 'NONE', #1153, #1959, #4197 ) ;
#3225 = CARTESIAN_POINT ( 'NONE',  ( 3.300000000000003819, 1.374999999999999556, 4.034999999999999254 ) ) ;
#3226 = CARTESIAN_POINT ( 'NONE',  ( 4.650000000000000355, 0.1999999999999956812, 1.544999999999999485 ) ) ;
#3227 = ORIENTED_EDGE ( 'NONE', *, *, #3997, .F. ) ;
#3228 = VERTEX_POINT ( 'NONE', #4076 ) ;
#3229 = ADVANCED_FACE ( 'NONE', ( #1081 ), #2618, .F. ) ;
#3230 = VECTOR ( 'NONE', #2963, 1000.000000000000000 ) ;
#3231 = CARTESIAN_POINT ( 'NONE',  ( -4.050000000000000711, 1.102182119232617541E-16, -1.545000000000000373 ) ) ;
#3232 = VERTEX_POINT ( 'NONE', #4123 ) ;
#3233 = DIRECTION ( 'NONE',  ( -1.000000000000000000, -1.836970198721029688E-16, 0.000000000000000000 ) ) ;
#3234 = LINE ( 'NONE', #1676, #4215 ) ;
#3235 = ORIENTED_EDGE ( 'NONE', *, *, #3470, .T. ) ;
#3236 = DIRECTION ( 'NONE',  ( 1.000000000000000000, 0.000000000000000000, 0.000000000000000000 ) ) ;
#3237 = DIRECTION ( 'NONE',  ( 0.000000000000000000, -1.000000000000000000, 0.000000000000000000 ) ) ;
#3238 = DIRECTION ( 'NONE',  ( 0.000000000000000000, 1.000000000000000000, 0.000000000000000000 ) ) ;
#3239 = VERTEX_POINT ( 'NONE', #3728 ) ;
#3240 = EDGE_LOOP ( 'NONE', ( #1144, #4649, #329, #4823 ) ) ;
#3241 = CARTESIAN_POINT ( 'NONE',  ( 0.6614212290821385176, 1.486355867531228281, 4.202971662373904849 ) ) ;
#3242 = CARTESIAN_POINT ( 'NONE',  ( 0.000000000000000000, 0.000000000000000000, -5.099999999999999645 ) ) ;
#3243 = VERTEX_POINT ( 'NONE', #2570 ) ;
#3244 = EDGE_CURVE ( 'NONE', #1252, #3299, #2614, .T. ) ;
#3245 = CARTESIAN_POINT ( 'NONE',  ( 3.650000000000000355, 1.374999999999999556, 1.544999999999999485 ) ) ;
#3246 = EDGE_CURVE ( 'NONE', #4384, #3457, #1105, .T. ) ;
#3247 = LINE ( 'NONE', #1334, #4219 ) ;
#3248 = ORIENTED_EDGE ( 'NONE', *, *, #3398, .F. ) ;
#3249 = ORIENTED_EDGE ( 'NONE', *, *, #2716, .T. ) ;
#3250 = CARTESIAN_POINT ( 'NONE',  ( 1.800000000000004707, 1.649999999999998579, 3.941933006589726229 ) ) ;
#3251 = CARTESIAN_POINT ( 'NONE',  ( 4.650000000000000355, 0.1999999999999956812, 4.034999999999999254 ) ) ;
#3252 = EDGE_CURVE ( 'NONE', #2230, #3797, #1809, .T. ) ;
#3253 = CARTESIAN_POINT ( 'NONE',  ( 3.300000000000003819, 1.374999999999999556, 1.544999999999999485 ) ) ;
#3254 = EDGE_CURVE ( 'NONE', #2504, #2306, #1728, .T. ) ;
#3255 = EDGE_CURVE ( 'NONE', #3181, #3193, #648, .T. ) ;
#3256 = CARTESIAN_POINT ( 'NONE',  ( 4.650000000000000355, 0.1999999999999956812, 1.544999999999999485 ) ) ;
#3257 = EDGE_LOOP ( 'NONE', ( #272, #4067, #1593, #3489 ) ) ;
#3258 = PRESENTATION_LAYER_ASSIGNMENT (  '', '', ( #2104 ) ) ;
#3259 = CARTESIAN_POINT ( 'NONE',  ( 4.050000000000000711, 0.2999999999999957145, 0.9449999999999996181 ) ) ;
#3260 = AXIS2_PLACEMENT_3D ( 'NONE', #3752, #22, #4148 ) ;
#3261 = AXIS2_PLACEMENT_3D ( 'NONE', #2849, #233, #2874 ) ;
#3262 = CARTESIAN_POINT ( 'NONE',  ( -3.950000000000000178, 0.3000000000000000444, 1.544999999999999485 ) ) ;
#3263 = DIRECTION ( 'NONE',  ( -1.000000000000000000, 0.000000000000000000, 0.000000000000000000 ) ) ;
#3264 = ORIENTED_EDGE ( 'NONE', *, *, #3162, .T. ) ;
#3265 = AXIS2_PLACEMENT_3D ( 'NONE', #741, #4447, #4032 ) ;
#3266 =( NAMED_UNIT ( * ) PLANE_ANGLE_UNIT ( ) SI_UNIT ( $, .RADIAN. ) );
#3267 = SURFACE_SIDE_STYLE ('',( #3648 ) ) ;
#3268 = CARTESIAN_POINT ( 'NONE',  ( 3.300000000000003819, 1.174999999999999378, -1.545000000000000373 ) ) ;
#3269 = DIRECTION ( 'NONE',  ( 0.000000000000000000, 1.000000000000000000, 0.000000000000000000 ) ) ;
#3270 = ORIENTED_EDGE ( 'NONE', *, *, #3001, .F. ) ;
#3271 = DIRECTION ( 'NONE',  ( -1.000000000000000000, 0.000000000000000000, 0.000000000000000000 ) ) ;
#3272 = CARTESIAN_POINT ( 'NONE',  ( -4.050000000000000711, 0.3000000000000000444, -0.9450000000000005063 ) ) ;
#3273 = DIRECTION ( 'NONE',  ( 0.000000000000000000, -1.000000000000000000, 0.000000000000000000 ) ) ;
#3274 = ORIENTED_EDGE ( 'NONE', *, *, #2284, .T. ) ;
#3275 = ORIENTED_EDGE ( 'NONE', *, *, #974, .F. ) ;
#3276 = ADVANCED_FACE ( 'NONE', ( #4785 ), #1406, .F. ) ;
#3277 = LINE ( 'NONE', #3231, #4325 ) ;
#3278 = CARTESIAN_POINT ( 'NONE',  ( 4.650000000000000355, 0.1999999999999956812, -4.035000000000000142 ) ) ;
#3279 = CARTESIAN_POINT ( 'NONE',  ( 0.000000000000000000, 10.59999999999999964, 5.084999999999998188 ) ) ;
#3280 = AXIS2_PLACEMENT_3D ( 'NONE', #504, #814, #3093 ) ;
#3281 = EDGE_LOOP ( 'NONE', ( #2729, #4640, #588, #2117, #679 ) ) ;
#3282 = LINE ( 'NONE', #3692, #2447 ) ;
#3283 = EDGE_CURVE ( 'NONE', #2545, #1759, #4445, .T. ) ;
#3284 = VECTOR ( 'NONE', #1715, 1000.000000000000000 ) ;
#3285 = CARTESIAN_POINT ( 'NONE',  ( -3.950000000000001066, 1.074999999999999289, 4.034999999999999254 ) ) ;
#3286 = LINE ( 'NONE', #929, #953 ) ;
#3287 = ORIENTED_EDGE ( 'NONE', *, *, #2506, .T. ) ;
#3288 = VECTOR ( 'NONE', #3633, 1000.000000000000000 ) ;
#3289 = VECTOR ( 'NONE', #4826, 1000.000000000000000 ) ;
#3290 = DIRECTION ( 'NONE',  ( 6.195440985631514482E-16, 1.000000000000000000, -0.000000000000000000 ) ) ;
#3291 = CARTESIAN_POINT ( 'NONE',  ( 0.3497834754466891960, 1.468245301325044272, 3.756050782819581269 ) ) ;
#3292 = FACE_OUTER_BOUND ( 'NONE', #3157, .T. ) ;
#3293 = AXIS2_PLACEMENT_3D ( 'NONE', #1924, #59, #3816 ) ;
#3294 = AXIS2_PLACEMENT_3D ( 'NONE', #3947, #4815, #566 ) ;
#3295 = CARTESIAN_POINT ( 'NONE',  ( -3.300000000000003819, 1.374999999999999556, 3.434999999999999609 ) ) ;
#3296 = FACE_OUTER_BOUND ( 'NONE', #2544, .T. ) ;
#3297 = CARTESIAN_POINT ( 'NONE',  ( 0.000000000000000000, 10.58499999999999908, 5.084999999999998188 ) ) ;
#3298 = ORIENTED_EDGE ( 'NONE', *, *, #607, .T. ) ;
#3299 = VERTEX_POINT ( 'NONE', #1606 ) ;
#3300 = DIRECTION ( 'NONE',  ( -0.000000000000000000, 1.000000000000000000, -0.000000000000000000 ) ) ;
#3301 = CARTESIAN_POINT ( 'NONE',  ( -3.000000000000004441, 10.59999999999999964, 5.099999999999999645 ) ) ;
#3302 = FACE_OUTER_BOUND ( 'NONE', #4778, .T. ) ;
#3303 = CARTESIAN_POINT ( 'NONE',  ( 3.650000000000000355, 1.074999999999999289, 0.9449999999999996181 ) ) ;
#3304 = VECTOR ( 'NONE', #612, 1000.000000000000000 ) ;
#3305 = ORIENTED_EDGE ( 'NONE', *, *, #4805, .F. ) ;
#3306 = CARTESIAN_POINT ( 'NONE',  ( 3.750000000000000888, 1.074999999999999289, -0.9450000000000005063 ) ) ;
#3307 = PLANE ( 'NONE',  #2775 ) ;
#3308 = ORIENTED_EDGE ( 'NONE', *, *, #499, .T. ) ;
#3309 = EDGE_CURVE ( 'NONE', #4205, #4507, #3474, .T. ) ;
#3310 = EDGE_LOOP ( 'NONE', ( #2641, #1213, #1669, #4240 ) ) ;
#3311 = DIRECTION ( 'NONE',  ( -0.000000000000000000, -0.000000000000000000, -1.000000000000000000 ) ) ;
#3312 = DIRECTION ( 'NONE',  ( -0.000000000000000000, -0.000000000000000000, -1.000000000000000000 ) ) ;
#3313 = LINE ( 'NONE', #687, #3230 ) ;
#3314 = EDGE_CURVE ( 'NONE', #845, #1059, #759, .T. ) ;
#3315 = CARTESIAN_POINT ( 'NONE',  ( 1.381640175355675737, 1.573171010753841692, -3.850415861311478505 ) ) ;
#3316 = VERTEX_POINT ( 'NONE', #832 ) ;
#3317 = DIRECTION ( 'NONE',  ( -0.000000000000000000, -0.000000000000000000, -1.000000000000000000 ) ) ;
#3318 = CARTESIAN_POINT ( 'NONE',  ( 3.650000000000000355, 1.074999999999999289, 1.544999999999999485 ) ) ;
#3319 = CARTESIAN_POINT ( 'NONE',  ( 3.650000000000000355, 1.374999999999999556, -3.435000000000000497 ) ) ;
#3320 = EDGE_LOOP ( 'NONE', ( #2057, #4303, #3360, #3941 ) ) ;
#3321 = ORIENTED_EDGE ( 'NONE', *, *, #489, .T. ) ;
#3322 = CARTESIAN_POINT ( 'NONE',  ( 3.950000000000001954, 0.2999999999999957145, -4.035000000000000142 ) ) ;
#3323 = DIRECTION ( 'NONE',  ( 0.000000000000000000, -1.000000000000000000, 0.000000000000000000 ) ) ;
#3324 = CARTESIAN_POINT ( 'NONE',  ( -4.050000000000000711, 1.084202172485504434E-16, -3.435000000000000497 ) ) ;
#3325 = ORIENTED_EDGE ( 'NONE', *, *, #350, .T. ) ;
#3326 = FACE_OUTER_BOUND ( 'NONE', #890, .T. ) ;
#3327 = ADVANCED_FACE ( 'NONE', ( #4613 ), #4567, .F. ) ;
#3328 = CARTESIAN_POINT ( 'NONE',  ( 3.750000000000000888, 0.2999999999999966582, -1.545000000000000373 ) ) ;
#3329 = VERTEX_POINT ( 'NONE', #3827 ) ;
#3330 = VECTOR ( 'NONE', #3312, 1000.000000000000000 ) ;
#3331 = ORIENTED_EDGE ( 'NONE', *, *, #1518, .T. ) ;
#3332 = VERTEX_POINT ( 'NONE', #739 ) ;
#3333 = EDGE_CURVE ( 'NONE', #4449, #4056, #4173, .T. ) ;
#3334 = AXIS2_PLACEMENT_3D ( 'NONE', #3913, #534, #2095 ) ;
#3335 = DIRECTION ( 'NONE',  ( -0.000000000000000000, -0.000000000000000000, -1.000000000000000000 ) ) ;
#3336 = LINE ( 'NONE', #2587, #820 ) ;
#3337 = LINE ( 'NONE', #4781, #1461 ) ;
#3338 = AXIS2_PLACEMENT_3D ( 'NONE', #3242, #4811, #4122 ) ;
#3339 = ORIENTED_EDGE ( 'NONE', *, *, #2838, .T. ) ;
#3340 = EDGE_CURVE ( 'NONE', #1037, #3382, #97, .T. ) ;
#3341 = ADVANCED_FACE ( 'NONE', ( #47 ), #3034, .T. ) ;
#3342 = ADVANCED_FACE ( 'NONE', ( #2334 ), #2759, .F. ) ;
#3343 = VECTOR ( 'NONE', #4588, 1000.000000000000000 ) ;
#3344 = FACE_OUTER_BOUND ( 'NONE', #2732, .T. ) ;
#3345 = DIRECTION ( 'NONE',  ( -0.000000000000000000, 0.000000000000000000, -1.000000000000000000 ) ) ;
#3346 = PLANE ( 'NONE',  #3265 ) ;
#3347 = VERTEX_POINT ( 'NONE', #381 ) ;
#3348 = PLANE ( 'NONE',  #3440 ) ;
#3349 = EDGE_CURVE ( 'NONE', #4423, #732, #1581, .T. ) ;
#3350 = DIRECTION ( 'NONE',  ( -1.000000000000000000, -0.000000000000000000, -0.000000000000000000 ) ) ;
#3351 = CARTESIAN_POINT ( 'NONE',  ( 3.750000000000000888, 1.074999999999999289, -3.435000000000000497 ) ) ;
#3352 = CARTESIAN_POINT ( 'NONE',  ( -3.650000000000000355, 1.374999999999999556, 4.034999999999999254 ) ) ;
#3353 = ORIENTED_EDGE ( 'NONE', *, *, #246, .F. ) ;
#3354 = AXIS2_PLACEMENT_3D ( 'NONE', #3561, #3506, #533 ) ;
#3355 = AXIS2_PLACEMENT_3D ( 'NONE', #1672, #1193, #1269 ) ;
#3356 = CARTESIAN_POINT ( 'NONE',  ( 2.999999999999995559, 10.59999999999999964, 5.099999999999999645 ) ) ;
#3357 = CARTESIAN_POINT ( 'NONE',  ( -4.650000000000000355, 0.2000000000000000111, 1.544999999999999485 ) ) ;
#3358 = ORIENTED_EDGE ( 'NONE', *, *, #1618, .T. ) ;
#3359 = VECTOR ( 'NONE', #3485, 1000.000000000000000 ) ;
#3360 = ORIENTED_EDGE ( 'NONE', *, *, #238, .F. ) ;
#3361 = ORIENTED_EDGE ( 'NONE', *, *, #1200, .T. ) ;
#3362 = VECTOR ( 'NONE', #1276, 1000.000000000000000 ) ;
#3363 = LINE ( 'NONE', #4121, #1482 ) ;
#3364 = EDGE_CURVE ( 'NONE', #2029, #3243, #223, .T. ) ;
#3365 = CARTESIAN_POINT ( 'NONE',  ( -4.650000000000000355, 0.000000000000000000, 1.544999999999999485 ) ) ;
#3366 = MECHANICAL_DESIGN_GEOMETRIC_PRESENTATION_REPRESENTATION (  '', ( #323 ), #3774 ) ;
#3367 = AXIS2_PLACEMENT_3D ( 'NONE', #4802, #4432, #1045 ) ;
#3368 = STYLED_ITEM ( 'NONE', ( #3625 ), #1880 ) ;
#3369 = DIRECTION ( 'NONE',  ( -1.000000000000000000, 8.673617379884033894E-15, 0.000000000000000000 ) ) ;
#3370 = VECTOR ( 'NONE', #585, 1000.000000000000000 ) ;
#3371 = FACE_OUTER_BOUND ( 'NONE', #229, .T. ) ;
#3372 = ORIENTED_EDGE ( 'NONE', *, *, #3438, .F. ) ;
#3373 = EDGE_CURVE ( 'NONE', #2040, #346, #1912, .T. ) ;
#3374 = CARTESIAN_POINT ( 'NONE',  ( 4.050000000000000711, 0.1999999999999964029, -4.035000000000000142 ) ) ;
#3375 = LINE ( 'NONE', #1535, #169 ) ;
#3376 = DIRECTION ( 'NONE',  ( 1.000000000000000000, 0.000000000000000000, 0.000000000000000000 ) ) ;
#3377 = FACE_OUTER_BOUND ( 'NONE', #509, .T. ) ;
#3378 = ORIENTED_EDGE ( 'NONE', *, *, #3405, .F. ) ;
#3379 = EDGE_LOOP ( 'NONE', ( #2549, #1281, #563, #1442 ) ) ;
#3380 = DIRECTION ( 'NONE',  ( -1.000000000000000000, 0.000000000000000000, 0.000000000000000000 ) ) ;
#3381 = DIRECTION ( 'NONE',  ( 0.000000000000000000, -0.000000000000000000, -1.000000000000000000 ) ) ;
#3382 = VERTEX_POINT ( 'NONE', #1202 ) ;
#3383 = VERTEX_POINT ( 'NONE', #1504 ) ;
#3384 = ORIENTED_EDGE ( 'NONE', *, *, #127, .F. ) ;
#3385 = MANIFOLD_SOLID_BREP ( 'Chamfer1', #4029 ) ;
#3386 = VECTOR ( 'NONE', #4073, 1000.000000000000000 ) ;
#3387 = SURFACE_STYLE_FILL_AREA ( #957 ) ;
#3388 = DIRECTION ( 'NONE',  ( -1.000000000000000000, 0.000000000000000000, 0.000000000000000000 ) ) ;
#3389 = UNCERTAINTY_MEASURE_WITH_UNIT (LENGTH_MEASURE( 1.000000000000000082E-05 ), #3978, 'distance_accuracy_value', 'NONE');
#3390 = EDGE_CURVE ( 'NONE', #2040, #1890, #4275, .T. ) ;
#3391 = LINE ( 'NONE', #1278, #675 ) ;
#3392 = DIRECTION ( 'NONE',  ( 1.000000000000000000, 0.000000000000000000, -0.000000000000000000 ) ) ;
#3393 = DIRECTION ( 'NONE',  ( -0.000000000000000000, -0.000000000000000000, -1.000000000000000000 ) ) ;
#3394 = ORIENTED_EDGE ( 'NONE', *, *, #3970, .F. ) ;
#3395 = DIRECTION ( 'NONE',  ( 0.5773502691896257311, -0.5773502691896257311, -0.5773502691896257311 ) ) ;
#3396 = EDGE_CURVE ( 'NONE', #1874, #2358, #3391, .T. ) ;
#3397 = CARTESIAN_POINT ( 'NONE',  ( 3.300000000000004263, 0.7499999999999993339, 4.799999999999999822 ) ) ;
#3398 = EDGE_CURVE ( 'NONE', #156, #203, #2440, .T. ) ;
#3399 = DIRECTION ( 'NONE',  ( -0.000000000000000000, 1.000000000000000000, -0.000000000000000000 ) ) ;
#3400 = LINE ( 'NONE', #4204, #4531 ) ;
#3401 = VERTEX_POINT ( 'NONE', #3220 ) ;
#3402 = ORIENTED_EDGE ( 'NONE', *, *, #4379, .F. ) ;
#3403 = CARTESIAN_POINT ( 'NONE',  ( 3.750000000000000888, 1.074999999999999289, 3.434999999999999609 ) ) ;
#3404 = EDGE_CURVE ( 'NONE', #3401, #3239, #1659, .T. ) ;
#3405 = EDGE_CURVE ( 'NONE', #2738, #4423, #3049, .T. ) ;
#3406 = EDGE_CURVE ( 'NONE', #433, #1692, #4736, .T. ) ;
#3407 = LINE ( 'NONE', #2778, #400 ) ;
#3408 = VERTEX_POINT ( 'NONE', #195 ) ;
#3409 = ORIENTED_EDGE ( 'NONE', *, *, #3218, .F. ) ;
#3410 = EDGE_LOOP ( 'NONE', ( #3822, #4138, #2607, #86, #1230 ) ) ;
#3411 = VERTEX_POINT ( 'NONE', #594 ) ;
#3412 = ORIENTED_EDGE ( 'NONE', *, *, #1539, .F. ) ;
#3413 = VECTOR ( 'NONE', #4046, 1000.000000000000000 ) ;
#3414 = FACE_OUTER_BOUND ( 'NONE', #3169, .T. ) ;
#3415 = CARTESIAN_POINT ( 'NONE',  ( -4.650000000000000355, 0.000000000000000000, 1.544999999999999485 ) ) ;
#3416 = AXIS2_PLACEMENT_3D ( 'NONE', #1388, #1292, #2529 ) ;
#3417 =( NAMED_UNIT ( * ) PLANE_ANGLE_UNIT ( ) SI_UNIT ( $, .RADIAN. ) );
#3418 = VECTOR ( 'NONE', #72, 1000.000000000000000 ) ;
#3419 = CARTESIAN_POINT ( 'NONE',  ( -3.300000000000004263, 1.799999999999999600, 4.799999999999999822 ) ) ;
#3420 = DIRECTION ( 'NONE',  ( 0.000000000000000000, 0.000000000000000000, 1.000000000000000000 ) ) ;
#3421 = ORIENTED_EDGE ( 'NONE', *, *, #3314, .T. ) ;
#3422 = ORIENTED_EDGE ( 'NONE', *, *, #1384, .F. ) ;
#3423 = CARTESIAN_POINT ( 'NONE',  ( -4.050000000000000711, 1.102182119232617541E-16, -3.435000000000000497 ) ) ;
#3424 = SURFACE_STYLE_USAGE ( .BOTH. , #1210 ) ;
#3425 = LINE ( 'NONE', #1211, #2836 ) ;
#3426 = PLANE ( 'NONE',  #1939 ) ;
#3427 = ORIENTED_EDGE ( 'NONE', *, *, #3937, .F. ) ;
#3428 = ADVANCED_FACE ( 'NONE', ( #2788 ), #886, .F. ) ;
#3429 = ORIENTED_EDGE ( 'NONE', *, *, #756, .F. ) ;
#3430 = CARTESIAN_POINT ( 'NONE',  ( 3.650000000000000355, 1.174999999999999378, -1.545000000000000373 ) ) ;
#3431 = DIRECTION ( 'NONE',  ( 1.000000000000000000, 0.000000000000000000, 0.000000000000000000 ) ) ;
#3432 = DIRECTION ( 'NONE',  ( -0.000000000000000000, -0.000000000000000000, -1.000000000000000000 ) ) ;
#3433 = LINE ( 'NONE', #163, #744 ) ;
#3434 = AXIS2_PLACEMENT_3D ( 'NONE', #635, #3667, #2202 ) ;
#3435 = ORIENTED_EDGE ( 'NONE', *, *, #2085, .F. ) ;
#3436 = VERTEX_POINT ( 'NONE', #170 ) ;
#3437 = ORIENTED_EDGE ( 'NONE', *, *, #214, .F. ) ;
#3438 = EDGE_CURVE ( 'NONE', #4068, #2298, #3904, .T. ) ;
#3439 = VECTOR ( 'NONE', #4181, 1000.000000000000000 ) ;
#3440 = AXIS2_PLACEMENT_3D ( 'NONE', #1087, #1111, #3757 ) ;
#3441 = CARTESIAN_POINT ( 'NONE',  ( -3.950000000000001066, 1.074999999999999289, -3.435000000000000497 ) ) ;
#3442 = DIRECTION ( 'NONE',  ( 0.000000000000000000, -1.000000000000000000, 0.000000000000000000 ) ) ;
#3443 = EDGE_CURVE ( 'NONE', #1567, #2434, #361, .T. ) ;
#3444 = AXIS2_PLACEMENT_3D ( 'NONE', #3550, #496, #2783 ) ;
#3445 = CIRCLE ( 'NONE', #2061, 0.1000000000000002554 ) ;
#3446 = CARTESIAN_POINT ( 'NONE',  ( -3.950000000000001066, 1.074999999999999289, -3.435000000000000497 ) ) ;
#3447 = DIRECTION ( 'NONE',  ( -8.673617379884033894E-15, -1.000000000000000000, 0.000000000000000000 ) ) ;
#3448 = CARTESIAN_POINT ( 'NONE',  ( -4.650000000000000355, 0.2000000000000000111, -4.035000000000000142 ) ) ;
#3449 = VERTEX_POINT ( 'NONE', #552 ) ;
#3450 = AXIS2_PLACEMENT_3D ( 'NONE', #1725, #1368, #4753 ) ;
#3451 = PRESENTATION_LAYER_ASSIGNMENT (  '', '', ( #3368 ) ) ;
#3452 = FACE_OUTER_BOUND ( 'NONE', #3517, .T. ) ;
#3453 = FACE_OUTER_BOUND ( 'NONE', #3665, .T. ) ;
#3454 = CARTESIAN_POINT ( 'NONE',  ( -2.200000000000004619, 10.50000000000000000, -4.299999999999998934 ) ) ;
#3455 = DIRECTION ( 'NONE',  ( -1.000000000000000000, 0.000000000000000000, 0.000000000000000000 ) ) ;
#3456 = ORIENTED_EDGE ( 'NONE', *, *, #2340, .T. ) ;
#3457 = VERTEX_POINT ( 'NONE', #3881 ) ;
#3458 = VECTOR ( 'NONE', #483, 1000.000000000000000 ) ;
#3459 = CARTESIAN_POINT ( 'NONE',  ( -4.050000000000000711, 0.2000000000000000111, 1.544999999999999485 ) ) ;
#3460 = DIRECTION ( 'NONE',  ( -0.000000000000000000, -0.000000000000000000, -1.000000000000000000 ) ) ;
#3461 = CARTESIAN_POINT ( 'NONE',  ( 3.750000000000000888, 1.074999999999999289, -0.9450000000000005063 ) ) ;
#3462 = DIRECTION ( 'NONE',  ( 0.000000000000000000, 0.000000000000000000, 1.000000000000000000 ) ) ;
#3463 = EDGE_LOOP ( 'NONE', ( #3104, #1838, #1979, #4592 ) ) ;
#3464 = AXIS2_PLACEMENT_3D ( 'NONE', #898, #3487, #4582 ) ;
#3465 = ORIENTED_EDGE ( 'NONE', *, *, #3930, .F. ) ;
#3466 = CARTESIAN_POINT ( 'NONE',  ( -3.650000000000000355, 1.074999999999999289, -0.9450000000000005063 ) ) ;
#3467 = MECHANICAL_DESIGN_GEOMETRIC_PRESENTATION_REPRESENTATION (  '', ( #3004 ), #1183 ) ;
#3468 = ADVANCED_FACE ( 'NONE', ( #2068 ), #3555, .F. ) ;
#3469 = LINE ( 'NONE', #4634, #1563 ) ;
#3470 = EDGE_CURVE ( 'NONE', #2906, #1699, #2860, .T. ) ;
#3471 = CARTESIAN_POINT ( 'NONE',  ( 3.950000000000001954, 0.2999999999999957145, 1.544999999999999485 ) ) ;
#3472 = CIRCLE ( 'NONE', #2709, 0.3500000000000004774 ) ;
#3473 = ADVANCED_FACE ( 'NONE', ( #2088 ), #574, .F. ) ;
#3474 = LINE ( 'NONE', #2312, #1012 ) ;
#3475 = CARTESIAN_POINT ( 'NONE',  ( -3.650000000000000355, 1.374999999999999556, 1.544999999999999485 ) ) ;
#3476 = CARTESIAN_POINT ( 'NONE',  ( -3.300000000000004263, 1.799999999999999600, 4.799999999999999822 ) ) ;
#3477 = ORIENTED_EDGE ( 'NONE', *, *, #2966, .F. ) ;
#3478 = ORIENTED_EDGE ( 'NONE', *, *, #974, .T. ) ;
#3479 = LINE ( 'NONE', #4620, #933 ) ;
#3480 = CARTESIAN_POINT ( 'NONE',  ( -4.050000000000000711, 0.3000000000000000444, -1.545000000000000373 ) ) ;
#3481 = CARTESIAN_POINT ( 'NONE',  ( 4.050000000000000711, 0.1999999999999964029, -3.435000000000000497 ) ) ;
#3482 = ORIENTED_EDGE ( 'NONE', *, *, #4260, .F. ) ;
#3483 = ORIENTED_EDGE ( 'NONE', *, *, #3008, .F. ) ;
#3484 =( BOUNDED_SURFACE ( )  B_SPLINE_SURFACE ( 3, 2, ( 
 ( #3528, #4000, #979 ),
 ( #960, #2070, #2491 ),
 ( #2810, #3558, #619 ),
 ( #4301, #913, #4738 ),
 ( #2141, #3628, #2417 ),
 ( #197, #1351, #2442 ),
 ( #1687, #4692, #3131 ),
 ( #4639, #1260, #2791 ),
 ( #3906, #526, #4832 ),
 ( #2161, #2566, #4074 ),
 ( #4440, #2184, #3315 ),
 ( #4758, #1431, #1077 ),
 ( #1451, #3651, #4048 ),
 ( #2615, #688, #335 ) ),
 .UNSPECIFIED., .F., .F., .F. ) 
 B_SPLINE_SURFACE_WITH_KNOTS ( ( 4, 2, 2, 2, 2, 2, 4 ),
 ( 3, 3 ),
 ( 0.0007110967746416850359, 0.001182586470601784331, 0.001654076166561883410, 0.002597055558482081784, 0.003540034950402279942, 0.004011524646362379237, 0.004483014342322478099 ),
 ( 0.000000000000000000, 1.000000000000000000 ),
 .UNSPECIFIED. ) 
 GEOMETRIC_REPRESENTATION_ITEM ( )  RATIONAL_B_SPLINE_SURFACE ( (
 ( 1.000000000000000000, 0.9630527463639029229, 1.000000000000000000),
 ( 1.000000000000000000, 0.9556058181166454668, 1.000000000000000000),
 ( 1.000000000000000000, 0.9486104217990921628, 1.000000000000000000),
 ( 1.000000000000000000, 0.9363032360673934074, 1.000000000000000000),
 ( 1.000000000000000000, 0.9309610623495927495, 1.000000000000000000),
 ( 1.000000000000000000, 0.9178978321359858583, 1.000000000000000000),
 ( 1.000000000000000000, 0.9132624201755717985, 1.000000000000000000),
 ( 1.000000000000000000, 0.9132989819368174667, 1.000000000000000000),
 ( 1.000000000000000000, 0.9178599175202213356, 1.000000000000000000),
 ( 1.000000000000000000, 0.9308222550829050590, 1.000000000000000000),
 ( 1.000000000000000000, 0.9361579934276491599, 1.000000000000000000),
 ( 1.000000000000000000, 0.9486048628292382823, 1.000000000000000000),
 ( 1.000000000000000000, 0.9556435329625871944, 1.000000000000000000),
 ( 1.000000000000000000, 0.9630499088177083555, 1.000000000000000000) ) ) 
 REPRESENTATION_ITEM ( '' )  SURFACE ( )  );
#3485 = DIRECTION ( 'NONE',  ( -2.065146995210483955E-16, 1.000000000000000000, -0.000000000000000000 ) ) ;
#3486 = CARTESIAN_POINT ( 'NONE',  ( -3.300000000000003819, 1.174999999999999378, 1.544999999999999485 ) ) ;
#3487 = DIRECTION ( 'NONE',  ( -0.000000000000000000, -0.000000000000000000, -1.000000000000000000 ) ) ;
#3488 = FACE_OUTER_BOUND ( 'NONE', #198, .T. ) ;
#3489 = ORIENTED_EDGE ( 'NONE', *, *, #4663, .F. ) ;
#3490 = EDGE_LOOP ( 'NONE', ( #4251, #650, #3559, #2226, #1376, #2450, #1498, #3658, #2321, #2796, #920, #445 ) ) ;
#3491 = CARTESIAN_POINT ( 'NONE',  ( -3.750000000000000888, 1.074999999999999289, -0.9450000000000005063 ) ) ;
#3492 = CARTESIAN_POINT ( 'NONE',  ( 3.650000000000000355, 1.374999999999999556, 0.9449999999999996181 ) ) ;
#3493 = ORIENTED_EDGE ( 'NONE', *, *, #3255, .T. ) ;
#3494 = EDGE_CURVE ( 'NONE', #3765, #4343, #1301, .T. ) ;
#3495 = MANIFOLD_SOLID_BREP ( 'Boss-Extrude5[2]', #2787 ) ;
#3496 =( NAMED_UNIT ( * ) PLANE_ANGLE_UNIT ( ) SI_UNIT ( $, .RADIAN. ) );
#3497 = DIRECTION ( 'NONE',  ( 1.000000000000000000, 0.000000000000000000, 0.000000000000000000 ) ) ;
#3498 = CARTESIAN_POINT ( 'NONE',  ( -4.650000000000000355, 0.000000000000000000, -4.035000000000000142 ) ) ;
#3499 = VECTOR ( 'NONE', #1196, 1000.000000000000000 ) ;
#3500 = ORIENTED_EDGE ( 'NONE', *, *, #2130, .F. ) ;
#3501 = EDGE_CURVE ( 'NONE', #4354, #6, #2009, .T. ) ;
#3502 = EDGE_CURVE ( 'NONE', #1538, #4503, #4072, .T. ) ;
#3503 = CARTESIAN_POINT ( 'NONE',  ( -3.000000000000004441, 10.59999999999999964, 5.099999999999999645 ) ) ;
#3504 = VECTOR ( 'NONE', #255, 1000.000000000000000 ) ;
#3505 = FILL_AREA_STYLE_COLOUR ( '', #3619 ) ;
#3506 = DIRECTION ( 'NONE',  ( 0.000000000000000000, 0.000000000000000000, 1.000000000000000000 ) ) ;
#3507 = CARTESIAN_POINT ( 'NONE',  ( -3.950000000000000178, 0.3000000000000000444, -3.435000000000000497 ) ) ;
#3508 = ORIENTED_EDGE ( 'NONE', *, *, #3309, .F. ) ;
#3509 = ORIENTED_EDGE ( 'NONE', *, *, #2883, .F. ) ;
#3510 = VECTOR ( 'NONE', #2011, 1000.000000000000000 ) ;
#3511 = PLANE ( 'NONE',  #3132 ) ;
#3512 = PRODUCT_DEFINITION_FORMATION_WITH_SPECIFIED_SOURCE ( 'ANY', '', #2884, .NOT_KNOWN. ) ;
#3513 = DIRECTION ( 'NONE',  ( 0.000000000000000000, 0.000000000000000000, 1.000000000000000000 ) ) ;
#3514 = EDGE_LOOP ( 'NONE', ( #4207, #2595, #799, #2204 ) ) ;
#3515 = CARTESIAN_POINT ( 'NONE',  ( 3.300000000000004263, 0.7499999999999993339, -4.799999999999999822 ) ) ;
#3516 = DIRECTION ( 'NONE',  ( -1.000000000000000000, 0.000000000000000000, 0.000000000000000000 ) ) ;
#3517 = EDGE_LOOP ( 'NONE', ( #1365, #1625, #543, #3949 ) ) ;
#3518 = ORIENTED_EDGE ( 'NONE', *, *, #1937, .F. ) ;
#3519 = MANIFOLD_SOLID_BREP ( 'LPattern1[3]', #639 ) ;
#3520 = DIRECTION ( 'NONE',  ( -0.000000000000000000, -0.000000000000000000, -1.000000000000000000 ) ) ;
#3521 = CARTESIAN_POINT ( 'NONE',  ( -3.300000000000003819, 1.374999999999999556, 4.034999999999999254 ) ) ;
#3522 = VECTOR ( 'NONE', #2415, 1000.000000000000000 ) ;
#3523 = AXIS2_PLACEMENT_3D ( 'NONE', #2296, #867, #3096 ) ;
#3524 = VECTOR ( 'NONE', #2227, 1000.000000000000000 ) ;
#3525 = EDGE_CURVE ( 'NONE', #2935, #4449, #617, .T. ) ;
#3526 = PRESENTATION_STYLE_ASSIGNMENT (( #958 ) ) ;
#3527 = DIRECTION ( 'NONE',  ( 0.000000000000000000, -0.000000000000000000, -1.000000000000000000 ) ) ;
#3528 = CARTESIAN_POINT ( 'NONE',  ( -1.820118816348887281, 1.799999999999999600, -4.500000000000000000 ) ) ;
#3529 = VECTOR ( 'NONE', #1664, 1000.000000000000000 ) ;
#3530 = ORIENTED_EDGE ( 'NONE', *, *, #3785, .F. ) ;
#3531 = LINE ( 'NONE', #4202, #1157 ) ;
#3532 = VECTOR ( 'NONE', #915, 1000.000000000000000 ) ;
#3533 = EDGE_CURVE ( 'NONE', #3780, #3843, #3336, .T. ) ;
#3534 = PLANE ( 'NONE',  #2683 ) ;
#3535 = VECTOR ( 'NONE', #91, 1000.000000000000000 ) ;
#3536 = EDGE_CURVE ( 'NONE', #695, #3951, #2962, .T. ) ;
#3537 = PLANE ( 'NONE',  #2260 ) ;
#3538 = VERTEX_POINT ( 'NONE', #1004 ) ;
#3539 = VERTEX_POINT ( 'NONE', #2564 ) ;
#3540 = CARTESIAN_POINT ( 'NONE',  ( -1.800000000000004485, 1.649999999999999689, 4.138121538907090446 ) ) ;
#3541 = AXIS2_PLACEMENT_3D ( 'NONE', #4134, #304, #3739 ) ;
#3542 = DIRECTION ( 'NONE',  ( -0.000000000000000000, 0.000000000000000000, 1.000000000000000000 ) ) ;
#3543 = LINE ( 'NONE', #2026, #2695 ) ;
#3544 = CARTESIAN_POINT ( 'NONE',  ( -3.650000000000000355, 1.074999999999999289, 3.434999999999999609 ) ) ;
#3545 = AXIS2_PLACEMENT_3D ( 'NONE', #3868, #801, #1569 ) ;
#3546 = VERTEX_POINT ( 'NONE', #4854 ) ;
#3547 = ORIENTED_EDGE ( 'NONE', *, *, #3398, .T. ) ;
#3548 = MANIFOLD_SOLID_BREP ( 'LPattern1[5]', #2777 ) ;
#3549 = VECTOR ( 'NONE', #512, 1000.000000000000000 ) ;
#3550 = CARTESIAN_POINT ( 'NONE',  ( 3.650000000000000355, 1.074999999999999289, -0.9450000000000005063 ) ) ;
#3551 = DIRECTION ( 'NONE',  ( -0.000000000000000000, -0.000000000000000000, -1.000000000000000000 ) ) ;
#3552 = FILL_AREA_STYLE ('',( #3599 ) ) ;
#3553 = CLOSED_SHELL ( 'NONE', ( #4527, #3571, #2189, #1289 ) ) ;
#3554 = ORIENTED_EDGE ( 'NONE', *, *, #439, .T. ) ;
#3555 = PLANE ( 'NONE',  #4762 ) ;
#3556 = DIRECTION ( 'NONE',  ( 0.000000000000000000, -1.000000000000000000, 0.000000000000000000 ) ) ;
#3557 = AXIS2_PLACEMENT_3D ( 'NONE', #2901, #2924, #2183 ) ;
#3558 = CARTESIAN_POINT ( 'NONE',  ( -1.635836092778856665, 1.616219828699643202, -4.241126037354518097 ) ) ;
#3559 = ORIENTED_EDGE ( 'NONE', *, *, #4651, .T. ) ;
#3560 = EDGE_CURVE ( 'NONE', #4071, #179, #4464, .T. ) ;
#3561 = CARTESIAN_POINT ( 'NONE',  ( 3.650000000000000355, 1.074999999999999289, 1.544999999999999485 ) ) ;
#3562 = DIRECTION ( 'NONE',  ( 0.000000000000000000, 0.000000000000000000, 1.000000000000000000 ) ) ;
#3563 = ORIENTED_EDGE ( 'NONE', *, *, #4298, .T. ) ;
#3564 = ORIENTED_EDGE ( 'NONE', *, *, #4629, .F. ) ;
#3565 = EDGE_CURVE ( 'NONE', #2443, #103, #2425, .T. ) ;
#3566 = CARTESIAN_POINT ( 'NONE',  ( 4.650000000000000355, 0.1999999999999956812, 3.434999999999999609 ) ) ;
#3567 = CARTESIAN_POINT ( 'NONE',  ( 3.650000000000000355, 1.174999999999999378, 4.034999999999999254 ) ) ;
#3568 = DIRECTION ( 'NONE',  ( -0.000000000000000000, -0.000000000000000000, -1.000000000000000000 ) ) ;
#3569 = CARTESIAN_POINT ( 'NONE',  ( -3.650000000000000355, 1.375000000000000000, -3.435000000000000497 ) ) ;
#3570 = ORIENTED_EDGE ( 'NONE', *, *, #1946, .F. ) ;
#3571 = ADVANCED_FACE ( 'NONE', ( #3488 ), #1976, .T. ) ;
#3572 = DIRECTION ( 'NONE',  ( 1.000000000000000000, 6.195440985631514482E-16, -0.000000000000000000 ) ) ;
#3573 = EDGE_CURVE ( 'NONE', #3830, #2097, #2802, .T. ) ;
#3574 = CARTESIAN_POINT ( 'NONE',  ( 0.01500000000000112355, 1.799999999999999600, 5.099999999999999645 ) ) ;
#3575 = CARTESIAN_POINT ( 'NONE',  ( 1.942715147507066309, 1.679678953065815161, 4.279347872814631693 ) ) ;
#3576 = ORIENTED_EDGE ( 'NONE', *, *, #1820, .F. ) ;
#3577 = SURFACE_STYLE_FILL_AREA ( #3958 ) ;
#3578 = CARTESIAN_POINT ( 'NONE',  ( 3.300000000000003819, 1.174999999999999378, -0.9450000000000005063 ) ) ;
#3579 = CARTESIAN_POINT ( 'NONE',  ( 4.049999999999998934, -4.226590478018756734E-15, 1.544999999999999485 ) ) ;
#3580 = ORIENTED_EDGE ( 'NONE', *, *, #2008, .F. ) ;
#3581 = ORIENTED_EDGE ( 'NONE', *, *, #1475, .T. ) ;
#3582 = CARTESIAN_POINT ( 'NONE',  ( -3.300000000000004263, 0.7499999999999993339, 4.799999999999999822 ) ) ;
#3583 = VECTOR ( 'NONE', #2406, 1000.000000000000000 ) ;
#3584 = FACE_OUTER_BOUND ( 'NONE', #4377, .T. ) ;
#3585 = ORIENTED_EDGE ( 'NONE', *, *, #2715, .F. ) ;
#3586 = ORIENTED_EDGE ( 'NONE', *, *, #4444, .F. ) ;
#3587 = DIRECTION ( 'NONE',  ( 0.000000000000000000, 0.000000000000000000, 1.000000000000000000 ) ) ;
#3588 = DIRECTION ( 'NONE',  ( 1.000000000000000000, -6.195440985631514482E-16, 0.000000000000000000 ) ) ;
#3589 = PLANE ( 'NONE',  #3294 ) ;
#3590 = ADVANCED_FACE ( 'NONE', ( #1249 ), #2780, .F. ) ;
#3591 = DIRECTION ( 'NONE',  ( -0.000000000000000000, -0.000000000000000000, -1.000000000000000000 ) ) ;
#3592 = VECTOR ( 'NONE', #3420, 1000.000000000000000 ) ;
#3593 = COLOUR_RGB ( '',0.2509803921568627416, 0.2509803921568627416, 0.2509803921568627416 ) ;
#3594 = ORIENTED_EDGE ( 'NONE', *, *, #1149, .F. ) ;
#3595 = DIRECTION ( 'NONE',  ( 1.000000000000000000, 0.000000000000000000, 0.000000000000000000 ) ) ;
#3596 = DIRECTION ( 'NONE',  ( 0.000000000000000000, 0.000000000000000000, 1.000000000000000000 ) ) ;
#3597 = CARTESIAN_POINT ( 'NONE',  ( -3.650000000000000355, 1.174999999999999156, -0.9450000000000005063 ) ) ;
#3598 = ADVANCED_FACE ( 'NONE', ( #136 ), #2429, .F. ) ;
#3599 = FILL_AREA_STYLE_COLOUR ( '', #2438 ) ;
#3600 = DIRECTION ( 'NONE',  ( 1.119176436114070022E-15, -1.000000000000000000, -0.000000000000000000 ) ) ;
#3601 = CARTESIAN_POINT ( 'NONE',  ( -1.820118816348887503, 1.799999999999999600, 4.500000000000000000 ) ) ;
#3602 = EDGE_CURVE ( 'NONE', #1546, #2816, #3433, .T. ) ;
#3603 = DIRECTION ( 'NONE',  ( 0.000000000000000000, 1.000000000000000000, 0.000000000000000000 ) ) ;
#3604 = VECTOR ( 'NONE', #3072, 1000.000000000000000 ) ;
#3605 = ORIENTED_EDGE ( 'NONE', *, *, #3390, .T. ) ;
#3606 = VECTOR ( 'NONE', #4523, 1000.000000000000000 ) ;
#3607 = DIRECTION ( 'NONE',  ( 1.000000000000000000, 0.000000000000000000, 0.000000000000000000 ) ) ;
#3608 = PLANE ( 'NONE',  #2185 ) ;
#3609 = VERTEX_POINT ( 'NONE', #3079 ) ;
#3610 = EDGE_LOOP ( 'NONE', ( #188, #415, #2870, #602 ) ) ;
#3611 = CARTESIAN_POINT ( 'NONE',  ( -4.050000000000000711, 0.2000000000000000111, -0.9450000000000005063 ) ) ;
#3612 = LINE ( 'NONE', #3253, #1657 ) ;
#3613 = AXIS2_PLACEMENT_3D ( 'NONE', #2904, #1009, #4031 ) ;
#3614 = LINE ( 'NONE', #3569, #1297 ) ;
#3615 = VECTOR ( 'NONE', #1132, 1000.000000000000000 ) ;
#3616 = ORIENTED_EDGE ( 'NONE', *, *, #3720, .T. ) ;
#3617 = DIRECTION ( 'NONE',  ( -0.000000000000000000, 1.000000000000000000, -0.000000000000000000 ) ) ;
#3618 = EDGE_CURVE ( 'NONE', #609, #3449, #1623, .T. ) ;
#3619 = COLOUR_RGB ( '',0.7921568627450980005, 0.8196078431372548767, 0.9333333333333333481 ) ;
#3620 = CARTESIAN_POINT ( 'NONE',  ( 3.300000000000003819, 1.174999999999999378, 1.544999999999999485 ) ) ;
#3621 = DIRECTION ( 'NONE',  ( 0.000000000000000000, 0.000000000000000000, 1.000000000000000000 ) ) ;
#3622 = AXIS2_PLACEMENT_3D ( 'NONE', #231, #4340, #3919 ) ;
#3623 = ORIENTED_EDGE ( 'NONE', *, *, #1023, .T. ) ;
#3624 = ADVANCED_FACE ( 'NONE', ( #3125 ), #3871, .F. ) ;
#3625 = PRESENTATION_STYLE_ASSIGNMENT (( #616 ) ) ;
#3626 = PRESENTATION_STYLE_ASSIGNMENT (( #2182 ) ) ;
#3627 = CARTESIAN_POINT ( 'NONE',  ( -0.3455391496296434939, 1.468081347111106716, 3.755919903867634968 ) ) ;
#3628 = CARTESIAN_POINT ( 'NONE',  ( -1.157528584890845647, 1.541224581502544932, -4.215040354790400734 ) ) ;
#3629 = VERTEX_POINT ( 'NONE', #113 ) ;
#3630 = ORIENTED_EDGE ( 'NONE', *, *, #1033, .T. ) ;
#3631 = ADVANCED_FACE ( 'NONE', ( #465 ), #1170, .F. ) ;
#3632 = AXIS2_PLACEMENT_3D ( 'NONE', #98, #3805, #406 ) ;
#3633 = DIRECTION ( 'NONE',  ( -0.000000000000000000, -0.000000000000000000, -1.000000000000000000 ) ) ;
#3634 = LINE ( 'NONE', #4306, #4611 ) ;
#3635 = ORIENTED_EDGE ( 'NONE', *, *, #214, .T. ) ;
#3636 = EDGE_LOOP ( 'NONE', ( #4230, #914, #776, #2247 ) ) ;
#3637 = CIRCLE ( 'NONE', #3434, 0.09999999999999939493 ) ;
#3638 = FACE_OUTER_BOUND ( 'NONE', #3213, .T. ) ;
#3639 = CARTESIAN_POINT ( 'NONE',  ( 3.950000000000001954, 0.2999999999999957145, 4.034999999999999254 ) ) ;
#3640 = LINE ( 'NONE', #254, #2464 ) ;
#3641 = CARTESIAN_POINT ( 'NONE',  ( -3.300000000000003819, 1.174999999999999378, 1.544999999999999485 ) ) ;
#3642 = ORIENTED_EDGE ( 'NONE', *, *, #2733, .T. ) ;
#3643 = LINE ( 'NONE', #2936, #3880 ) ;
#3644 = CARTESIAN_POINT ( 'NONE',  ( 3.950000000000001066, 1.074999999999999289, 3.434999999999999609 ) ) ;
#3645 = DIRECTION ( 'NONE',  ( -0.000000000000000000, 1.000000000000000000, -0.000000000000000000 ) ) ;
#3646 = VERTEX_POINT ( 'NONE', #85 ) ;
#3647 = EDGE_LOOP ( 'NONE', ( #3993, #2957, #4278, #342 ) ) ;
#3648 = SURFACE_STYLE_FILL_AREA ( #285 ) ;
#3649 = DIRECTION ( 'NONE',  ( -1.000000000000000000, -8.377925878297078462E-16, 0.000000000000000000 ) ) ;
#3650 = EDGE_CURVE ( 'NONE', #221, #44, #899, .T. ) ;
#3651 = CARTESIAN_POINT ( 'NONE',  ( 1.792711216472450797, 1.646652921616472920, -4.255242162563156683 ) ) ;
#3652 = ORIENTED_EDGE ( 'NONE', *, *, #2801, .T. ) ;
#3653 = EDGE_LOOP ( 'NONE', ( #142, #791, #2971, #3298 ) ) ;
#3654 = ORIENTED_EDGE ( 'NONE', *, *, #4242, .F. ) ;
#3655 = PLANE ( 'NONE',  #551 ) ;
#3656 = DIRECTION ( 'NONE',  ( 1.000000000000000000, 0.000000000000000000, -0.000000000000000000 ) ) ;
#3657 = ORIENTED_EDGE ( 'NONE', *, *, #2536, .F. ) ;
#3658 = ORIENTED_EDGE ( 'NONE', *, *, #2038, .T. ) ;
#3659 = CARTESIAN_POINT ( 'NONE',  ( 1.800000000000004707, 1.799999999999999600, -4.500000000000000000 ) ) ;
#3660 = AXIS2_PLACEMENT_3D ( 'NONE', #1474, #2002, #3462 ) ;
#3661 = CARTESIAN_POINT ( 'NONE',  ( -4.650000000000000355, 0.000000000000000000, 1.544999999999999485 ) ) ;
#3662 = FACE_OUTER_BOUND ( 'NONE', #88, .T. ) ;
#3663 = LINE ( 'NONE', #4842, #444 ) ;
#3664 = ADVANCED_FACE ( 'NONE', ( #3895 ), #513, .F. ) ;
#3665 = EDGE_LOOP ( 'NONE', ( #4666, #4158, #1875, #4671 ) ) ;
#3666 = AXIS2_PLACEMENT_3D ( 'NONE', #3841, #3053, #3921 ) ;
#3667 = DIRECTION ( 'NONE',  ( -0.000000000000000000, -0.000000000000000000, -1.000000000000000000 ) ) ;
#3668 = CIRCLE ( 'NONE', #3183, 0.3500000000000004774 ) ;
#3669 = FACE_OUTER_BOUND ( 'NONE', #3090, .T. ) ;
#3670 = DIRECTION ( 'NONE',  ( 0.000000000000000000, 0.000000000000000000, 1.000000000000000000 ) ) ;
#3671 = ORIENTED_EDGE ( 'NONE', *, *, #1697, .F. ) ;
#3672 = VECTOR ( 'NONE', #3853, 1000.000000000000000 ) ;
#3673 = FACE_OUTER_BOUND ( 'NONE', #3112, .T. ) ;
#3674 = FILL_AREA_STYLE_COLOUR ( '', #1775 ) ;
#3675 = CARTESIAN_POINT ( 'NONE',  ( -0.6983233287041459292, 1.488588547719398525, 3.770866379103618105 ) ) ;
#3676 = CARTESIAN_POINT ( 'NONE',  ( 0.000000000000000000, 10.58499999999999908, 0.000000000000000000 ) ) ;
#3677 = ORIENTED_EDGE ( 'NONE', *, *, #1884, .F. ) ;
#3678 = DIRECTION ( 'NONE',  ( -1.000000000000000000, 0.000000000000000000, 0.000000000000000000 ) ) ;
#3679 = LINE ( 'NONE', #788, #101 ) ;
#3680 = CARTESIAN_POINT ( 'NONE',  ( -3.000000000000004441, 10.59999999999999964, -5.099999999999999645 ) ) ;
#3681 = EDGE_LOOP ( 'NONE', ( #4828, #1382, #1678, #3630 ) ) ;
#3682 = ORIENTED_EDGE ( 'NONE', *, *, #3135, .T. ) ;
#3683 = CARTESIAN_POINT ( 'NONE',  ( -3.750000000000000888, 1.074999999999999289, -4.035000000000000142 ) ) ;
#3684 = EDGE_CURVE ( 'NONE', #4062, #3830, #1855, .T. ) ;
#3685 = FACE_OUTER_BOUND ( 'NONE', #420, .T. ) ;
#3686 = EDGE_CURVE ( 'NONE', #2493, #138, #1221, .T. ) ;
#3687 = DIRECTION ( 'NONE',  ( -0.000000000000000000, -0.000000000000000000, -1.000000000000000000 ) ) ;
#3688 = DIRECTION ( 'NONE',  ( -0.000000000000000000, -0.000000000000000000, -1.000000000000000000 ) ) ;
#3689 = VECTOR ( 'NONE', #3936, 1000.000000000000000 ) ;
#3690 = VECTOR ( 'NONE', #947, 1000.000000000000000 ) ;
#3691 = VERTEX_POINT ( 'NONE', #2702 ) ;
#3692 = CARTESIAN_POINT ( 'NONE',  ( -3.300000000000004263, 1.799999999999999600, -4.799999999999999822 ) ) ;
#3693 = EDGE_CURVE ( 'NONE', #1996, #4704, #2958, .T. ) ;
#3694 = CARTESIAN_POINT ( 'NONE',  ( -3.650000000000000355, 1.375000000000000000, 1.544999999999999485 ) ) ;
#3695 = ORIENTED_EDGE ( 'NONE', *, *, #642, .T. ) ;
#3696 = EDGE_LOOP ( 'NONE', ( #4631, #1085, #243, #1978 ) ) ;
#3697 = PRESENTATION_LAYER_ASSIGNMENT (  '', '', ( #2850 ) ) ;
#3698 = DIRECTION ( 'NONE',  ( -0.000000000000000000, -0.000000000000000000, -1.000000000000000000 ) ) ;
#3699 = SURFACE_SIDE_STYLE ('',( #2210 ) ) ;
#3700 = CARTESIAN_POINT ( 'NONE',  ( 0.000000000000000000, 10.58500000000000085, -5.084999999999999964 ) ) ;
#3701 = DIRECTION ( 'NONE',  ( -0.000000000000000000, -0.000000000000000000, -1.000000000000000000 ) ) ;
#3702 = AXIS2_PLACEMENT_3D ( 'NONE', #3166, #4104, #1313 ) ;
#3703 = DIRECTION ( 'NONE',  ( 0.000000000000000000, -0.000000000000000000, -1.000000000000000000 ) ) ;
#3704 = DIRECTION ( 'NONE',  ( -0.000000000000000000, -0.000000000000000000, -1.000000000000000000 ) ) ;
#3705 = PLANE ( 'NONE',  #4145 ) ;
#3706 = CLOSED_SHELL ( 'NONE', ( #2773, #728, #1846, #2785, #3838, #4137, #3598, #2410, #719, #4075, #944, #837, #3910, #1580 ) ) ;
#3707 = ORIENTED_EDGE ( 'NONE', *, *, #4412, .F. ) ;
#3708 = EDGE_CURVE ( 'NONE', #78, #4213, #824, .T. ) ;
#3709 = ORIENTED_EDGE ( 'NONE', *, *, #1877, .F. ) ;
#3710 = CARTESIAN_POINT ( 'NONE',  ( 3.300000000000004263, 1.799999999999999600, 4.799999999999999822 ) ) ;
#3711 = DIRECTION ( 'NONE',  ( -1.000000000000000000, 0.000000000000000000, 0.000000000000000000 ) ) ;
#3712 = CARTESIAN_POINT ( 'NONE',  ( 3.650000000000000355, 1.074999999999999289, 1.544999999999999485 ) ) ;
#3713 = CARTESIAN_POINT ( 'NONE',  ( 4.650000000000000355, 0.1999999999999956812, 1.544999999999999485 ) ) ;
#3714 = VECTOR ( 'NONE', #2176, 1000.000000000000000 ) ;
#3715 = EDGE_CURVE ( 'NONE', #4139, #1794, #1572, .T. ) ;
#3716 = ORIENTED_EDGE ( 'NONE', *, *, #2181, .F. ) ;
#3717 = FACE_OUTER_BOUND ( 'NONE', #1060, .T. ) ;
#3718 = DIRECTION ( 'NONE',  ( -1.000000000000000000, -0.000000000000000000, -0.000000000000000000 ) ) ;
#3719 = ORIENTED_EDGE ( 'NONE', *, *, #2279, .F. ) ;
#3720 = EDGE_CURVE ( 'NONE', #1389, #4390, #2727, .T. ) ;
#3721 = ORIENTED_EDGE ( 'NONE', *, *, #3173, .F. ) ;
#3722 = ADVANCED_FACE ( 'NONE', ( #2484 ), #4383, .T. ) ;
#3723 = ORIENTED_EDGE ( 'NONE', *, *, #4120, .T. ) ;
#3724 = DIRECTION ( 'NONE',  ( 0.000000000000000000, 0.000000000000000000, 1.000000000000000000 ) ) ;
#3725 = CARTESIAN_POINT ( 'NONE',  ( 1.635863511633139478, 1.616188904196487197, 4.241090078233834326 ) ) ;
#3726 = B_SPLINE_CURVE_WITH_KNOTS ( 'NONE', 3,
 ( #749, #1542, #393, #3763, #1844, #1069, #3737, #705, #38, #3048 ),
 .UNSPECIFIED., .F., .F.,
 ( 4, 2, 2, 2, 4 ),
 ( 0.000000000000000000, 0.0009218096878196937755, 0.001843619375639387551, 0.002765429063459081543, 0.003687238751278775969 ),
 .UNSPECIFIED. ) ;
#3727 = CARTESIAN_POINT ( 'NONE',  ( -4.050000000000000711, 0.2000000000000000111, 1.544999999999999485 ) ) ;
#3728 = CARTESIAN_POINT ( 'NONE',  ( 3.650000000000000355, 1.174999999999999378, -0.9450000000000005063 ) ) ;
#3729 = CARTESIAN_POINT ( 'NONE',  ( 3.300000000000003819, 1.174999999999999378, 1.544999999999999485 ) ) ;
#3730 = CARTESIAN_POINT ( 'NONE',  ( -2.999999999999997335, 1.799999999999999600, 5.099999999999999645 ) ) ;
#3731 = ORIENTED_EDGE ( 'NONE', *, *, #3396, .F. ) ;
#3732 = FACE_OUTER_BOUND ( 'NONE', #227, .T. ) ;
#3733 = DIRECTION ( 'NONE',  ( 0.000000000000000000, -0.000000000000000000, -1.000000000000000000 ) ) ;
#3734 = FACE_OUTER_BOUND ( 'NONE', #3092, .T. ) ;
#3735 = DIRECTION ( 'NONE',  ( 0.000000000000000000, -1.000000000000000000, 0.000000000000000000 ) ) ;
#3736 = ORIENTED_EDGE ( 'NONE', *, *, #4734, .T. ) ;
#3737 = CARTESIAN_POINT ( 'NONE',  ( -0.6060433990599244369, 1.483451009120688946, 3.767396250280360626 ) ) ;
#3738 = EDGE_CURVE ( 'NONE', #2375, #682, #3234, .T. ) ;
#3739 = DIRECTION ( 'NONE',  ( -1.000000000000000000, -1.836970198721029688E-16, 0.000000000000000000 ) ) ;
#3740 = EDGE_LOOP ( 'NONE', ( #4164, #485, #2754, #770 ) ) ;
#3741 = VECTOR ( 'NONE', #4713, 1000.000000000000000 ) ;
#3742 = ORIENTED_EDGE ( 'NONE', *, *, #327, .F. ) ;
#3743 = ORIENTED_EDGE ( 'NONE', *, *, #1061, .T. ) ;
#3744 = ORIENTED_EDGE ( 'NONE', *, *, #64, .T. ) ;
#3745 = AXIS2_PLACEMENT_3D ( 'NONE', #225, #4376, #943 ) ;
#3746 = EDGE_CURVE ( 'NONE', #4213, #3538, #1722, .T. ) ;
#3747 =( NAMED_UNIT ( * ) SI_UNIT ( $, .STERADIAN. ) SOLID_ANGLE_UNIT ( ) );
#3748 = EDGE_CURVE ( 'NONE', #844, #3411, #1698, .T. ) ;
#3749 = CARTESIAN_POINT ( 'NONE',  ( -3.650000000000000355, 1.074999999999999289, 1.544999999999999485 ) ) ;
#3750 = VECTOR ( 'NONE', #2905, 1000.000000000000000 ) ;
#3751 = EDGE_CURVE ( 'NONE', #1920, #3382, #3668, .T. ) ;
#3752 = CARTESIAN_POINT ( 'NONE',  ( -3.650000000000000355, 1.074999999999999289, 3.434999999999999609 ) ) ;
#3753 = LINE ( 'NONE', #4222, #1670 ) ;
#3754 = DIRECTION ( 'NONE',  ( 1.000000000000000000, 6.195440985631514482E-16, -0.000000000000000000 ) ) ;
#3755 = EDGE_LOOP ( 'NONE', ( #4577, #125, #3119, #1001 ) ) ;
#3756 =( GEOMETRIC_REPRESENTATION_CONTEXT ( 3 ) GLOBAL_UNCERTAINTY_ASSIGNED_CONTEXT ( ( #786 ) ) GLOBAL_UNIT_ASSIGNED_CONTEXT ( ( #423, #1851, #3747 ) ) REPRESENTATION_CONTEXT ( 'NONE', 'WORKASPACE' ) );
#3757 = DIRECTION ( 'NONE',  ( -1.119176436114069825E-15, 1.000000000000000000, 0.000000000000000000 ) ) ;
#3758 = CARTESIAN_POINT ( 'NONE',  ( -3.650000000000000355, 1.374999999999999556, -4.035000000000000142 ) ) ;
#3759 = CARTESIAN_POINT ( 'NONE',  ( 3.000000000000003109, 1.799999999999999600, -5.099999999999999645 ) ) ;
#3760 = DIRECTION ( 'NONE',  ( 0.000000000000000000, 0.000000000000000000, 1.000000000000000000 ) ) ;
#3761 = ORIENTED_EDGE ( 'NONE', *, *, #4206, .T. ) ;
#3762 = ORIENTED_EDGE ( 'NONE', *, *, #4466, .F. ) ;
#3763 = CARTESIAN_POINT ( 'NONE',  ( 0.6074847399042809792, 1.483626855372222053, 3.767559483353748462 ) ) ;
#3764 = CARTESIAN_POINT ( 'NONE',  ( -4.650000000000000355, 0.2000000000000000111, -1.545000000000000373 ) ) ;
#3765 = VERTEX_POINT ( 'NONE', #2892 ) ;
#3766 = CIRCLE ( 'NONE', #3280, 0.1000000000000002554 ) ;
#3767 = ORIENTED_EDGE ( 'NONE', *, *, #1061, .F. ) ;
#3768 = ORIENTED_EDGE ( 'NONE', *, *, #2656, .T. ) ;
#3769 = EDGE_CURVE ( 'NONE', #3332, #1308, #2457, .T. ) ;
#3770 = CIRCLE ( 'NONE', #852, 0.1000000000000002554 ) ;
#3771 = CARTESIAN_POINT ( 'NONE',  ( -3.650000000000000355, 1.375000000000000000, -1.545000000000000373 ) ) ;
#3772 = VECTOR ( 'NONE', #3335, 1000.000000000000000 ) ;
#3773 = CARTESIAN_POINT ( 'NONE',  ( -3.300000000000003819, 1.374999999999999556, -3.435000000000000497 ) ) ;
#3774 =( GEOMETRIC_REPRESENTATION_CONTEXT ( 3 ) GLOBAL_UNCERTAINTY_ASSIGNED_CONTEXT ( ( #4051 ) ) GLOBAL_UNIT_ASSIGNED_CONTEXT ( ( #1816, #4084, #1840 ) ) REPRESENTATION_CONTEXT ( 'NONE', 'WORKASPACE' ) );
#3775 = EDGE_CURVE ( 'NONE', #1129, #3436, #2101, .T. ) ;
#3776 = EDGE_CURVE ( 'NONE', #421, #2366, #3973, .T. ) ;
#3777 = DIRECTION ( 'NONE',  ( -1.000000000000000000, 0.000000000000000000, 0.000000000000000000 ) ) ;
#3778 = AXIS2_PLACEMENT_3D ( 'NONE', #2023, #3513, #3123 ) ;
#3779 = CARTESIAN_POINT ( 'NONE',  ( -3.300000000000004263, 1.799999999999999600, 4.799999999999999822 ) ) ;
#3780 = VERTEX_POINT ( 'NONE', #1019 ) ;
#3781 = ORIENTED_EDGE ( 'NONE', *, *, #1267, .F. ) ;
#3782 = VECTOR ( 'NONE', #3568, 1000.000000000000000 ) ;
#3783 = ADVANCED_FACE ( 'NONE', ( #1747 ), #992, .T. ) ;
#3784 = EDGE_CURVE ( 'NONE', #3889, #1103, #2821, .T. ) ;
#3785 = EDGE_CURVE ( 'NONE', #1436, #4507, #2082, .T. ) ;
#3786 = DIRECTION ( 'NONE',  ( 8.673617379884035472E-15, 1.000000000000000000, 0.000000000000000000 ) ) ;
#3787 = CIRCLE ( 'NONE', #181, 0.2999999999999999334 ) ;
#3788 = PRESENTATION_LAYER_ASSIGNMENT (  '', '', ( #3004 ) ) ;
#3789 = DIRECTION ( 'NONE',  ( 0.000000000000000000, 0.000000000000000000, 1.000000000000000000 ) ) ;
#3790 = DIRECTION ( 'NONE',  ( -1.000000000000000000, 0.000000000000000000, 0.000000000000000000 ) ) ;
#3791 = EDGE_LOOP ( 'NONE', ( #1268, #3803, #2550, #3795 ) ) ;
#3792 = VERTEX_POINT ( 'NONE', #587 ) ;
#3793 = FACE_OUTER_BOUND ( 'NONE', #1261, .T. ) ;
#3794 = FACE_OUTER_BOUND ( 'NONE', #3320, .T. ) ;
#3795 = ORIENTED_EDGE ( 'NONE', *, *, #3094, .T. ) ;
#3796 = CIRCLE ( 'NONE', #3632, 0.3000000000000007661 ) ;
#3797 = VERTEX_POINT ( 'NONE', #277 ) ;
#3798 = ORIENTED_EDGE ( 'NONE', *, *, #141, .F. ) ;
#3799 = EDGE_LOOP ( 'NONE', ( #26, #3435, #753, #1251 ) ) ;
#3800 = VECTOR ( 'NONE', #2010, 1000.000000000000000 ) ;
#3801 = CARTESIAN_POINT ( 'NONE',  ( -4.050000000000000711, 0.2000000000000000111, 4.034999999999999254 ) ) ;
#3802 = LINE ( 'NONE', #4144, #1067 ) ;
#3803 = ORIENTED_EDGE ( 'NONE', *, *, #3746, .F. ) ;
#3804 = EDGE_CURVE ( 'NONE', #3091, #3765, #2910, .T. ) ;
#3805 = DIRECTION ( 'NONE',  ( 0.000000000000000000, 0.000000000000000000, 1.000000000000000000 ) ) ;
#3806 = CARTESIAN_POINT ( 'NONE',  ( -3.750000000000000888, 0.3000000000000001554, 4.034999999999999254 ) ) ;
#3807 = ORIENTED_EDGE ( 'NONE', *, *, #846, .T. ) ;
#3808 = DIRECTION ( 'NONE',  ( 1.000000000000000000, 0.000000000000000000, -0.000000000000000000 ) ) ;
#3809 = CARTESIAN_POINT ( 'NONE',  ( 3.300000000000003819, 1.174999999999999378, 4.034999999999999254 ) ) ;
#3810 = LINE ( 'NONE', #75, #3604 ) ;
#3811 = EDGE_CURVE ( 'NONE', #2367, #3546, #3614, .T. ) ;
#3812 = DIRECTION ( 'NONE',  ( 0.000000000000000000, -0.000000000000000000, 1.000000000000000000 ) ) ;
#3813 = VERTEX_POINT ( 'NONE', #971 ) ;
#3814 = VERTEX_POINT ( 'NONE', #4039 ) ;
#3815 = CARTESIAN_POINT ( 'NONE',  ( -3.650000000000000355, 1.074999999999999289, -1.545000000000000373 ) ) ;
#3816 = DIRECTION ( 'NONE',  ( -1.000000000000000000, 1.445602896647339163E-16, 0.000000000000000000 ) ) ;
#3817 = CYLINDRICAL_SURFACE ( 'NONE', #3464, 0.3000000000000003775 ) ;
#3818 = EDGE_CURVE ( 'NONE', #3168, #2811, #655, .T. ) ;
#3819 = CARTESIAN_POINT ( 'NONE',  ( -4.650000000000000355, 0.000000000000000000, -3.435000000000000497 ) ) ;
#3820 = ORIENTED_EDGE ( 'NONE', *, *, #4108, .T. ) ;
#3821 = ORIENTED_EDGE ( 'NONE', *, *, #202, .F. ) ;
#3822 = ORIENTED_EDGE ( 'NONE', *, *, #3333, .T. ) ;
#3823 = VECTOR ( 'NONE', #4265, 1000.000000000000000 ) ;
#3824 = DIRECTION ( 'NONE',  ( 0.000000000000000000, 0.000000000000000000, 1.000000000000000000 ) ) ;
#3825 = CYLINDRICAL_SURFACE ( 'NONE', #451, 0.3000000000000007661 ) ;
#3826 = VECTOR ( 'NONE', #4749, 1000.000000000000000 ) ;
#3827 = CARTESIAN_POINT ( 'NONE',  ( 3.950000000000001066, 1.074999999999999289, -1.545000000000000373 ) ) ;
#3828 = VECTOR ( 'NONE', #693, 1000.000000000000000 ) ;
#3829 = CARTESIAN_POINT ( 'NONE',  ( 0.000000000000000000, 10.58500000000000085, 5.099999999999999645 ) ) ;
#3830 = VERTEX_POINT ( 'NONE', #1314 ) ;
#3831 = DIRECTION ( 'NONE',  ( -0.000000000000000000, -0.000000000000000000, -1.000000000000000000 ) ) ;
#3832 = LINE ( 'NONE', #4575, #4102 ) ;
#3833 = FACE_OUTER_BOUND ( 'NONE', #1616, .T. ) ;
#3834 = ORIENTED_EDGE ( 'NONE', *, *, #2562, .T. ) ;
#3835 = ORIENTED_EDGE ( 'NONE', *, *, #607, .F. ) ;
#3836 = EDGE_CURVE ( 'NONE', #3168, #804, #3167, .T. ) ;
#3837 = DIRECTION ( 'NONE',  ( -1.000000000000000000, 1.836970198721023771E-16, 0.000000000000000000 ) ) ;
#3838 = ADVANCED_FACE ( 'NONE', ( #4682 ), #1339, .F. ) ;
#3839 = CARTESIAN_POINT ( 'NONE',  ( 4.649999999999998579, -4.336808689942017736E-15, 4.034999999999999254 ) ) ;
#3840 = DIRECTION ( 'NONE',  ( -0.000000000000000000, -0.000000000000000000, -1.000000000000000000 ) ) ;
#3841 = CARTESIAN_POINT ( 'NONE',  ( 4.050000000000000711, 0.2999999999999957145, -0.9450000000000005063 ) ) ;
#3842 = VECTOR ( 'NONE', #579, 1000.000000000000000 ) ;
#3843 = VERTEX_POINT ( 'NONE', #4365 ) ;
#3844 = VERTEX_POINT ( 'NONE', #608 ) ;
#3845 = DIRECTION ( 'NONE',  ( -1.000000000000000000, -1.836970198721029688E-16, 0.000000000000000000 ) ) ;
#3846 = EDGE_CURVE ( 'NONE', #2864, #4139, #1138, .T. ) ;
#3847 = VECTOR ( 'NONE', #2292, 1000.000000000000000 ) ;
#3848 = CARTESIAN_POINT ( 'NONE',  ( -2.200000000000004619, 10.50000000000000000, -4.299999999999998934 ) ) ;
#3849 = DIRECTION ( 'NONE',  ( 0.000000000000000000, 0.000000000000000000, 1.000000000000000000 ) ) ;
#3850 = AXIS2_PLACEMENT_3D ( 'NONE', #1588, #4595, #3070 ) ;
#3851 = VECTOR ( 'NONE', #3698, 1000.000000000000000 ) ;
#3852 = DIRECTION ( 'NONE',  ( -1.000000000000000000, 0.000000000000000000, 0.000000000000000000 ) ) ;
#3853 = DIRECTION ( 'NONE',  ( -0.000000000000000000, -1.000000000000000000, -0.000000000000000000 ) ) ;
#3854 = VERTEX_POINT ( 'NONE', #1819 ) ;
#3855 = AXIS2_PLACEMENT_3D ( 'NONE', #3848, #2437, #3925 ) ;
#3856 = AXIS2_PLACEMENT_3D ( 'NONE', #2190, #3678, #2945 ) ;
#3857 = CARTESIAN_POINT ( 'NONE',  ( 3.300000000000003819, 1.374999999999999556, 1.544999999999999485 ) ) ;
#3858 = FACE_OUTER_BOUND ( 'NONE', #620, .T. ) ;
#3859 = AXIS2_PLACEMENT_3D ( 'NONE', #1219, #3460, #1194 ) ;
#3860 = DIRECTION ( 'NONE',  ( 1.000000000000000000, 0.000000000000000000, 0.000000000000000000 ) ) ;
#3861 = VECTOR ( 'NONE', #1195, 1000.000000000000000 ) ;
#3862 = FACE_OUTER_BOUND ( 'NONE', #2984, .T. ) ;
#3863 = ORIENTED_EDGE ( 'NONE', *, *, #4355, .T. ) ;
#3864 = ORIENTED_EDGE ( 'NONE', *, *, #1820, .T. ) ;
#3865 = AXIS2_PLACEMENT_3D ( 'NONE', #1018, #1113, #3376 ) ;
#3866 = CARTESIAN_POINT ( 'NONE',  ( -1.800000000000004263, 1.649999999999999689, -4.040038259191985226 ) ) ;
#3867 = CIRCLE ( 'NONE', #1262, 0.1000000000000002554 ) ;
#3868 = CARTESIAN_POINT ( 'NONE',  ( 4.050000000000000711, 0.2999999999999957145, -0.9450000000000005063 ) ) ;
#3869 = CARTESIAN_POINT ( 'NONE',  ( 0.01500000000000112355, 1.799999999999999600, 5.099999999999999645 ) ) ;
#3870 = ADVANCED_FACE ( 'NONE', ( #746 ), #2270, .T. ) ;
#3871 = CYLINDRICAL_SURFACE ( 'NONE', #3666, 0.09999999999999939493 ) ;
#3872 = COLOUR_RGB ( '',1.000000000000000000, 1.000000000000000000, 1.000000000000000000 ) ;
#3873 = ORIENTED_EDGE ( 'NONE', *, *, #1254, .T. ) ;
#3874 = ORIENTED_EDGE ( 'NONE', *, *, #1426, .F. ) ;
#3875 = DIRECTION ( 'NONE',  ( -0.000000000000000000, -0.000000000000000000, -1.000000000000000000 ) ) ;
#3876 = LINE ( 'NONE', #3521, #4247 ) ;
#3877 = EDGE_CURVE ( 'NONE', #1293, #179, #1418, .T. ) ;
#3878 = ADVANCED_FACE ( 'NONE', ( #4131 ), #4088, .F. ) ;
#3879 = EDGE_CURVE ( 'NONE', #4213, #1252, #1488, .T. ) ;
#3880 = VECTOR ( 'NONE', #3236, 1000.000000000000000 ) ;
#3881 = CARTESIAN_POINT ( 'NONE',  ( -4.650000000000000355, 0.2000000000000000111, -3.435000000000000497 ) ) ;
#3882 = LINE ( 'NONE', #501, #3800 ) ;
#3883 = DIRECTION ( 'NONE',  ( -0.000000000000000000, -0.000000000000000000, -1.000000000000000000 ) ) ;
#3884 = ORIENTED_EDGE ( 'NONE', *, *, #239, .T. ) ;
#3885 = LINE ( 'NONE', #151, #3529 ) ;
#3886 = DIRECTION ( 'NONE',  ( -1.000000000000000000, 6.195440985631514482E-16, 0.000000000000000000 ) ) ;
#3887 = FACE_OUTER_BOUND ( 'NONE', #879, .T. ) ;
#3888 = CARTESIAN_POINT ( 'NONE',  ( -3.750000000000000888, 1.074999999999999289, -3.435000000000000497 ) ) ;
#3889 = VERTEX_POINT ( 'NONE', #3324 ) ;
#3890 = ORIENTED_EDGE ( 'NONE', *, *, #3000, .T. ) ;
#3891 = FACE_OUTER_BOUND ( 'NONE', #3140, .T. ) ;
#3892 = DIRECTION ( 'NONE',  ( -6.195440985631514482E-16, 1.000000000000000000, 0.000000000000000000 ) ) ;
#3893 = VERTEX_POINT ( 'NONE', #1513 ) ;
#3894 = DIRECTION ( 'NONE',  ( 1.000000000000000000, 0.000000000000000000, 0.000000000000000000 ) ) ;
#3895 = FACE_OUTER_BOUND ( 'NONE', #807, .T. ) ;
#3896 = ORIENTED_EDGE ( 'NONE', *, *, #706, .T. ) ;
#3897 = ORIENTED_EDGE ( 'NONE', *, *, #2047, .T. ) ;
#3898 = FACE_OUTER_BOUND ( 'NONE', #4151, .T. ) ;
#3899 = EDGE_CURVE ( 'NONE', #149, #4021, #2200, .T. ) ;
#3900 = DIRECTION ( 'NONE',  ( -1.000000000000000000, -0.000000000000000000, -0.000000000000000000 ) ) ;
#3901 = SURFACE_STYLE_USAGE ( .BOTH. , #956 ) ;
#3902 = EDGE_CURVE ( 'NONE', #2258, #12, #702, .T. ) ;
#3903 = B_SPLINE_CURVE_WITH_KNOTS ( 'NONE', 3,
 ( #510, #2022, #2749, #4232, #3866, #133 ),
 .UNSPECIFIED., .F., .F.,
 ( 4, 2, 4 ),
 ( 0.000000000000000000, 0.0002900693916452222248, 0.0005801387832904444496 ),
 .UNSPECIFIED. ) ;
#3904 = LINE ( 'NONE', #2807, #4789 ) ;
#3905 = DIRECTION ( 'NONE',  ( -0.000000000000000000, -0.000000000000000000, -1.000000000000000000 ) ) ;
#3906 = CARTESIAN_POINT ( 'NONE',  ( 0.6182249983286135508, 1.799999999999999600, -4.500000000000000000 ) ) ;
#3907 = VECTOR ( 'NONE', #4690, 1000.000000000000000 ) ;
#3908 = EDGE_LOOP ( 'NONE', ( #1599, #4287 ) ) ;
#3909 = LINE ( 'NONE', #104, #2981 ) ;
#3910 = ADVANCED_FACE ( 'NONE', ( #1114 ), #389, .T. ) ;
#3911 = VECTOR ( 'NONE', #723, 999.9999999999998863 ) ;
#3912 = CARTESIAN_POINT ( 'NONE',  ( 3.300000000000003819, 1.374999999999999556, 0.9449999999999996181 ) ) ;
#3913 = CARTESIAN_POINT ( 'NONE',  ( -2.200000000000004619, 10.50000000000000000, -4.299999999999998934 ) ) ;
#3914 = EDGE_LOOP ( 'NONE', ( #4360, #2030, #3067, #2781 ) ) ;
#3915 = ORIENTED_EDGE ( 'NONE', *, *, #1454, .F. ) ;
#3916 = VECTOR ( 'NONE', #315, 1000.000000000000000 ) ;
#3917 = CARTESIAN_POINT ( 'NONE',  ( 3.750000000000000888, 1.074999999999999289, -4.035000000000000142 ) ) ;
#3918 =( GEOMETRIC_REPRESENTATION_CONTEXT ( 3 ) GLOBAL_UNCERTAINTY_ASSIGNED_CONTEXT ( ( #222 ) ) GLOBAL_UNIT_ASSIGNED_CONTEXT ( ( #1125, #2066, #4688 ) ) REPRESENTATION_CONTEXT ( 'NONE', 'WORKASPACE' ) );
#3919 = DIRECTION ( 'NONE',  ( 1.000000000000000000, 0.000000000000000000, 0.000000000000000000 ) ) ;
#3920 = FACE_OUTER_BOUND ( 'NONE', #3257, .T. ) ;
#3921 = DIRECTION ( 'NONE',  ( -1.000000000000000000, 0.000000000000000000, 0.000000000000000000 ) ) ;
#3922 = VERTEX_POINT ( 'NONE', #3002 ) ;
#3923 = ORIENTED_EDGE ( 'NONE', *, *, #1826, .T. ) ;
#3924 = FACE_OUTER_BOUND ( 'NONE', #4572, .T. ) ;
#3925 = DIRECTION ( 'NONE',  ( 0.000000000000000000, -0.000000000000000000, 1.000000000000000000 ) ) ;
#3926 = VECTOR ( 'NONE', #4060, 1000.000000000000000 ) ;
#3927 = VECTOR ( 'NONE', #4154, 1000.000000000000000 ) ;
#3928 = CARTESIAN_POINT ( 'NONE',  ( -3.650000000000000355, 1.074999999999999289, 4.034999999999999254 ) ) ;
#3929 = LINE ( 'NONE', #1987, #1909 ) ;
#3930 = EDGE_CURVE ( 'NONE', #2816, #399, #4693, .T. ) ;
#3931 = CARTESIAN_POINT ( 'NONE',  ( -3.300000000000003819, 1.374999999999999556, 1.544999999999999485 ) ) ;
#3932 = AXIS2_PLACEMENT_3D ( 'NONE', #182, #4580, #3837 ) ;
#3933 = ORIENTED_EDGE ( 'NONE', *, *, #733, .T. ) ;
#3934 = ADVANCED_FACE ( 'NONE', ( #3377 ), #2645, .F. ) ;
#3935 = CARTESIAN_POINT ( 'NONE',  ( 3.650000000000000355, 1.074999999999999289, -4.035000000000000142 ) ) ;
#3936 = DIRECTION ( 'NONE',  ( -0.000000000000000000, -0.000000000000000000, -1.000000000000000000 ) ) ;
#3937 = EDGE_CURVE ( 'NONE', #2865, #3951, #3035, .T. ) ;
#3938 = CARTESIAN_POINT ( 'NONE',  ( 3.300000000000003819, 1.374999999999999556, -4.035000000000000142 ) ) ;
#3939 = AXIS2_PLACEMENT_3D ( 'NONE', #2238, #4814, #3703 ) ;
#3940 = EDGE_CURVE ( 'NONE', #1610, #399, #1441, .T. ) ;
#3941 = ORIENTED_EDGE ( 'NONE', *, *, #3118, .T. ) ;
#3942 = VECTOR ( 'NONE', #1439, 1000.000000000000000 ) ;
#3943 = ORIENTED_EDGE ( 'NONE', *, *, #2528, .T. ) ;
#3944 = VERTEX_POINT ( 'NONE', #1066 ) ;
#3945 = CARTESIAN_POINT ( 'NONE',  ( -4.050000000000000711, 0.3000000000000000444, 0.9449999999999996181 ) ) ;
#3946 = CARTESIAN_POINT ( 'NONE',  ( 4.649999999999998579, -4.336808689942017736E-15, -1.545000000000000373 ) ) ;
#3947 = CARTESIAN_POINT ( 'NONE',  ( -3.000000000000004441, 10.59999999999999964, 5.099999999999999645 ) ) ;
#3948 = DIRECTION ( 'NONE',  ( -0.000000000000000000, -0.000000000000000000, -1.000000000000000000 ) ) ;
#3949 = ORIENTED_EDGE ( 'NONE', *, *, #1611, .T. ) ;
#3950 = AXIS2_PLACEMENT_3D ( 'NONE', #1361, #606, #2125 ) ;
#3951 = VERTEX_POINT ( 'NONE', #4155 ) ;
#3952 = VECTOR ( 'NONE', #3432, 1000.000000000000000 ) ;
#3953 = DIRECTION ( 'NONE',  ( -1.000000000000000000, 0.000000000000000000, 0.000000000000000000 ) ) ;
#3954 = LINE ( 'NONE', #280, #4641 ) ;
#3955 = DIRECTION ( 'NONE',  ( -0.000000000000000000, -0.000000000000000000, -1.000000000000000000 ) ) ;
#3956 = CIRCLE ( 'NONE', #1822, 0.3500000000000004774 ) ;
#3957 = EDGE_LOOP ( 'NONE', ( #1266, #3024, #2939, #4040 ) ) ;
#3958 = FILL_AREA_STYLE ('',( #4350 ) ) ;
#3959 = DIRECTION ( 'NONE',  ( 0.000000000000000000, 0.000000000000000000, 1.000000000000000000 ) ) ;
#3960 = AXIS2_PLACEMENT_3D ( 'NONE', #2789, #3130, #3497 ) ;
#3961 = DIRECTION ( 'NONE',  ( -1.000000000000000000, 0.000000000000000000, 0.000000000000000000 ) ) ;
#3962 = ORIENTED_EDGE ( 'NONE', *, *, #785, .F. ) ;
#3963 = ORIENTED_EDGE ( 'NONE', *, *, #2654, .T. ) ;
#3964 = EDGE_CURVE ( 'NONE', #114, #1103, #768, .T. ) ;
#3965 = LINE ( 'NONE', #4305, #3842 ) ;
#3966 = DIRECTION ( 'NONE',  ( -1.000000000000000000, 0.000000000000000000, 0.000000000000000000 ) ) ;
#3967 = EDGE_LOOP ( 'NONE', ( #2124, #1173, #4106, #988 ) ) ;
#3968 = ORIENTED_EDGE ( 'NONE', *, *, #3043, .T. ) ;
#3969 = DIRECTION ( 'NONE',  ( -1.000000000000000000, 0.000000000000000000, 0.000000000000000000 ) ) ;
#3970 = EDGE_CURVE ( 'NONE', #4190, #4844, #3663, .T. ) ;
#3971 = CARTESIAN_POINT ( 'NONE',  ( -3.950000000000001066, 1.074999999999999289, -0.9450000000000005063 ) ) ;
#3972 = LINE ( 'NONE', #2848, #4655 ) ;
#3973 = LINE ( 'NONE', #3990, #2740 ) ;
#3974 = EDGE_LOOP ( 'NONE', ( #165, #4850, #3564, #1636 ) ) ;
#3975 = CARTESIAN_POINT ( 'NONE',  ( 3.650000000000000355, 1.374999999999999556, 4.034999999999999254 ) ) ;
#3976 = CARTESIAN_POINT ( 'NONE',  ( 3.750000000000000888, 1.074999999999999289, -3.435000000000000497 ) ) ;
#3977 = FACE_OUTER_BOUND ( 'NONE', #282, .T. ) ;
#3978 =( LENGTH_UNIT ( ) NAMED_UNIT ( * ) SI_UNIT ( .MILLI., .METRE. ) );
#3979 = LINE ( 'NONE', #4024, #4253 ) ;
#3980 = CARTESIAN_POINT ( 'NONE',  ( 0.6955031231230557331, 1.488422826504226526, 3.770759095408944273 ) ) ;
#3981 = CARTESIAN_POINT ( 'NONE',  ( 4.649999999999998579, -4.336808689942017736E-15, -0.9450000000000005063 ) ) ;
#3982 = ORIENTED_EDGE ( 'NONE', *, *, #1331, .T. ) ;
#3983 = CARTESIAN_POINT ( 'NONE',  ( -1.210688251550442462, 1.544790760356907988, -3.822215868842524511 ) ) ;
#3984 = CARTESIAN_POINT ( 'NONE',  ( 3.650000000000000355, 1.074999999999999289, 1.544999999999999485 ) ) ;
#3985 = ORIENTED_EDGE ( 'NONE', *, *, #2163, .T. ) ;
#3986 = ORIENTED_EDGE ( 'NONE', *, *, #888, .F. ) ;
#3987 = VECTOR ( 'NONE', #4703, 1000.000000000000000 ) ;
#3988 = CARTESIAN_POINT ( 'NONE',  ( 4.050000000000000711, 0.2999999999999957145, 4.034999999999999254 ) ) ;
#3989 = PLANE ( 'NONE',  #2300 ) ;
#3990 = CARTESIAN_POINT ( 'NONE',  ( -3.750000000000000888, 1.074999999999999289, 1.544999999999999485 ) ) ;
#3991 = CIRCLE ( 'NONE', #3120, 0.2999999999999999334 ) ;
#3992 = EDGE_CURVE ( 'NONE', #179, #4353, #1793, .T. ) ;
#3993 = ORIENTED_EDGE ( 'NONE', *, *, #4319, .T. ) ;
#3994 = LINE ( 'NONE', #1749, #4472 ) ;
#3995 = DIRECTION ( 'NONE',  ( -0.000000000000000000, -0.000000000000000000, -1.000000000000000000 ) ) ;
#3996 = CARTESIAN_POINT ( 'NONE',  ( -2.200000000000004619, 10.59999999999999964, -3.949999999999998845 ) ) ;
#3997 = EDGE_CURVE ( 'NONE', #4354, #2258, #1465, .T. ) ;
#3998 = FILL_AREA_STYLE_COLOUR ( '', #665 ) ;
#3999 = CARTESIAN_POINT ( 'NONE',  ( -3.300000000000003819, 1.174999999999999378, 1.544999999999999485 ) ) ;
#4000 = CARTESIAN_POINT ( 'NONE',  ( -1.942772221177896386, 1.679691519039885117, -4.279357045165125939 ) ) ;
#4001 = VECTOR ( 'NONE', #941, 1000.000000000000000 ) ;
#4002 = EDGE_LOOP ( 'NONE', ( #836, #4119, #4751, #3581 ) ) ;
#4003 = VECTOR ( 'NONE', #2798, 1000.000000000000000 ) ;
#4004 = VECTOR ( 'NONE', #3158, 1000.000000000000000 ) ;
#4005 = DIRECTION ( 'NONE',  ( 0.7071067811865067165, 0.000000000000000000, -0.7071067811865884289 ) ) ;
#4006 = DIRECTION ( 'NONE',  ( 0.000000000000000000, 0.000000000000000000, 1.000000000000000000 ) ) ;
#4007 = ORIENTED_EDGE ( 'NONE', *, *, #2596, .T. ) ;
#4008 = ORIENTED_EDGE ( 'NONE', *, *, #3738, .F. ) ;
#4009 = AXIS2_PLACEMENT_3D ( 'NONE', #3190, #2359, #1980 ) ;
#4010 = FACE_OUTER_BOUND ( 'NONE', #3514, .T. ) ;
#4011 = FILL_AREA_STYLE_COLOUR ( '', #2134 ) ;
#4012 = CARTESIAN_POINT ( 'NONE',  ( -4.050000000000000711, 0.2000000000000000111, 0.9449999999999996181 ) ) ;
#4013 = CARTESIAN_POINT ( 'NONE',  ( -4.050000000000000711, 1.084202172485504434E-16, -3.435000000000000497 ) ) ;
#4014 = COLOUR_RGB ( '',0.7921568627450980005, 0.8196078431372548767, 0.9333333333333333481 ) ;
#4015 = EDGE_LOOP ( 'NONE', ( #1481, #1921, #365, #1137 ) ) ;
#4016 = CARTESIAN_POINT ( 'NONE',  ( 3.300000000000004263, 0.7499999999999993339, 4.799999999999999822 ) ) ;
#4017 = VECTOR ( 'NONE', #3078, 1000.000000000000000 ) ;
#4018 = EDGE_CURVE ( 'NONE', #682, #2091, #2578, .T. ) ;
#4019 = CARTESIAN_POINT ( 'NONE',  ( 3.650000000000000355, 1.074999999999999289, -0.9450000000000005063 ) ) ;
#4020 = LINE ( 'NONE', #2463, #3304 ) ;
#4021 = VERTEX_POINT ( 'NONE', #1537 ) ;
#4022 = AXIS2_PLACEMENT_3D ( 'NONE', #4603, #1835, #2456 ) ;
#4023 = EDGE_CURVE ( 'NONE', #2230, #1574, #4598, .T. ) ;
#4024 = CARTESIAN_POINT ( 'NONE',  ( -4.050000000000000711, 0.2000000000000000111, -0.9450000000000005063 ) ) ;
#4025 = EDGE_CURVE ( 'NONE', #2906, #2315, #414, .T. ) ;
#4026 = CARTESIAN_POINT ( 'NONE',  ( -1.942772221177896608, 1.679691519039884673, 4.279357045165125939 ) ) ;
#4027 = CARTESIAN_POINT ( 'NONE',  ( 3.300000000000003819, 1.374999999999999556, -0.9450000000000005063 ) ) ;
#4028 = ORIENTED_EDGE ( 'NONE', *, *, #792, .F. ) ;
#4029 = CLOSED_SHELL ( 'NONE', ( #2868, #2494, #4687, #2826, #4415, #210, #2192, #183, #4436, #297, #2589, #528, #2232, #4234, #176, #94, #3082, #758, #1828 ) ) ;
#4030 = EDGE_CURVE ( 'NONE', #244, #2390, #432, .T. ) ;
#4031 = DIRECTION ( 'NONE',  ( -1.000000000000000000, 0.000000000000000000, 0.000000000000000000 ) ) ;
#4032 = DIRECTION ( 'NONE',  ( 1.119176436114063908E-15, -1.000000000000000000, 0.000000000000000000 ) ) ;
#4033 = VERTEX_POINT ( 'NONE', #4182 ) ;
#4034 = ORIENTED_EDGE ( 'NONE', *, *, #1884, .T. ) ;
#4035 = VECTOR ( 'NONE', #2156, 1000.000000000000000 ) ;
#4036 = CARTESIAN_POINT ( 'NONE',  ( 3.950000000000001066, 1.074999999999999289, -0.9450000000000005063 ) ) ;
#4037 = SURFACE_STYLE_USAGE ( .BOTH. , #1017 ) ;
#4038 = LINE ( 'NONE', #3351, #3151 ) ;
#4039 = CARTESIAN_POINT ( 'NONE',  ( 3.000000000000003553, 1.799999999999999600, -4.799999999999999822 ) ) ;
#4040 = ORIENTED_EDGE ( 'NONE', *, *, #64, .F. ) ;
#4041 = CARTESIAN_POINT ( 'NONE',  ( 3.950000000000001066, 1.074999999999999289, -3.435000000000000497 ) ) ;
#4042 = CARTESIAN_POINT ( 'NONE',  ( -3.650000000000000355, 1.074999999999999289, -4.035000000000000142 ) ) ;
#4043 = CARTESIAN_POINT ( 'NONE',  ( 1.792711216472456792, 1.646652921616696963, 4.255242162562871577 ) ) ;
#4044 = ORIENTED_EDGE ( 'NONE', *, *, #3396, .T. ) ;
#4045 = CARTESIAN_POINT ( 'NONE',  ( 3.300000000000004263, 1.799999999999999600, -4.799999999999999822 ) ) ;
#4046 = DIRECTION ( 'NONE',  ( -0.000000000000000000, 1.000000000000000000, -0.000000000000000000 ) ) ;
#4047 = CARTESIAN_POINT ( 'NONE',  ( -0.3071459107820512235, 1.799999999999999600, 4.500000000000000000 ) ) ;
#4048 = CARTESIAN_POINT ( 'NONE',  ( 1.888793986917639556, 1.667081089189811349, -3.960783638612792590 ) ) ;
#4049 = ADVANCED_FACE ( 'NONE', ( #2770 ), #2721, .F. ) ;
#4050 = EDGE_CURVE ( 'NONE', #3075, #769, #130, .T. ) ;
#4051 = UNCERTAINTY_MEASURE_WITH_UNIT (LENGTH_MEASURE( 1.000000000000000082E-05 ), #1816, 'distance_accuracy_value', 'NONE');
#4052 = CARTESIAN_POINT ( 'NONE',  ( 3.300000000000003819, 1.374999999999999556, -1.545000000000000373 ) ) ;
#4053 = CARTESIAN_POINT ( 'NONE',  ( -3.750000000000000888, 0.3000000000000001554, -3.435000000000000497 ) ) ;
#4054 = PLANE ( 'NONE',  #2747 ) ;
#4055 = ORIENTED_EDGE ( 'NONE', *, *, #284, .F. ) ;
#4056 = VERTEX_POINT ( 'NONE', #1592 ) ;
#4057 = EDGE_CURVE ( 'NONE', #1587, #1713, #3400, .T. ) ;
#4058 = FACE_OUTER_BOUND ( 'NONE', #4191, .T. ) ;
#4059 = DIRECTION ( 'NONE',  ( -1.119176436114063908E-15, 1.000000000000000000, 0.000000000000000000 ) ) ;
#4060 = DIRECTION ( 'NONE',  ( 1.000000000000000000, -1.445602896647339163E-16, 0.000000000000000000 ) ) ;
#4061 = DIRECTION ( 'NONE',  ( -1.000000000000000000, 0.000000000000000000, 0.000000000000000000 ) ) ;
#4062 = VERTEX_POINT ( 'NONE', #868 ) ;
#4063 = VECTOR ( 'NONE', #4544, 1000.000000000000000 ) ;
#4064 = DIRECTION ( 'NONE',  ( -0.000000000000000000, -0.000000000000000000, -1.000000000000000000 ) ) ;
#4065 = CIRCLE ( 'NONE', #1782, 0.1000000000000002554 ) ;
#4066 = LINE ( 'NONE', #328, #3289 ) ;
#4067 = ORIENTED_EDGE ( 'NONE', *, *, #4273, .F. ) ;
#4068 = VERTEX_POINT ( 'NONE', #4576 ) ;
#4069 = DIRECTION ( 'NONE',  ( -1.000000000000000000, -0.000000000000000000, -0.000000000000000000 ) ) ;
#4070 = EDGE_CURVE ( 'NONE', #2504, #1335, #817, .T. ) ;
#4071 = VERTEX_POINT ( 'NONE', #4258 ) ;
#4072 = LINE ( 'NONE', #354, #3413 ) ;
#4073 = DIRECTION ( 'NONE',  ( 1.000000000000000000, -6.195440985631514482E-16, 0.000000000000000000 ) ) ;
#4074 = CARTESIAN_POINT ( 'NONE',  ( 1.210481687165405162, 1.548264029645851636, -3.826207027163871732 ) ) ;
#4075 = ADVANCED_FACE ( 'NONE', ( #3833 ), #3426, .F. ) ;
#4076 = CARTESIAN_POINT ( 'NONE',  ( -3.650000000000000355, 1.174999999999999156, -3.435000000000000497 ) ) ;
#4077 = FACE_OUTER_BOUND ( 'NONE', #397, .T. ) ;
#4078 = FACE_OUTER_BOUND ( 'NONE', #865, .T. ) ;
#4079 = VECTOR ( 'NONE', #2670, 1000.000000000000000 ) ;
#4080 = VERTEX_POINT ( 'NONE', #4229 ) ;
#4081 = VERTEX_POINT ( 'NONE', #1212 ) ;
#4082 = PLANE ( 'NONE',  #2365 ) ;
#4083 = VECTOR ( 'NONE', #51, 1000.000000000000000 ) ;
#4084 =( NAMED_UNIT ( * ) PLANE_ANGLE_UNIT ( ) SI_UNIT ( $, .RADIAN. ) );
#4085 = FACE_OUTER_BOUND ( 'NONE', #1120, .T. ) ;
#4086 = EDGE_CURVE ( 'NONE', #1890, #4448, #2019, .T. ) ;
#4087 = EDGE_CURVE ( 'NONE', #873, #4156, #3044, .T. ) ;
#4088 = PLANE ( 'NONE',  #2028 ) ;
#4089 = VECTOR ( 'NONE', #4059, 1000.000000000000000 ) ;
#4090 = ORIENTED_EDGE ( 'NONE', *, *, #3052, .F. ) ;
#4091 = DIRECTION ( 'NONE',  ( 0.000000000000000000, 0.000000000000000000, 1.000000000000000000 ) ) ;
#4092 = DIRECTION ( 'NONE',  ( 0.000000000000000000, 0.000000000000000000, 1.000000000000000000 ) ) ;
#4093 = ORIENTED_EDGE ( 'NONE', *, *, #883, .T. ) ;
#4094 = VECTOR ( 'NONE', #808, 1000.000000000000000 ) ;
#4095 = EDGE_LOOP ( 'NONE', ( #1829, #1943 ) ) ;
#4096 = MECHANICAL_DESIGN_GEOMETRIC_PRESENTATION_REPRESENTATION (  '', ( #3368 ), #2378 ) ;
#4097 = CIRCLE ( 'NONE', #2835, 0.3000000000000007661 ) ;
#4098 =( LENGTH_UNIT ( ) NAMED_UNIT ( * ) SI_UNIT ( .MILLI., .METRE. ) );
#4099 = CARTESIAN_POINT ( 'NONE',  ( 1.530488679902578530, 1.799999999999999378, 4.500000000000000000 ) ) ;
#4100 = DIRECTION ( 'NONE',  ( -0.000000000000000000, 1.000000000000000000, -0.000000000000000000 ) ) ;
#4101 = ORIENTED_EDGE ( 'NONE', *, *, #4086, .F. ) ;
#4102 = VECTOR ( 'NONE', #3399, 1000.000000000000000 ) ;
#4103 = LINE ( 'NONE', #1380, #3288 ) ;
#4104 = DIRECTION ( 'NONE',  ( 1.000000000000000000, 0.000000000000000000, 0.000000000000000000 ) ) ;
#4105 = CARTESIAN_POINT ( 'NONE',  ( -3.650000000000000355, 1.174999999999999156, 1.544999999999999485 ) ) ;
#4106 = ORIENTED_EDGE ( 'NONE', *, *, #4807, .F. ) ;
#4107 = ORIENTED_EDGE ( 'NONE', *, *, #2684, .T. ) ;
#4108 = EDGE_CURVE ( 'NONE', #873, #156, #53, .T. ) ;
#4109 = FACE_OUTER_BOUND ( 'NONE', #1026, .T. ) ;
#4110 = DIRECTION ( 'NONE',  ( -0.000000000000000000, -0.000000000000000000, -1.000000000000000000 ) ) ;
#4111 = CARTESIAN_POINT ( 'NONE',  ( -3.300000000000003819, 1.374999999999999556, -3.435000000000000497 ) ) ;
#4112 = DIRECTION ( 'NONE',  ( 1.000000000000000000, 0.000000000000000000, -0.000000000000000000 ) ) ;
#4113 = ORIENTED_EDGE ( 'NONE', *, *, #3000, .F. ) ;
#4114 = CARTESIAN_POINT ( 'NONE',  ( 3.000000000000003109, 1.799999999999999600, 5.099999999999999645 ) ) ;
#4115 = ADVANCED_FACE ( 'NONE', ( #3862 ), #3116, .F. ) ;
#4116 = CYLINDRICAL_SURFACE ( 'NONE', #4252, 0.1000000000000002554 ) ;
#4117 = ORIENTED_EDGE ( 'NONE', *, *, #4622, .F. ) ;
#4118 = ORIENTED_EDGE ( 'NONE', *, *, #1813, .T. ) ;
#4119 = ORIENTED_EDGE ( 'NONE', *, *, #1033, .F. ) ;
#4120 = EDGE_CURVE ( 'NONE', #349, #3316, #1265, .T. ) ;
#4121 = CARTESIAN_POINT ( 'NONE',  ( 4.049999999999998934, -4.226590478018756734E-15, 4.034999999999999254 ) ) ;
#4122 = DIRECTION ( 'NONE',  ( 1.000000000000000000, 0.000000000000000000, 0.000000000000000000 ) ) ;
#4123 = CARTESIAN_POINT ( 'NONE',  ( 3.650000000000000355, 1.374999999999999556, -3.435000000000000497 ) ) ;
#4124 = FACE_OUTER_BOUND ( 'NONE', #1234, .T. ) ;
#4125 = CARTESIAN_POINT ( 'NONE',  ( -4.650000000000000355, 0.000000000000000000, 4.034999999999999254 ) ) ;
#4126 = ORIENTED_EDGE ( 'NONE', *, *, #3349, .F. ) ;
#4127 = CARTESIAN_POINT ( 'NONE',  ( 4.649999999999998579, -4.336808689942017736E-15, 0.9449999999999996181 ) ) ;
#4128 =( LENGTH_UNIT ( ) NAMED_UNIT ( * ) SI_UNIT ( .MILLI., .METRE. ) );
#4129 = DIRECTION ( 'NONE',  ( -8.673617379884033894E-15, -1.000000000000000000, 0.000000000000000000 ) ) ;
#4130 = ADVANCED_FACE ( 'NONE', ( #2297 ), #1240, .F. ) ;
#4131 = FACE_OUTER_BOUND ( 'NONE', #102, .T. ) ;
#4132 = ORIENTED_EDGE ( 'NONE', *, *, #3501, .F. ) ;
#4133 = PLANE ( 'NONE',  #2758 ) ;
#4134 = CARTESIAN_POINT ( 'NONE',  ( -4.050000000000000711, 1.102182119232617541E-16, 4.034999999999999254 ) ) ;
#4135 = EDGE_LOOP ( 'NONE', ( #2704, #2548, #4307, #2982 ) ) ;
#4136 = ADVANCED_FACE ( 'NONE', ( #797 ), #1942, .T. ) ;
#4137 = ADVANCED_FACE ( 'NONE', ( #3073 ), #3537, .F. ) ;
#4138 = ORIENTED_EDGE ( 'NONE', *, *, #238, .T. ) ;
#4139 = VERTEX_POINT ( 'NONE', #893 ) ;
#4140 = ORIENTED_EDGE ( 'NONE', *, *, #4431, .T. ) ;
#4141 = AXIS2_PLACEMENT_3D ( 'NONE', #35, #4501, #3022 ) ;
#4142 = CARTESIAN_POINT ( 'NONE',  ( 0.000000000000000000, 0.000000000000000000, 5.084999999999999964 ) ) ;
#4143 = EDGE_CURVE ( 'NONE', #3843, #535, #3247, .T. ) ;
#4144 = CARTESIAN_POINT ( 'NONE',  ( -1.800000000000004263, 1.799999999999999600, 4.799999999999999822 ) ) ;
#4145 = AXIS2_PLACEMENT_3D ( 'NONE', #1435, #2620, #2947 ) ;
#4146 = UNCERTAINTY_MEASURE_WITH_UNIT (LENGTH_MEASURE( 1.000000000000000082E-05 ), #4128, 'distance_accuracy_value', 'NONE');
#4147 = VECTOR ( 'NONE', #4610, 1000.000000000000000 ) ;
#4148 = DIRECTION ( 'NONE',  ( 1.000000000000000000, 0.000000000000000000, -0.000000000000000000 ) ) ;
#4149 = CARTESIAN_POINT ( 'NONE',  ( 4.649999999999998579, -4.336808689942017736E-15, 1.544999999999999485 ) ) ;
#4150 = CARTESIAN_POINT ( 'NONE',  ( -3.950000000000000178, 0.3000000000000000444, -4.035000000000000142 ) ) ;
#4151 = EDGE_LOOP ( 'NONE', ( #1594, #544, #2498, #1714, #4836, #1848, #3402, #2834, #3189, #2537, #73, #3576 ) ) ;
#4152 = CARTESIAN_POINT ( 'NONE',  ( -1.800000000000004263, 1.799999999999999600, 4.500000000000000000 ) ) ;
#4153 = PRESENTATION_STYLE_ASSIGNMENT (( #3424 ) ) ;
#4154 = DIRECTION ( 'NONE',  ( -0.000000000000000000, 1.000000000000000000, -0.000000000000000000 ) ) ;
#4155 = CARTESIAN_POINT ( 'NONE',  ( -3.650000000000000355, 1.174999999999999156, -1.545000000000000373 ) ) ;
#4156 = VERTEX_POINT ( 'NONE', #4675 ) ;
#4157 = EDGE_LOOP ( 'NONE', ( #529, #1684, #3270, #1514 ) ) ;
#4158 = ORIENTED_EDGE ( 'NONE', *, *, #318, .F. ) ;
#4159 = CIRCLE ( 'NONE', #999, 0.3000000000000007661 ) ;
#4160 = DIRECTION ( 'NONE',  ( -0.000000000000000000, -0.000000000000000000, -1.000000000000000000 ) ) ;
#4161 = LINE ( 'NONE', #1621, #1016 ) ;
#4162 = ORIENTED_EDGE ( 'NONE', *, *, #4711, .F. ) ;
#4163 = AXIS2_PLACEMENT_3D ( 'NONE', #4573, #2317, #455 ) ;
#4164 = ORIENTED_EDGE ( 'NONE', *, *, #4711, .T. ) ;
#4165 = EDGE_LOOP ( 'NONE', ( #3943, #1753, #1108, #2347 ) ) ;
#4166 = ADVANCED_FACE ( 'NONE', ( #1357 ), #917, .F. ) ;
#4167 = DIRECTION ( 'NONE',  ( -1.119176436114069825E-15, 1.000000000000000000, 0.000000000000000000 ) ) ;
#4168 = VECTOR ( 'NONE', #666, 1000.000000000000000 ) ;
#4169 = DIRECTION ( 'NONE',  ( -0.000000000000000000, -0.000000000000000000, -1.000000000000000000 ) ) ;
#4170 = AXIS2_PLACEMENT_3D ( 'NONE', #3020, #4227, #2665 ) ;
#4171 = EDGE_CURVE ( 'NONE', #2390, #535, #4763, .T. ) ;
#4172 = EDGE_CURVE ( 'NONE', #1962, #902, #4845, .T. ) ;
#4173 = LINE ( 'NONE', #1126, #3068 ) ;
#4174 = FACE_OUTER_BOUND ( 'NONE', #3791, .T. ) ;
#4175 = LINE ( 'NONE', #3829, #3592 ) ;
#4176 = ORIENTED_EDGE ( 'NONE', *, *, #784, .T. ) ;
#4177 = LINE ( 'NONE', #319, #1398 ) ;
#4178 = ADVANCED_FACE ( 'NONE', ( #3584 ), #964, .F. ) ;
#4179 = AXIS2_PLACEMENT_3D ( 'NONE', #3454, #413, #2769 ) ;
#4180 = DIRECTION ( 'NONE',  ( -1.000000000000000000, -1.445602896647339163E-16, 0.000000000000000000 ) ) ;
#4181 = DIRECTION ( 'NONE',  ( -0.000000000000000000, 1.000000000000000000, -0.000000000000000000 ) ) ;
#4182 = CARTESIAN_POINT ( 'NONE',  ( 3.750000000000000888, 0.2999999999999966582, -4.035000000000000142 ) ) ;
#4183 = ORIENTED_EDGE ( 'NONE', *, *, #793, .T. ) ;
#4184 = EDGE_LOOP ( 'NONE', ( #634, #4395, #1447, #55 ) ) ;
#4185 = CARTESIAN_POINT ( 'NONE',  ( 3.750000000000000888, 0.2999999999999966582, -3.435000000000000497 ) ) ;
#4186 = PLANE ( 'NONE',  #1171 ) ;
#4187 = CARTESIAN_POINT ( 'NONE',  ( -4.650000000000000355, 0.000000000000000000, -4.035000000000000142 ) ) ;
#4188 = VECTOR ( 'NONE', #3645, 1000.000000000000000 ) ;
#4189 = DIRECTION ( 'NONE',  ( 0.000000000000000000, 0.000000000000000000, 1.000000000000000000 ) ) ;
#4190 = VERTEX_POINT ( 'NONE', #1742 ) ;
#4191 = EDGE_LOOP ( 'NONE', ( #2970, #3709, #2058, #1491 ) ) ;
#4192 = ORIENTED_EDGE ( 'NONE', *, *, #4206, .F. ) ;
#4193 = CARTESIAN_POINT ( 'NONE',  ( -3.950000000000000178, 0.3000000000000000444, 1.544999999999999485 ) ) ;
#4194 = EDGE_CURVE ( 'NONE', #2167, #3329, #3634, .T. ) ;
#4195 = DIRECTION ( 'NONE',  ( 1.000000000000000000, 0.000000000000000000, 0.000000000000000000 ) ) ;
#4196 = DIRECTION ( 'NONE',  ( 0.000000000000000000, 0.000000000000000000, 1.000000000000000000 ) ) ;
#4197 = DIRECTION ( 'NONE',  ( -1.000000000000000000, 0.000000000000000000, 0.000000000000000000 ) ) ;
#4198 = ADVANCED_FACE ( 'NONE', ( #4697 ), #2046, .T. ) ;
#4199 = DIRECTION ( 'NONE',  ( 1.000000000000000000, -2.065146995210483709E-16, 0.000000000000000000 ) ) ;
#4200 = ORIENTED_EDGE ( 'NONE', *, *, #2047, .F. ) ;
#4201 = EDGE_CURVE ( 'NONE', #2824, #2253, #4723, .T. ) ;
#4202 = CARTESIAN_POINT ( 'NONE',  ( -3.300000000000003819, 1.374999999999999556, 1.544999999999999485 ) ) ;
#4203 = CARTESIAN_POINT ( 'NONE',  ( -3.750000000000000888, 1.074999999999999289, -3.435000000000000497 ) ) ;
#4204 = CARTESIAN_POINT ( 'NONE',  ( 4.650000000000000355, 0.1999999999999956812, -1.545000000000000373 ) ) ;
#4205 = VERTEX_POINT ( 'NONE', #2075 ) ;
#4206 = EDGE_CURVE ( 'NONE', #271, #4755, #1628, .T. ) ;
#4207 = ORIENTED_EDGE ( 'NONE', *, *, #153, .T. ) ;
#4208 = LINE ( 'NONE', #2453, #2283 ) ;
#4209 = DIRECTION ( 'NONE',  ( -0.000000000000000000, -0.000000000000000000, -1.000000000000000000 ) ) ;
#4210 = FACE_OUTER_BOUND ( 'NONE', #1229, .T. ) ;
#4211 = CARTESIAN_POINT ( 'NONE',  ( -3.300000000000003819, 1.174999999999999378, -0.9450000000000005063 ) ) ;
#4212 = ORIENTED_EDGE ( 'NONE', *, *, #350, .F. ) ;
#4213 = VERTEX_POINT ( 'NONE', #3226 ) ;
#4214 = DIRECTION ( 'NONE',  ( 0.000000000000000000, 0.000000000000000000, 1.000000000000000000 ) ) ;
#4215 = VECTOR ( 'NONE', #4729, 1000.000000000000000 ) ;
#4216 = CARTESIAN_POINT ( 'NONE',  ( 0.01500000000000112355, 1.799999999999999600, 5.099999999999999645 ) ) ;
#4217 = DIRECTION ( 'NONE',  ( -1.000000000000000000, -0.000000000000000000, -0.000000000000000000 ) ) ;
#4218 = ORIENTED_EDGE ( 'NONE', *, *, #475, .F. ) ;
#4219 = VECTOR ( 'NONE', #2422, 1000.000000000000000 ) ;
#4220 = PRESENTATION_STYLE_ASSIGNMENT (( #1885 ) ) ;
#4221 = VECTOR ( 'NONE', #4100, 1000.000000000000000 ) ;
#4222 = CARTESIAN_POINT ( 'NONE',  ( 1.800000000000004263, 1.799999999999999600, 4.799999999999999822 ) ) ;
#4223 = LINE ( 'NONE', #3806, #2348 ) ;
#4224 = ORIENTED_EDGE ( 'NONE', *, *, #2801, .F. ) ;
#4225 = LINE ( 'NONE', #838, #2685 ) ;
#4226 = ADVANCED_FACE ( 'NONE', ( #4333 ), #2814, .F. ) ;
#4227 = DIRECTION ( 'NONE',  ( -0.000000000000000000, -0.000000000000000000, -1.000000000000000000 ) ) ;
#4228 = CARTESIAN_POINT ( 'NONE',  ( -4.650000000000000355, 0.000000000000000000, -0.9450000000000005063 ) ) ;
#4229 = CARTESIAN_POINT ( 'NONE',  ( 3.650000000000000355, 1.374999999999999556, -0.9450000000000005063 ) ) ;
#4230 = ORIENTED_EDGE ( 'NONE', *, *, #497, .T. ) ;
#4231 = ORIENTED_EDGE ( 'NONE', *, *, #3405, .T. ) ;
#4232 = CARTESIAN_POINT ( 'NONE',  ( -1.800000000000004041, 1.663833299428016943, -4.137973472691939492 ) ) ;
#4233 = ADVANCED_FACE ( 'NONE', ( #1691 ), #1307, .F. ) ;
#4234 = ADVANCED_FACE ( 'NONE', ( #2841 ), #3608, .F. ) ;
#4235 = EDGE_CURVE ( 'NONE', #4062, #1553, #2886, .T. ) ;
#4236 = LINE ( 'NONE', #1644, #325 ) ;
#4237 = PLANE ( 'NONE',  #4347 ) ;
#4238 = CARTESIAN_POINT ( 'NONE',  ( 3.300000000000004263, 0.7499999999999993339, -4.799999999999999822 ) ) ;
#4239 = VERTEX_POINT ( 'NONE', #624 ) ;
#4240 = ORIENTED_EDGE ( 'NONE', *, *, #3438, .T. ) ;
#4241 = CYLINDRICAL_SURFACE ( 'NONE', #2533, 0.1000000000000002554 ) ;
#4242 = EDGE_CURVE ( 'NONE', #535, #3436, #2145, .T. ) ;
#4243 = VECTOR ( 'NONE', #3134, 1000.000000000000000 ) ;
#4244 = DIRECTION ( 'NONE',  ( 1.000000000000000000, 0.000000000000000000, -0.000000000000000000 ) ) ;
#4245 = CARTESIAN_POINT ( 'NONE',  ( -3.950000000000001066, 1.074999999999999289, 0.9449999999999996181 ) ) ;
#4246 = AXIS2_PLACEMENT_3D ( 'NONE', #4633, #4214, #4662 ) ;
#4247 = VECTOR ( 'NONE', #1255, 1000.000000000000000 ) ;
#4248 = COLOUR_RGB ( '',0.000000000000000000, 0.000000000000000000, 0.000000000000000000 ) ;
#4249 = CARTESIAN_POINT ( 'NONE',  ( 3.650000000000000355, 1.374999999999999556, 4.034999999999999254 ) ) ;
#4250 = DIRECTION ( 'NONE',  ( -0.000000000000000000, -0.000000000000000000, -1.000000000000000000 ) ) ;
#4251 = ORIENTED_EDGE ( 'NONE', *, *, #2316, .T. ) ;
#4252 = AXIS2_PLACEMENT_3D ( 'NONE', #726, #2979, #2249 ) ;
#4253 = VECTOR ( 'NONE', #505, 1000.000000000000000 ) ;
#4254 = CARTESIAN_POINT ( 'NONE',  ( 3.300000000000003819, 1.374999999999999556, 1.544999999999999485 ) ) ;
#4255 = CARTESIAN_POINT ( 'NONE',  ( -3.950000000000000178, 0.3000000000000000444, -3.435000000000000497 ) ) ;
#4256 = CIRCLE ( 'NONE', #3622, 0.1000000000000002554 ) ;
#4257 = DIRECTION ( 'NONE',  ( -0.000000000000000000, 0.000000000000000000, -1.000000000000000000 ) ) ;
#4258 = CARTESIAN_POINT ( 'NONE',  ( 0.000000000000000000, 1.815000000000000613, -5.084999999999998188 ) ) ;
#4259 = EDGE_LOOP ( 'NONE', ( #3421, #366, #173, #3148 ) ) ;
#4260 = EDGE_CURVE ( 'NONE', #3232, #3780, #1058, .T. ) ;
#4261 = ORIENTED_EDGE ( 'NONE', *, *, #4521, .T. ) ;
#4262 = CARTESIAN_POINT ( 'NONE',  ( 3.650000000000000355, 1.174999999999999378, -3.435000000000000497 ) ) ;
#4263 = DIRECTION ( 'NONE',  ( -0.000000000000000000, -0.000000000000000000, -1.000000000000000000 ) ) ;
#4264 = DIRECTION ( 'NONE',  ( 0.000000000000000000, 1.000000000000000000, 0.000000000000000000 ) ) ;
#4265 = DIRECTION ( 'NONE',  ( 0.000000000000000000, -1.000000000000000000, 0.000000000000000000 ) ) ;
#4266 = ORIENTED_EDGE ( 'NONE', *, *, #4235, .T. ) ;
#4267 = ORIENTED_EDGE ( 'NONE', *, *, #2079, .F. ) ;
#4268 = ORIENTED_EDGE ( 'NONE', *, *, #2536, .T. ) ;
#4269 = ADVANCED_FACE ( 'NONE', ( #4078 ), #3346, .F. ) ;
#4270 = LINE ( 'NONE', #139, #1250 ) ;
#4271 = AXIS2_PLACEMENT_3D ( 'NONE', #1505, #4513, #1182 ) ;
#4272 = DIRECTION ( 'NONE',  ( 0.000000000000000000, 0.000000000000000000, 1.000000000000000000 ) ) ;
#4273 = EDGE_CURVE ( 'NONE', #4361, #873, #2572, .T. ) ;
#4274 = AXIS2_PLACEMENT_3D ( 'NONE', #610, #4344, #2105 ) ;
#4275 = LINE ( 'NONE', #2467, #2823 ) ;
#4276 = DIRECTION ( 'NONE',  ( -1.000000000000000000, 6.195440985631514482E-16, 0.000000000000000000 ) ) ;
#4277 = DIRECTION ( 'NONE',  ( -1.000000000000000000, 0.000000000000000000, 0.000000000000000000 ) ) ;
#4278 = ORIENTED_EDGE ( 'NONE', *, *, #4775, .F. ) ;
#4279 = PLANE ( 'NONE',  #1477 ) ;
#4280 = FACE_OUTER_BOUND ( 'NONE', #3490, .T. ) ;
#4281 = DIRECTION ( 'NONE',  ( -0.000000000000000000, -0.000000000000000000, -1.000000000000000000 ) ) ;
#4282 = ORIENTED_EDGE ( 'NONE', *, *, #3877, .F. ) ;
#4283 = ORIENTED_EDGE ( 'NONE', *, *, #1611, .F. ) ;
#4284 = PLANE ( 'NONE',  #4784 ) ;
#4285 = ADVANCED_FACE ( 'NONE', ( #3371 ), #3705, .F. ) ;
#4286 = LINE ( 'NONE', #1338, #2143 ) ;
#4287 = ORIENTED_EDGE ( 'NONE', *, *, #663, .F. ) ;
#4288 = LINE ( 'NONE', #1220, #4017 ) ;
#4289 = DIRECTION ( 'NONE',  ( -0.000000000000000000, -0.000000000000000000, -1.000000000000000000 ) ) ;
#4290 = ORIENTED_EDGE ( 'NONE', *, *, #246, .T. ) ;
#4291 = ORIENTED_EDGE ( 'NONE', *, *, #1955, .F. ) ;
#4292 = ORIENTED_EDGE ( 'NONE', *, *, #1647, .F. ) ;
#4293 = LINE ( 'NONE', #828, #1163 ) ;
#4294 = EDGE_CURVE ( 'NONE', #138, #446, #2594, .T. ) ;
#4295 = CARTESIAN_POINT ( 'NONE',  ( -3.300000000000003819, 1.174999999999999378, 3.434999999999999609 ) ) ;
#4296 = EDGE_CURVE ( 'NONE', #373, #4473, #4471, .T. ) ;
#4297 = ADVANCED_FACE ( 'NONE', ( #1458 ), #1083, .T. ) ;
#4298 = EDGE_CURVE ( 'NONE', #3332, #3228, #4065, .T. ) ;
#4299 = DIRECTION ( 'NONE',  ( -0.000000000000000000, -0.000000000000000000, -1.000000000000000000 ) ) ;
#4300 = LINE ( 'NONE', #887, #2472 ) ;
#4301 = CARTESIAN_POINT ( 'NONE',  ( -1.231830554166304603, 1.800000000000005818, -4.500000000000007105 ) ) ;
#4302 = VECTOR ( 'NONE', #843, 1000.000000000000000 ) ;
#4303 = ORIENTED_EDGE ( 'NONE', *, *, #3470, .F. ) ;
#4304 = LINE ( 'NONE', #2446, #3532 ) ;
#4305 = CARTESIAN_POINT ( 'NONE',  ( -3.000000000000004441, 10.59999999999999964, 5.099999999999999645 ) ) ;
#4306 = CARTESIAN_POINT ( 'NONE',  ( 3.950000000000001954, 0.2999999999999957145, -1.545000000000000373 ) ) ;
#4307 = ORIENTED_EDGE ( 'NONE', *, *, #663, .T. ) ;
#4308 = ORIENTED_EDGE ( 'NONE', *, *, #3751, .T. ) ;
#4309 = LINE ( 'NONE', #159, #2608 ) ;
#4310 = DIRECTION ( 'NONE',  ( 1.000000000000000000, -6.195440985631514482E-16, 0.000000000000000000 ) ) ;
#4311 = DIRECTION ( 'NONE',  ( 0.000000000000000000, -0.000000000000000000, -1.000000000000000000 ) ) ;
#4312 = DIRECTION ( 'NONE',  ( 0.000000000000000000, 1.000000000000000000, 0.000000000000000000 ) ) ;
#4313 = EDGE_LOOP ( 'NONE', ( #13, #3437, #3585, #3616 ) ) ;
#4314 = DIRECTION ( 'NONE',  ( -0.000000000000000000, -0.000000000000000000, -1.000000000000000000 ) ) ;
#4315 = DIRECTION ( 'NONE',  ( -1.000000000000000000, 0.000000000000000000, 0.000000000000000000 ) ) ;
#4316 = VECTOR ( 'NONE', #995, 1000.000000000000000 ) ;
#4317 = APPLICATION_PROTOCOL_DEFINITION ( 'draft international standard', 'automotive_design', 1998, #396 ) ;
#4318 = ORIENTED_EDGE ( 'NONE', *, *, #4296, .F. ) ;
#4319 = EDGE_CURVE ( 'NONE', #399, #2907, #358, .T. ) ;
#4320 = CIRCLE ( 'NONE', #997, 0.2999999999999999334 ) ;
#4321 = AXIS2_PLACEMENT_3D ( 'NONE', #1311, #2501, #2846 ) ;
#4322 = CARTESIAN_POINT ( 'NONE',  ( -4.650000000000000355, 0.000000000000000000, -1.545000000000000373 ) ) ;
#4323 = DIRECTION ( 'NONE',  ( -0.000000000000000000, -0.000000000000000000, -1.000000000000000000 ) ) ;
#4324 = FACE_OUTER_BOUND ( 'NONE', #1142, .T. ) ;
#4325 = VECTOR ( 'NONE', #4767, 1000.000000000000000 ) ;
#4326 = EDGE_LOOP ( 'NONE', ( #4461, #4764, #3482, #2698 ) ) ;
#4327 = VERTEX_POINT ( 'NONE', #4105 ) ;
#4328 = ADVANCED_FACE ( 'NONE', ( #717 ), #4054, .T. ) ;
#4329 = AXIS2_PLACEMENT_3D ( 'NONE', #4216, #3152, #3059 ) ;
#4330 = ADVANCED_FACE ( 'NONE', ( #1836 ), #1011, .F. ) ;
#4331 = CIRCLE ( 'NONE', #3444, 0.1000000000000002554 ) ;
#4332 = CARTESIAN_POINT ( 'NONE',  ( -0.2998501602642976160, 1.468061203120623270, -3.755903823309807432 ) ) ;
#4333 = FACE_OUTER_BOUND ( 'NONE', #4313, .T. ) ;
#4334 = ORIENTED_EDGE ( 'NONE', *, *, #4734, .F. ) ;
#4335 = AXIS2_PLACEMENT_3D ( 'NONE', #3251, #1463, #3733 ) ;
#4336 = ORIENTED_EDGE ( 'NONE', *, *, #1948, .T. ) ;
#4337 = ADVANCED_FACE ( 'NONE', ( #24 ), #4835, .F. ) ;
#4338 = CARTESIAN_POINT ( 'NONE',  ( 4.050000000000000711, 0.1999999999999964029, 1.544999999999999485 ) ) ;
#4339 = CIRCLE ( 'NONE', #861, 0.3000000000000007661 ) ;
#4340 = DIRECTION ( 'NONE',  ( -0.000000000000000000, -0.000000000000000000, -1.000000000000000000 ) ) ;
#4341 = FACE_OUTER_BOUND ( 'NONE', #131, .T. ) ;
#4342 = DIRECTION ( 'NONE',  ( 0.000000000000000000, 1.000000000000000000, 0.000000000000000000 ) ) ;
#4343 = VERTEX_POINT ( 'NONE', #2640 ) ;
#4344 = DIRECTION ( 'NONE',  ( -0.000000000000000000, -0.000000000000000000, -1.000000000000000000 ) ) ;
#4345 = LINE ( 'NONE', #2487, #2459 ) ;
#4346 = CARTESIAN_POINT ( 'NONE',  ( 4.049999999999998934, -4.226590478018756734E-15, -3.435000000000000497 ) ) ;
#4347 = AXIS2_PLACEMENT_3D ( 'NONE', #3461, #874, #1974 ) ;
#4348 = APPLICATION_PROTOCOL_DEFINITION ( 'draft international standard', 'automotive_design', 1998, #1218 ) ;
#4349 = FILL_AREA_STYLE_COLOUR ( '', #1735 ) ;
#4350 = FILL_AREA_STYLE_COLOUR ( '', #2736 ) ;
#4351 = DIRECTION ( 'NONE',  ( 1.119176436114070022E-15, -1.000000000000000000, -0.000000000000000000 ) ) ;
#4352 = DIRECTION ( 'NONE',  ( 0.000000000000000000, 0.000000000000000000, 1.000000000000000000 ) ) ;
#4353 = VERTEX_POINT ( 'NONE', #3297 ) ;
#4354 = VERTEX_POINT ( 'NONE', #4125 ) ;
#4355 = EDGE_CURVE ( 'NONE', #3951, #4390, #2262, .T. ) ;
#4356 = DIRECTION ( 'NONE',  ( 0.000000000000000000, -1.000000000000000000, 0.000000000000000000 ) ) ;
#4357 = ADVANCED_FACE ( 'NONE', ( #383 ), #1887, .F. ) ;
#4358 = DIRECTION ( 'NONE',  ( -0.000000000000000000, -0.000000000000000000, -1.000000000000000000 ) ) ;
#4359 = ORIENTED_EDGE ( 'NONE', *, *, #4120, .F. ) ;
#4360 = ORIENTED_EDGE ( 'NONE', *, *, #3937, .T. ) ;
#4361 = VERTEX_POINT ( 'NONE', #669 ) ;
#4362 = FACE_OUTER_BOUND ( 'NONE', #2478, .T. ) ;
#4363 = CARTESIAN_POINT ( 'NONE',  ( 0.000000000000000000, 1.814999999999998836, -5.084999999999999964 ) ) ;
#4364 = EDGE_CURVE ( 'NONE', #3316, #4473, #2193, .T. ) ;
#4365 = CARTESIAN_POINT ( 'NONE',  ( 3.300000000000003819, 1.174999999999999378, -3.435000000000000497 ) ) ;
#4366 = ORIENTED_EDGE ( 'NONE', *, *, #3560, .T. ) ;
#4367 = LINE ( 'NONE', #4430, #4316 ) ;
#4368 = DIRECTION ( 'NONE',  ( 1.000000000000000000, 0.000000000000000000, 0.000000000000000000 ) ) ;
#4369 = FACE_OUTER_BOUND ( 'NONE', #2201, .T. ) ;
#4370 = DIRECTION ( 'NONE',  ( 0.000000000000000000, 0.000000000000000000, 1.000000000000000000 ) ) ;
#4371 = DIRECTION ( 'NONE',  ( 0.000000000000000000, -1.000000000000000000, 0.000000000000000000 ) ) ;
#4372 = CARTESIAN_POINT ( 'NONE',  ( 1.381640175355697941, 1.573171010753842358, 3.850415861311511811 ) ) ;
#4373 = CARTESIAN_POINT ( 'NONE',  ( 3.650000000000000355, 1.374999999999999556, 4.034999999999999254 ) ) ;
#4374 = EDGE_LOOP ( 'NONE', ( #3933, #3820, #3139, #3081 ) ) ;
#4375 = DIRECTION ( 'NONE',  ( 1.000000000000000000, 0.000000000000000000, -0.000000000000000000 ) ) ;
#4376 = DIRECTION ( 'NONE',  ( -0.000000000000000000, -0.000000000000000000, -1.000000000000000000 ) ) ;
#4377 = EDGE_LOOP ( 'NONE', ( #2706, #1650, #939, #3177 ) ) ;
#4378 = ORIENTED_EDGE ( 'NONE', *, *, #4561, .F. ) ;
#4379 = EDGE_CURVE ( 'NONE', #3539, #114, #834, .T. ) ;
#4380 = VECTOR ( 'NONE', #633, 1000.000000000000000 ) ;
#4381 = CARTESIAN_POINT ( 'NONE',  ( -3.750000000000000888, 1.074999999999999289, 4.034999999999999254 ) ) ;
#4382 = CARTESIAN_POINT ( 'NONE',  ( 3.300000000000003819, 1.174999999999999378, 4.034999999999999254 ) ) ;
#4383 = CYLINDRICAL_SURFACE ( 'NONE', #56, 0.2999999999999999334 ) ;
#4384 = VERTEX_POINT ( 'NONE', #1128 ) ;
#4385 = CARTESIAN_POINT ( 'NONE',  ( 3.950000000000001954, 0.2999999999999957145, -4.035000000000000142 ) ) ;
#4386 = EDGE_CURVE ( 'NONE', #203, #3316, #1233, .T. ) ;
#4387 = VECTOR ( 'NONE', #68, 1000.000000000000000 ) ;
#4388 = DIRECTION ( 'NONE',  ( 0.000000000000000000, -0.000000000000000000, -1.000000000000000000 ) ) ;
#4389 = CARTESIAN_POINT ( 'NONE',  ( -3.300000000000004263, 1.799999999999999600, -4.799999999999999822 ) ) ;
#4390 = VERTEX_POINT ( 'NONE', #407 ) ;
#4391 = CIRCLE ( 'NONE', #3054, 0.1000000000000002554 ) ;
#4392 = DIRECTION ( 'NONE',  ( -1.000000000000000000, 0.000000000000000000, 0.000000000000000000 ) ) ;
#4393 = CARTESIAN_POINT ( 'NONE',  ( -1.080291012788449523, 1.799999999999999600, 4.500000000000000000 ) ) ;
#4394 = LINE ( 'NONE', #1006, #1630 ) ;
#4395 = ORIENTED_EDGE ( 'NONE', *, *, #4405, .T. ) ;
#4396 = VECTOR ( 'NONE', #1288, 1000.000000000000000 ) ;
#4397 = CARTESIAN_POINT ( 'NONE',  ( -0.01500000000000112355, 1.799999999999999600, -5.099999999999999645 ) ) ;
#4398 = CARTESIAN_POINT ( 'NONE',  ( -3.300000000000003819, 1.174999999999999378, -1.545000000000000373 ) ) ;
#4399 = ORIENTED_EDGE ( 'NONE', *, *, #4492, .F. ) ;
#4400 = EDGE_LOOP ( 'NONE', ( #1008, #3657, #434, #2127 ) ) ;
#4401 = PLANE ( 'NONE',  #4321 ) ;
#4402 = LINE ( 'NONE', #275, #2610 ) ;
#4403 = PLANE ( 'NONE',  #4549 ) ;
#4404 = ORIENTED_EDGE ( 'NONE', *, *, #2403, .F. ) ;
#4405 = EDGE_CURVE ( 'NONE', #527, #2121, #4175, .T. ) ;
#4406 = CARTESIAN_POINT ( 'NONE',  ( -4.650000000000000355, 0.2000000000000000111, -0.9450000000000005063 ) ) ;
#4407 = ORIENTED_EDGE ( 'NONE', *, *, #1267, .T. ) ;
#4408 = VECTOR ( 'NONE', #3995, 1000.000000000000000 ) ;
#4409 = CARTESIAN_POINT ( 'NONE',  ( -3.300000000000003819, 1.174999999999999378, -0.9450000000000005063 ) ) ;
#4410 = DIRECTION ( 'NONE',  ( 8.673617379884035472E-15, 1.000000000000000000, 0.000000000000000000 ) ) ;
#4411 = DIRECTION ( 'NONE',  ( 1.000000000000000000, 0.000000000000000000, 0.000000000000000000 ) ) ;
#4412 = EDGE_CURVE ( 'NONE', #4390, #422, #2289, .T. ) ;
#4413 = VERTEX_POINT ( 'NONE', #761 ) ;
#4414 = FACE_OUTER_BOUND ( 'NONE', #374, .T. ) ;
#4415 = ADVANCED_FACE ( 'NONE', ( #1989 ), #477, .F. ) ;
#4416 = LINE ( 'NONE', #3084, #4147 ) ;
#4417 = AXIS2_PLACEMENT_3D ( 'NONE', #3419, #3392, #3345 ) ;
#4418 = ORIENTED_EDGE ( 'NONE', *, *, #4319, .F. ) ;
#4419 = PLANE ( 'NONE',  #1889 ) ;
#4420 = CARTESIAN_POINT ( 'NONE',  ( 3.650000000000000355, 1.374999999999999556, -4.035000000000000142 ) ) ;
#4421 = DIRECTION ( 'NONE',  ( 0.000000000000000000, 0.000000000000000000, 1.000000000000000000 ) ) ;
#4422 = ORIENTED_EDGE ( 'NONE', *, *, #1089, .T. ) ;
#4423 = VERTEX_POINT ( 'NONE', #3016 ) ;
#4424 = CIRCLE ( 'NONE', #3960, 0.1000000000000002554 ) ;
#4425 = DIRECTION ( 'NONE',  ( -0.000000000000000000, 0.000000000000000000, 1.000000000000000000 ) ) ;
#4426 = DIRECTION ( 'NONE',  ( -0.000000000000000000, -0.000000000000000000, -1.000000000000000000 ) ) ;
#4427 = CYLINDRICAL_SURFACE ( 'NONE', #2305, 0.1000000000000002554 ) ;
#4428 = DIRECTION ( 'NONE',  ( 1.000000000000000000, 1.836970198721029688E-16, -0.000000000000000000 ) ) ;
#4429 = ORIENTED_EDGE ( 'NONE', *, *, #3846, .F. ) ;
#4430 = CARTESIAN_POINT ( 'NONE',  ( 3.518333333333468094, 7.066666666666939101, 1.566666666666938657 ) ) ;
#4431 = EDGE_CURVE ( 'NONE', #3889, #221, #3991, .T. ) ;
#4432 = DIRECTION ( 'NONE',  ( 0.000000000000000000, -1.000000000000000000, 0.000000000000000000 ) ) ;
#4433 = ORIENTED_EDGE ( 'NONE', *, *, #520, .F. ) ;
#4434 = VERTEX_POINT ( 'NONE', #4570 ) ;
#4435 = EDGE_LOOP ( 'NONE', ( #4746, #1532, #256, #3985, #3884, #4730, #2771, #994, #2250, #1328, #1304, #100 ) ) ;
#4436 = ADVANCED_FACE ( 'NONE', ( #3066 ), #4514, .F. ) ;
#4437 = CARTESIAN_POINT ( 'NONE',  ( 1.800000000000004263, 1.799999999999999600, 4.799999999999999822 ) ) ;
#4438 = CARTESIAN_POINT ( 'NONE',  ( -3.300000000000004263, 1.799999999999999600, 4.799999999999999822 ) ) ;
#4439 = CARTESIAN_POINT ( 'NONE',  ( -1.888003362179027533, 1.666895201784261760, 3.960476801717626394 ) ) ;
#4440 = CARTESIAN_POINT ( 'NONE',  ( 1.228124600195529492, 1.799999999999999822, -4.500000000000000000 ) ) ;
#4441 = ORIENTED_EDGE ( 'NONE', *, *, #690, .T. ) ;
#4442 = ADVANCED_FACE ( 'NONE', ( #2660 ), #1608, .T. ) ;
#4443 = PRODUCT_DEFINITION_CONTEXT ( 'detailed design', #396, 'design' ) ;
#4444 = EDGE_CURVE ( 'NONE', #2675, #3193, #1184, .T. ) ;
#4445 = LINE ( 'NONE', #70, #2136 ) ;
#4446 = PLANE ( 'NONE',  #3153 ) ;
#4447 = DIRECTION ( 'NONE',  ( -1.000000000000000000, -1.119176436114063908E-15, 0.000000000000000000 ) ) ;
#4448 = VERTEX_POINT ( 'NONE', #4150 ) ;
#4449 = VERTEX_POINT ( 'NONE', #3779 ) ;
#4450 = DIRECTION ( 'NONE',  ( 0.000000000000000000, -0.000000000000000000, 1.000000000000000000 ) ) ;
#4451 = CARTESIAN_POINT ( 'NONE',  ( 4.650000000000000355, 0.1999999999999956812, 4.034999999999999254 ) ) ;
#4452 = DIRECTION ( 'NONE',  ( -1.000000000000000000, 0.000000000000000000, 0.000000000000000000 ) ) ;
#4453 = CARTESIAN_POINT ( 'NONE',  ( -4.650000000000000355, 0.000000000000000000, 0.9449999999999996181 ) ) ;
#4454 = ORIENTED_EDGE ( 'NONE', *, *, #1518, .F. ) ;
#4455 = VECTOR ( 'NONE', #4428, 1000.000000000000000 ) ;
#4456 = DIRECTION ( 'NONE',  ( -1.000000000000000000, 0.000000000000000000, 0.000000000000000000 ) ) ;
#4457 = VECTOR ( 'NONE', #452, 1000.000000000000000 ) ;
#4458 = VECTOR ( 'NONE', #3754, 1000.000000000000000 ) ;
#4459 = DIRECTION ( 'NONE',  ( 1.119176436114070022E-15, -1.000000000000000000, -0.000000000000000000 ) ) ;
#4460 = ORIENTED_EDGE ( 'NONE', *, *, #409, .T. ) ;
#4461 = ORIENTED_EDGE ( 'NONE', *, *, #4030, .T. ) ;
#4462 = STYLED_ITEM ( 'NONE', ( #885 ), #2017 ) ;
#4463 = DIRECTION ( 'NONE',  ( -0.000000000000000000, -0.000000000000000000, -1.000000000000000000 ) ) ;
#4464 = LINE ( 'NONE', #262, #1619 ) ;
#4465 = DIRECTION ( 'NONE',  ( -0.000000000000000000, -0.000000000000000000, -1.000000000000000000 ) ) ;
#4466 = EDGE_CURVE ( 'NONE', #2013, #2049, #502, .T. ) ;
#4467 = DIRECTION ( 'NONE',  ( -0.000000000000000000, -0.000000000000000000, -1.000000000000000000 ) ) ;
#4468 = VERTEX_POINT ( 'NONE', #3089 ) ;
#4469 = LINE ( 'NONE', #313, #4636 ) ;
#4470 = FACE_OUTER_BOUND ( 'NONE', #3681, .T. ) ;
#4471 = LINE ( 'NONE', #3730, #3828 ) ;
#4472 = VECTOR ( 'NONE', #1724, 1000.000000000000000 ) ;
#4473 = VERTEX_POINT ( 'NONE', #148 ) ;
#4474 = ORIENTED_EDGE ( 'NONE', *, *, #4444, .T. ) ;
#4475 = CARTESIAN_POINT ( 'NONE',  ( 0.01500000000000112355, 1.799999999999999600, 5.099999999999999645 ) ) ;
#4476 = LINE ( 'NONE', #2222, #3942 ) ;
#4477 = DIRECTION ( 'NONE',  ( 7.885106708985486076E-16, -1.000000000000000000, 0.000000000000000000 ) ) ;
#4478 = DIRECTION ( 'NONE',  ( -0.000000000000000000, -1.000000000000000000, -0.000000000000000000 ) ) ;
#4479 = EDGE_CURVE ( 'NONE', #3457, #3539, #4539, .T. ) ;
#4480 = ORIENTED_EDGE ( 'NONE', *, *, #121, .F. ) ;
#4481 = DIRECTION ( 'NONE',  ( -0.000000000000000000, -0.000000000000000000, -1.000000000000000000 ) ) ;
#4482 = VECTOR ( 'NONE', #2552, 1000.000000000000000 ) ;
#4483 = FACE_OUTER_BOUND ( 'NONE', #2020, .T. ) ;
#4484 = ORIENTED_EDGE ( 'NONE', *, *, #2439, .T. ) ;
#4485 = ORIENTED_EDGE ( 'NONE', *, *, #3283, .T. ) ;
#4486 = ORIENTED_EDGE ( 'NONE', *, *, #4057, .F. ) ;
#4487 = ORIENTED_EDGE ( 'NONE', *, *, #2838, .F. ) ;
#4488 = STYLED_ITEM ( 'NONE', ( #1147 ), #1907 ) ;
#4489 = LINE ( 'NONE', #4437, #3772 ) ;
#4490 = DIRECTION ( 'NONE',  ( 0.000000000000000000, 0.000000000000000000, 1.000000000000000000 ) ) ;
#4491 = CIRCLE ( 'NONE', #4022, 0.3500000000000004774 ) ;
#4492 = EDGE_CURVE ( 'NONE', #2434, #4704, #1530, .T. ) ;
#4493 = DIRECTION ( 'NONE',  ( -1.000000000000000000, 0.000000000000000000, 0.000000000000000000 ) ) ;
#4494 = CARTESIAN_POINT ( 'NONE',  ( -4.650000000000000355, 0.2000000000000000111, 3.434999999999999609 ) ) ;
#4495 = DIRECTION ( 'NONE',  ( 1.000000000000000000, 0.000000000000000000, -0.000000000000000000 ) ) ;
#4496 = ORIENTED_EDGE ( 'NONE', *, *, #230, .F. ) ;
#4497 = CARTESIAN_POINT ( 'NONE',  ( -3.750000000000000888, 1.074999999999999289, -1.545000000000000373 ) ) ;
#4498 = EDGE_CURVE ( 'NONE', #2584, #3539, #3037, .T. ) ;
#4499 = ADVANCED_FACE ( 'NONE', ( #2688 ), #789, .F. ) ;
#4500 = FACE_OUTER_BOUND ( 'NONE', #4374, .T. ) ;
#4501 = DIRECTION ( 'NONE',  ( -0.000000000000000000, -0.000000000000000000, -1.000000000000000000 ) ) ;
#4502 = AXIS2_PLACEMENT_3D ( 'NONE', #3259, #2556, #2876 ) ;
#4503 = VERTEX_POINT ( 'NONE', #2313 ) ;
#4504 = CARTESIAN_POINT ( 'NONE',  ( 4.049999999999998934, -4.226590478018756734E-15, -3.435000000000000497 ) ) ;
#4505 = EDGE_CURVE ( 'NONE', #2186, #3609, #4223, .T. ) ;
#4506 = CARTESIAN_POINT ( 'NONE',  ( -1.800000000000004263, 1.649999999999999467, 4.500000000000000000 ) ) ;
#4507 = VERTEX_POINT ( 'NONE', #1934 ) ;
#4508 = ORIENTED_EDGE ( 'NONE', *, *, #1948, .F. ) ;
#4509 = VERTEX_POINT ( 'NONE', #2090 ) ;
#4510 = ORIENTED_EDGE ( 'NONE', *, *, #202, .T. ) ;
#4511 = LINE ( 'NONE', #4142, #1965 ) ;
#4512 =( LENGTH_UNIT ( ) NAMED_UNIT ( * ) SI_UNIT ( .MILLI., .METRE. ) );
#4513 = DIRECTION ( 'NONE',  ( 0.000000000000000000, 0.000000000000000000, 1.000000000000000000 ) ) ;
#4514 = PLANE ( 'NONE',  #750 ) ;
#4515 = ORIENTED_EDGE ( 'NONE', *, *, #2528, .F. ) ;
#4516 = ORIENTED_EDGE ( 'NONE', *, *, #1911, .F. ) ;
#4517 = CARTESIAN_POINT ( 'NONE',  ( 4.649999999999998579, -4.336808689942017736E-15, 3.434999999999999609 ) ) ;
#4518 = CARTESIAN_POINT ( 'NONE',  ( 4.049999999999998934, -4.226590478018756734E-15, -1.545000000000000373 ) ) ;
#4519 = DIRECTION ( 'NONE',  ( -1.000000000000000000, 0.000000000000000000, 0.000000000000000000 ) ) ;
#4520 = ORIENTED_EDGE ( 'NONE', *, *, #2181, .T. ) ;
#4521 = EDGE_CURVE ( 'NONE', #395, #3408, #889, .T. ) ;
#4522 = ORIENTED_EDGE ( 'NONE', *, *, #4612, .T. ) ;
#4523 = DIRECTION ( 'NONE',  ( 0.000000000000000000, -1.000000000000000000, 0.000000000000000000 ) ) ;
#4524 = CARTESIAN_POINT ( 'NONE',  ( -3.300000000000003819, 1.374999999999999556, -3.435000000000000497 ) ) ;
#4525 = VERTEX_POINT ( 'NONE', #3981 ) ;
#4526 = PRESENTATION_LAYER_ASSIGNMENT (  '', '', ( #3179 ) ) ;
#4527 = ADVANCED_FACE ( 'NONE', ( #4324 ), #596, .T. ) ;
#4528 = ORIENTED_EDGE ( 'NONE', *, *, #3879, .F. ) ;
#4529 = ORIENTED_EDGE ( 'NONE', *, *, #3026, .T. ) ;
#4530 = EDGE_CURVE ( 'NONE', #3538, #3893, #242, .T. ) ;
#4531 = VECTOR ( 'NONE', #2399, 1000.000000000000000 ) ;
#4532 = FACE_OUTER_BOUND ( 'NONE', #3696, .T. ) ;
#4533 = CARTESIAN_POINT ( 'NONE',  ( -3.650000000000000355, 1.074999999999999289, 0.9449999999999996181 ) ) ;
#4534 = AXIS2_PLACEMENT_3D ( 'NONE', #1480, #649, #3273 ) ;
#4535 = ORIENTED_EDGE ( 'NONE', *, *, #1647, .T. ) ;
#4536 = EDGE_CURVE ( 'NONE', #4080, #2675, #2115, .T. ) ;
#4537 = FILL_AREA_STYLE ('',( #3014 ) ) ;
#4538 = DIRECTION ( 'NONE',  ( -0.000000000000000000, -0.000000000000000000, -1.000000000000000000 ) ) ;
#4539 = LINE ( 'NONE', #1914, #2032 ) ;
#4540 = ORIENTED_EDGE ( 'NONE', *, *, #3252, .T. ) ;
#4541 = DIRECTION ( 'NONE',  ( 0.000000000000000000, 1.000000000000000000, 0.000000000000000000 ) ) ;
#4542 = DIRECTION ( 'NONE',  ( -1.445602896647339163E-16, 1.000000000000000000, 0.000000000000000000 ) ) ;
#4543 = FACE_OUTER_BOUND ( 'NONE', #316, .T. ) ;
#4544 = DIRECTION ( 'NONE',  ( -0.000000000000000000, -0.000000000000000000, -1.000000000000000000 ) ) ;
#4545 = ORIENTED_EDGE ( 'NONE', *, *, #4050, .T. ) ;
#4546 = EDGE_LOOP ( 'NONE', ( #2357, #3508, #4162, #4791, #1524, #1353, #3206, #1944, #3721, #629, #4192, #4433 ) ) ;
#4547 = AXIS2_PLACEMENT_3D ( 'NONE', #2301, #800, #1139 ) ;
#4548 = DIRECTION ( 'NONE',  ( -0.000000000000000000, -0.000000000000000000, -1.000000000000000000 ) ) ;
#4549 = AXIS2_PLACEMENT_3D ( 'NONE', #298, #1065, #1487 ) ;
#4550 = EDGE_CURVE ( 'NONE', #3546, #346, #4772, .T. ) ;
#4551 = FACE_OUTER_BOUND ( 'NONE', #2499, .T. ) ;
#4552 = CARTESIAN_POINT ( 'NONE',  ( 3.300000000000003819, 1.174999999999999378, -3.435000000000000497 ) ) ;
#4553 = DIRECTION ( 'NONE',  ( 0.000000000000000000, 0.000000000000000000, -1.000000000000000000 ) ) ;
#4554 = CIRCLE ( 'NONE', #615, 0.3000000000000007661 ) ;
#4555 =( BOUNDED_SURFACE ( )  B_SPLINE_SURFACE ( 3, 2, ( 
 ( #1030, #4026, #3601 ),
 ( #4439, #595, #2879 ),
 ( #1832, #4831, #1450 ),
 ( #2541, #1737, #1806 ),
 ( #2490, #2565, #4393 ),
 ( #3675, #2518, #4757 ),
 ( #3627, #263, #4047 ),
 ( #3291, #4810, #1755 ),
 ( #3980, #3241, #1374 ),
 ( #3221, #644, #4737 ),
 ( #4372, #1076, #711 ),
 ( #2235, #3725, #4099 ),
 ( #2613, #4043, #573 ),
 ( #1423, #3575, #4777 ) ),
 .UNSPECIFIED., .F., .F., .F. ) 
 B_SPLINE_SURFACE_WITH_KNOTS ( ( 4, 2, 2, 2, 2, 2, 4 ),
 ( 3, 3 ),
 ( 0.0007110967746416860117, 0.001182586470601784982, 0.001654076166561884061, 0.002597055558482082218, 0.003540034950402280375, 0.004011524646362379237, 0.004483014342322478099 ),
 ( 0.000000000000000000, 1.000000000000000000 ),
 .UNSPECIFIED. ) 
 GEOMETRIC_REPRESENTATION_ITEM ( )  RATIONAL_B_SPLINE_SURFACE ( (
 ( 1.000000000000000000, 0.9630527463639027008, 1.000000000000000000),
 ( 1.000000000000000000, 0.9556058181166138255, 1.000000000000000000),
 ( 1.000000000000000000, 0.9486104217991352394, 1.000000000000000000),
 ( 1.000000000000000000, 0.9363032360673503307, 1.000000000000000000),
 ( 1.000000000000000000, 0.9309610623495927495, 1.000000000000000000),
 ( 1.000000000000000000, 0.9178978321359858583, 1.000000000000000000),
 ( 1.000000000000000000, 0.9132624201755891180, 1.000000000000000000),
 ( 1.000000000000000000, 0.9132989819368003692, 1.000000000000000000),
 ( 1.000000000000000000, 0.9178599175202385441, 1.000000000000000000),
 ( 1.000000000000000000, 0.9308222550828965103, 1.000000000000000000),
 ( 1.000000000000000000, 0.9361579934276487158, 1.000000000000000000),
 ( 1.000000000000000000, 0.9486048628292378382, 1.000000000000000000),
 ( 1.000000000000000000, 0.9556435329625870834, 1.000000000000000000),
 ( 1.000000000000000000, 0.9630499088177087996, 1.000000000000000000) ) ) 
 REPRESENTATION_ITEM ( '' )  SURFACE ( )  );
#4556 = ORIENTED_EDGE ( 'NONE', *, *, #440, .F. ) ;
#4557 = ORIENTED_EDGE ( 'NONE', *, *, #4622, .T. ) ;
#4558 = EDGE_LOOP ( 'NONE', ( #4843, #4366, #2004, #1471 ) ) ;
#4559 = VECTOR ( 'NONE', #4761, 1000.000000000000000 ) ;
#4560 = VECTOR ( 'NONE', #4314, 1000.000000000000000 ) ;
#4561 = EDGE_CURVE ( 'NONE', #1662, #1336, #4614, .T. ) ;
#4562 = CARTESIAN_POINT ( 'NONE',  ( 1.800000000000003819, 1.799999999999999600, -4.799999999999999822 ) ) ;
#4563 = ADVANCED_FACE ( 'NONE', ( #576 ), #554, .T. ) ;
#4564 = DIRECTION ( 'NONE',  ( -0.000000000000000000, -0.000000000000000000, -1.000000000000000000 ) ) ;
#4565 = AXIS2_PLACEMENT_3D ( 'NONE', #4506, #1847, #1119 ) ;
#4566 = EDGE_CURVE ( 'NONE', #3844, #78, #3176, .T. ) ;
#4567 = PLANE ( 'NONE',  #4643 ) ;
#4568 = DIRECTION ( 'NONE',  ( -1.000000000000000000, 0.000000000000000000, 0.000000000000000000 ) ) ;
#4569 = VECTOR ( 'NONE', #4310, 1000.000000000000000 ) ;
#4570 = CARTESIAN_POINT ( 'NONE',  ( 4.049999999999998934, -4.226590478018756734E-15, -0.9450000000000005063 ) ) ;
#4571 = ORIENTED_EDGE ( 'NONE', *, *, #1791, .F. ) ;
#4572 = EDGE_LOOP ( 'NONE', ( #3003, #4126, #3378, #4529 ) ) ;
#4573 = CARTESIAN_POINT ( 'NONE',  ( -4.050000000000000711, 0.3000000000000000444, 4.034999999999999254 ) ) ;
#4574 = FILL_AREA_STYLE_COLOUR ( '', #4248 ) ;
#4575 = CARTESIAN_POINT ( 'NONE',  ( -3.750000000000000888, 1.074999999999999289, 4.034999999999999254 ) ) ;
#4576 = CARTESIAN_POINT ( 'NONE',  ( 2.999999999999995559, 10.59999999999999964, 5.099999999999999645 ) ) ;
#4577 = ORIENTED_EDGE ( 'NONE', *, *, #1187, .T. ) ;
#4578 = ORIENTED_EDGE ( 'NONE', *, *, #2286, .F. ) ;
#4579 = CIRCLE ( 'NONE', #187, 0.1000000000000002554 ) ;
#4580 = DIRECTION ( 'NONE',  ( 1.836970198721023771E-16, 1.000000000000000000, -0.000000000000000000 ) ) ;
#4581 = CARTESIAN_POINT ( 'NONE',  ( -1.800000000000004263, 1.799999999999999600, -4.500000000000000000 ) ) ;
#4582 = DIRECTION ( 'NONE',  ( -1.000000000000000000, 0.000000000000000000, 0.000000000000000000 ) ) ;
#4583 = CARTESIAN_POINT ( 'NONE',  ( 3.950000000000001954, 0.2999999999999957145, -0.9450000000000005063 ) ) ;
#4584 = VERTEX_POINT ( 'NONE', #3199 ) ;
#4585 = ORIENTED_EDGE ( 'NONE', *, *, #4294, .F. ) ;
#4586 = ADVANCED_FACE ( 'NONE', ( #4715 ), #1327, .F. ) ;
#4587 = CARTESIAN_POINT ( 'NONE',  ( 0.01500000000000112355, 10.59999999999999964, 5.099999999999999645 ) ) ;
#4588 = DIRECTION ( 'NONE',  ( -0.000000000000000000, -0.000000000000000000, -1.000000000000000000 ) ) ;
#4589 = CARTESIAN_POINT ( 'NONE',  ( 3.750000000000000888, 1.074999999999999289, 4.034999999999999254 ) ) ;
#4590 = DIRECTION ( 'NONE',  ( -0.000000000000000000, -0.000000000000000000, -1.000000000000000000 ) ) ;
#4591 = CARTESIAN_POINT ( 'NONE',  ( -3.950000000000001066, 1.074999999999999289, 4.034999999999999254 ) ) ;
#4592 = ORIENTED_EDGE ( 'NONE', *, *, #3785, .T. ) ;
#4593 = ADVANCED_FACE ( 'NONE', ( #2863 ), #3484, .T. ) ;
#4594 = EDGE_CURVE ( 'NONE', #4353, #1609, #1375, .T. ) ;
#4595 = DIRECTION ( 'NONE',  ( -0.000000000000000000, -0.000000000000000000, -1.000000000000000000 ) ) ;
#4596 = DIRECTION ( 'NONE',  ( 0.7071067811865067165, 0.7071067811865884289, 0.000000000000000000 ) ) ;
#4597 = DIRECTION ( 'NONE',  ( -0.000000000000000000, 1.000000000000000000, -0.000000000000000000 ) ) ;
#4598 = LINE ( 'NONE', #2795, #1456 ) ;
#4599 = EDGE_LOOP ( 'NONE', ( #4557, #3372, #718, #3478, #14, #1207 ) ) ;
#4600 = ORIENTED_EDGE ( 'NONE', *, *, #3533, .T. ) ;
#4601 = CARTESIAN_POINT ( 'NONE',  ( -1.800000000000004263, 1.799999999999999600, -4.799999999999999822 ) ) ;
#4602 = CARTESIAN_POINT ( 'NONE',  ( -3.000000000000004441, 10.59999999999999964, 5.099999999999999645 ) ) ;
#4603 = CARTESIAN_POINT ( 'NONE',  ( -2.200000000000004619, 10.50000000000000000, -4.299999999999998934 ) ) ;
#4604 = CARTESIAN_POINT ( 'NONE',  ( -4.650000000000000355, 0.000000000000000000, 4.034999999999999254 ) ) ;
#4605 = VERTEX_POINT ( 'NONE', #2236 ) ;
#4606 = ORIENTED_EDGE ( 'NONE', *, *, #3501, .T. ) ;
#4607 = FACE_OUTER_BOUND ( 'NONE', #2231, .T. ) ;
#4608 = VECTOR ( 'NONE', #2356, 1000.000000000000000 ) ;
#4609 = CARTESIAN_POINT ( 'NONE',  ( -2.999999999999997335, 1.799999999999999600, -5.099999999999999645 ) ) ;
#4610 = DIRECTION ( 'NONE',  ( 0.000000000000000000, 1.000000000000000000, 0.000000000000000000 ) ) ;
#4611 = VECTOR ( 'NONE', #1381, 1000.000000000000000 ) ;
#4612 = EDGE_CURVE ( 'NONE', #60, #109, #2257, .T. ) ;
#4613 = FACE_OUTER_BOUND ( 'NONE', #3038, .T. ) ;
#4614 = CIRCLE ( 'NONE', #1864, 0.09999999999999939493 ) ;
#4615 = PLANE ( 'NONE',  #641 ) ;
#4616 = CARTESIAN_POINT ( 'NONE',  ( -3.300000000000003819, 1.374999999999999556, -1.545000000000000373 ) ) ;
#4617 = EDGE_LOOP ( 'NONE', ( #508, #2168, #1717, #2254 ) ) ;
#4618 = ORIENTED_EDGE ( 'NONE', *, *, #2110, .T. ) ;
#4619 = VECTOR ( 'NONE', #424, 1000.000000000000000 ) ;
#4620 = CARTESIAN_POINT ( 'NONE',  ( -4.650000000000000355, 0.000000000000000000, -0.9450000000000005063 ) ) ;
#4621 = LINE ( 'NONE', #1239, #839 ) ;
#4622 = EDGE_CURVE ( 'NONE', #2811, #2298, #3337, .T. ) ;
#4623 = CARTESIAN_POINT ( 'NONE',  ( -3.000000000000004441, 10.59999999999999964, 5.099999999999999645 ) ) ;
#4624 = ORIENTED_EDGE ( 'NONE', *, *, #731, .T. ) ;
#4625 = ORIENTED_EDGE ( 'NONE', *, *, #2743, .F. ) ;
#4626 = CARTESIAN_POINT ( 'NONE',  ( -3.300000000000003819, 1.174999999999999378, 4.034999999999999254 ) ) ;
#4627 = DIRECTION ( 'NONE',  ( -0.000000000000000000, -0.000000000000000000, -1.000000000000000000 ) ) ;
#4628 = LINE ( 'NONE', #1271, #2065 ) ;
#4629 = EDGE_CURVE ( 'NONE', #4190, #2407, #1854, .T. ) ;
#4630 = DIRECTION ( 'NONE',  ( 1.000000000000000000, 0.000000000000000000, 0.000000000000000000 ) ) ;
#4631 = ORIENTED_EDGE ( 'NONE', *, *, #2413, .T. ) ;
#4632 = ORIENTED_EDGE ( 'NONE', *, *, #3776, .F. ) ;
#4633 = CARTESIAN_POINT ( 'NONE',  ( -3.650000000000000355, 1.074999999999999289, -4.035000000000000142 ) ) ;
#4634 = CARTESIAN_POINT ( 'NONE',  ( -3.950000000000000178, 0.3000000000000000444, -0.9450000000000005063 ) ) ;
#4635 = DIRECTION ( 'NONE',  ( 1.000000000000000000, 0.000000000000000000, 0.000000000000000000 ) ) ;
#4636 = VECTOR ( 'NONE', #289, 1000.000000000000000 ) ;
#4637 = CARTESIAN_POINT ( 'NONE',  ( 3.650000000000000355, 1.074999999999999289, 4.034999999999999254 ) ) ;
#4638 = CARTESIAN_POINT ( 'NONE',  ( -4.050000000000000711, 1.102182119232617541E-16, 1.544999999999999485 ) ) ;
#4639 = CARTESIAN_POINT ( 'NONE',  ( 0.3109186448416403348, 1.799999999999999600, -4.500000000000000000 ) ) ;
#4640 = ORIENTED_EDGE ( 'NONE', *, *, #816, .F. ) ;
#4641 = VECTOR ( 'NONE', #928, 1000.000000000000000 ) ;
#4642 = ORIENTED_EDGE ( 'NONE', *, *, #4505, .F. ) ;
#4643 = AXIS2_PLACEMENT_3D ( 'NONE', #2711, #1554, #2686 ) ;
#4644 = EDGE_CURVE ( 'NONE', #1038, #2674, #4855, .T. ) ;
#4645 = LINE ( 'NONE', #3857, #387 ) ;
#4646 = VECTOR ( 'NONE', #82, 1000.000000000000000 ) ;
#4647 = CARTESIAN_POINT ( 'NONE',  ( -3.650000000000000355, 1.374999999999999556, 4.034999999999999254 ) ) ;
#4648 = CARTESIAN_POINT ( 'NONE',  ( -4.050000000000000711, 0.3000000000000000444, 1.544999999999999485 ) ) ;
#4649 = ORIENTED_EDGE ( 'NONE', *, *, #2918, .F. ) ;
#4650 = ORIENTED_EDGE ( 'NONE', *, *, #1000, .T. ) ;
#4651 = EDGE_CURVE ( 'NONE', #2675, #3401, #2943, .T. ) ;
#4652 = AXIS2_PLACEMENT_3D ( 'NONE', #363, #2171, #1867 ) ;
#4653 = CARTESIAN_POINT ( 'NONE',  ( -1.800000000000004263, 1.799999999999999600, -4.500000000000000000 ) ) ;
#4654 = ADVANCED_FACE ( 'NONE', ( #712 ), #1757, .F. ) ;
#4655 = VECTOR ( 'NONE', #1810, 999.9999999999998863 ) ;
#4656 = DIRECTION ( 'NONE',  ( 0.000000000000000000, -0.000000000000000000, -1.000000000000000000 ) ) ;
#4657 = PLANE ( 'NONE',  #333 ) ;
#4658 = CARTESIAN_POINT ( 'NONE',  ( -3.300000000000004263, 1.799999999999999600, -4.799999999999999822 ) ) ;
#4659 = VERTEX_POINT ( 'NONE', #1476 ) ;
#4660 = ORIENTED_EDGE ( 'NONE', *, *, #3602, .T. ) ;
#4661 = ADVANCED_FACE ( 'NONE', ( #2987 ), #1807, .F. ) ;
#4662 = DIRECTION ( 'NONE',  ( 1.000000000000000000, 0.000000000000000000, -0.000000000000000000 ) ) ;
#4663 = EDGE_CURVE ( 'NONE', #4156, #2633, #645, .T. ) ;
#4664 = VECTOR ( 'NONE', #4323, 1000.000000000000000 ) ;
#4665 = DIRECTION ( 'NONE',  ( 1.000000000000000000, -1.836970198721023771E-16, 0.000000000000000000 ) ) ;
#4666 = ORIENTED_EDGE ( 'NONE', *, *, #3686, .T. ) ;
#4667 = EDGE_LOOP ( 'NONE', ( #2470, #3682, #447, #2772 ) ) ;
#4668 = CARTESIAN_POINT ( 'NONE',  ( 4.650000000000000355, 0.1999999999999956812, -3.435000000000000497 ) ) ;
#4669 = DIRECTION ( 'NONE',  ( 0.000000000000000000, -0.000000000000000000, -1.000000000000000000 ) ) ;
#4670 = DIRECTION ( 'NONE',  ( -0.000000000000000000, -0.000000000000000000, -1.000000000000000000 ) ) ;
#4671 = ORIENTED_EDGE ( 'NONE', *, *, #291, .T. ) ;
#4672 = ORIENTED_EDGE ( 'NONE', *, *, #888, .T. ) ;
#4673 = DIRECTION ( 'NONE',  ( -0.000000000000000000, 1.000000000000000000, -0.000000000000000000 ) ) ;
#4674 = CYLINDRICAL_SURFACE ( 'NONE', #1404, 0.09999999999999939493 ) ;
#4675 = CARTESIAN_POINT ( 'NONE',  ( 0.000000000000000000, 1.814999999999998836, 5.084999999999999964 ) ) ;
#4676 = ORIENTED_EDGE ( 'NONE', *, *, #2322, .T. ) ;
#4677 = ORIENTED_EDGE ( 'NONE', *, *, #3573, .F. ) ;
#4678 = CARTESIAN_POINT ( 'NONE',  ( 0.000000000000000000, 0.000000000000000000, 0.000000000000000000 ) ) ;
#4679 = FACE_OUTER_BOUND ( 'NONE', #4617, .T. ) ;
#4680 = CARTESIAN_POINT ( 'NONE',  ( -0.01500000000000112355, 10.59999999999999964, -5.099999999999999645 ) ) ;
#4681 = ADVANCED_FACE ( 'NONE', ( #736 ), #2543, .F. ) ;
#4682 = FACE_OUTER_BOUND ( 'NONE', #158, .T. ) ;
#4683 = EDGE_LOOP ( 'NONE', ( #2652, #2173, #4745, #79 ) ) ;
#4684 = DIRECTION ( 'NONE',  ( -0.000000000000000000, -0.000000000000000000, -1.000000000000000000 ) ) ;
#4685 = DIRECTION ( 'NONE',  ( -0.000000000000000000, -0.000000000000000000, -1.000000000000000000 ) ) ;
#4686 = EDGE_CURVE ( 'NONE', #3222, #4860, #4394, .T. ) ;
#4687 = ADVANCED_FACE ( 'NONE', ( #3292 ), #1777, .F. ) ;
#4688 =( NAMED_UNIT ( * ) SI_UNIT ( $, .STERADIAN. ) SOLID_ANGLE_UNIT ( ) );
#4689 = MECHANICAL_DESIGN_GEOMETRIC_PRESENTATION_REPRESENTATION (  '', ( #1216 ), #1131 ) ;
#4690 = DIRECTION ( 'NONE',  ( -0.000000000000000000, -0.000000000000000000, -1.000000000000000000 ) ) ;
#4691 = CARTESIAN_POINT ( 'NONE',  ( -2.999999999999997335, 1.799999999999999600, -4.799999999999999822 ) ) ;
#4692 = CARTESIAN_POINT ( 'NONE',  ( -0.3301678301489130440, 1.468088620258283461, -4.201985280794959365 ) ) ;
#4693 = CIRCLE ( 'NONE', #1624, 0.1000000000000002554 ) ;
#4694 = ORIENTED_EDGE ( 'NONE', *, *, #3746, .T. ) ;
#4695 = AXIS2_PLACEMENT_3D ( 'NONE', #1634, #937, #1738 ) ;
#4696 = CARTESIAN_POINT ( 'NONE',  ( 4.050000000000000711, 0.2999999999999957145, 3.434999999999999609 ) ) ;
#4697 = FACE_OUTER_BOUND ( 'NONE', #4259, .T. ) ;
#4698 = ORIENTED_EDGE ( 'NONE', *, *, #4023, .F. ) ;
#4699 = ORIENTED_EDGE ( 'NONE', *, *, #4364, .T. ) ;
#4700 = CARTESIAN_POINT ( 'NONE',  ( 1.800000000000004707, 1.649999999999999023, -4.138240232625861381 ) ) ;
#4701 = LINE ( 'NONE', #4382, #4569 ) ;
#4702 = CARTESIAN_POINT ( 'NONE',  ( -0.01500000000000112355, 10.59999999999999964, 5.099999999999999645 ) ) ;
#4703 = DIRECTION ( 'NONE',  ( 1.000000000000000000, 0.000000000000000000, 0.000000000000000000 ) ) ;
#4704 = VERTEX_POINT ( 'NONE', #2925 ) ;
#4705 = PLANE ( 'NONE',  #4246 ) ;
#4706 = CARTESIAN_POINT ( 'NONE',  ( 3.300000000000003819, 1.174999999999999378, 3.434999999999999609 ) ) ;
#4707 = CARTESIAN_POINT ( 'NONE',  ( -3.300000000000003819, 1.374999999999999556, 0.9449999999999996181 ) ) ;
#4708 = CIRCLE ( 'NONE', #2678, 0.1000000000000002554 ) ;
#4709 = EDGE_CURVE ( 'NONE', #2633, #527, #4416, .T. ) ;
#4710 = VECTOR ( 'NONE', #2242, 1000.000000000000000 ) ;
#4711 = EDGE_CURVE ( 'NONE', #4503, #4205, #1709, .T. ) ;
#4712 = PLANE ( 'NONE',  #2617 ) ;
#4713 = DIRECTION ( 'NONE',  ( -0.000000000000000000, -1.000000000000000000, -0.000000000000000000 ) ) ;
#4714 = CARTESIAN_POINT ( 'NONE',  ( -4.050000000000000711, 0.3000000000000000444, 3.434999999999999609 ) ) ;
#4715 = FACE_OUTER_BOUND ( 'NONE', #1990, .T. ) ;
#4716 = CIRCLE ( 'NONE', #2767, 0.1000000000000002554 ) ;
#4717 = EDGE_LOOP ( 'NONE', ( #1570, #2373, #3742, #2579 ) ) ;
#4718 = ORIENTED_EDGE ( 'NONE', *, *, #3818, .T. ) ;
#4719 = EDGE_CURVE ( 'NONE', #194, #1718, #2681, .T. ) ;
#4720 = PRESENTATION_LAYER_ASSIGNMENT (  '', '', ( #2062 ) ) ;
#4721 = CARTESIAN_POINT ( 'NONE',  ( -1.800000000000004263, 1.649999999999999467, -3.941933006589728006 ) ) ;
#4722 = AXIS2_PLACEMENT_3D ( 'NONE', #1751, #3237, #4388 ) ;
#4723 = LINE ( 'NONE', #1716, #367 ) ;
#4724 = VERTEX_POINT ( 'NONE', #2332 ) ;
#4725 = VECTOR ( 'NONE', #4392, 1000.000000000000000 ) ;
#4726 = EDGE_LOOP ( 'NONE', ( #1903, #2229, #3200, #1575 ) ) ;
#4727 = PLANE ( 'NONE',  #312 ) ;
#4728 = DIRECTION ( 'NONE',  ( -0.000000000000000000, -0.000000000000000000, -1.000000000000000000 ) ) ;
#4729 = DIRECTION ( 'NONE',  ( -0.000000000000000000, -0.000000000000000000, -1.000000000000000000 ) ) ;
#4730 = ORIENTED_EDGE ( 'NONE', *, *, #3001, .T. ) ;
#4731 = DIRECTION ( 'NONE',  ( -0.000000000000000000, -0.000000000000000000, -1.000000000000000000 ) ) ;
#4732 = DIRECTION ( 'NONE',  ( -0.000000000000000000, -0.000000000000000000, -1.000000000000000000 ) ) ;
#4733 = PLANE ( 'NONE',  #2233 ) ;
#4734 = EDGE_CURVE ( 'NONE', #1759, #1198, #831, .T. ) ;
#4735 = FILL_AREA_STYLE_COLOUR ( '', #628 ) ;
#4736 = LINE ( 'NONE', #240, #249 ) ;
#4737 = CARTESIAN_POINT ( 'NONE',  ( 1.075983721926299985, 1.799999999999999600, 4.500000000000000000 ) ) ;
#4738 = CARTESIAN_POINT ( 'NONE',  ( -1.385809373516900811, 1.573860793610416087, -3.851164763785634548 ) ) ;
#4739 = ORIENTED_EDGE ( 'NONE', *, *, #3708, .T. ) ;
#4740 = ORIENTED_EDGE ( 'NONE', *, *, #1813, .F. ) ;
#4741 = CARTESIAN_POINT ( 'NONE',  ( 3.950000000000001954, 0.2999999999999957145, 0.9449999999999996181 ) ) ;
#4742 = EDGE_CURVE ( 'NONE', #2887, #1996, #2361, .T. ) ;
#4743 = CARTESIAN_POINT ( 'NONE',  ( -4.650000000000000355, 0.2000000000000000111, -3.435000000000000497 ) ) ;
#4744 = EDGE_CURVE ( 'NONE', #2407, #3347, #2282, .T. ) ;
#4745 = ORIENTED_EDGE ( 'NONE', *, *, #2717, .F. ) ;
#4746 = ORIENTED_EDGE ( 'NONE', *, *, #2715, .T. ) ;
#4747 = CYLINDRICAL_SURFACE ( 'NONE', #2050, 0.1000000000000002554 ) ;
#4748 = DIRECTION ( 'NONE',  ( 1.000000000000000000, -1.836970198721023771E-16, 0.000000000000000000 ) ) ;
#4749 = DIRECTION ( 'NONE',  ( -0.000000000000000000, -0.000000000000000000, -1.000000000000000000 ) ) ;
#4750 = ADVANCED_FACE ( 'NONE', ( #809 ), #18, .T. ) ;
#4751 = ORIENTED_EDGE ( 'NONE', *, *, #3748, .F. ) ;
#4752 = DIRECTION ( 'NONE',  ( 0.000000000000000000, 1.000000000000000000, -0.000000000000000000 ) ) ;
#4753 = DIRECTION ( 'NONE',  ( 1.000000000000000000, 0.000000000000000000, -0.000000000000000000 ) ) ;
#4754 = DIRECTION ( 'NONE',  ( -0.000000000000000000, -0.000000000000000000, -1.000000000000000000 ) ) ;
#4755 = VERTEX_POINT ( 'NONE', #4245 ) ;
#4756 = DIRECTION ( 'NONE',  ( 0.000000000000000000, 0.000000000000000000, 1.000000000000000000 ) ) ;
#4757 = CARTESIAN_POINT ( 'NONE',  ( -0.6207318476644354543, 1.799999999999999600, 4.500000000000000000 ) ) ;
#4758 = CARTESIAN_POINT ( 'NONE',  ( 1.530488679902560101, 1.799999999999999822, -4.500000000000000000 ) ) ;
#4759 = ORIENTED_EDGE ( 'NONE', *, *, #2079, .T. ) ;
#4760 = ORIENTED_EDGE ( 'NONE', *, *, #376, .T. ) ;
#4761 = DIRECTION ( 'NONE',  ( -0.000000000000000000, -0.000000000000000000, -1.000000000000000000 ) ) ;
#4762 = AXIS2_PLACEMENT_3D ( 'NONE', #3197, #1685, #1325 ) ;
#4763 = LINE ( 'NONE', #3938, #1534 ) ;
#4764 = ORIENTED_EDGE ( 'NONE', *, *, #2439, .F. ) ;
#4765 = ORIENTED_EDGE ( 'NONE', *, *, #936, .F. ) ;
#4766 = VECTOR ( 'NONE', #1135, 1000.000000000000000 ) ;
#4767 = DIRECTION ( 'NONE',  ( 1.000000000000000000, 1.836970198721029688E-16, -0.000000000000000000 ) ) ;
#4768 = FILL_AREA_STYLE_COLOUR ( '', #4014 ) ;
#4769 = ADVANCED_FACE ( 'NONE', ( #757 ), #3825, .T. ) ;
#4770 = CARTESIAN_POINT ( 'NONE',  ( -3.300000000000003819, 1.374999999999999556, -0.9450000000000005063 ) ) ;
#4771 = DIRECTION ( 'NONE',  ( -0.000000000000000000, 1.000000000000000000, -0.000000000000000000 ) ) ;
#4772 = CIRCLE ( 'NONE', #4695, 0.3000000000000007661 ) ;
#4773 = EDGE_LOOP ( 'NONE', ( #1084, #3117, #2329, #3161 ) ) ;
#4774 = CARTESIAN_POINT ( 'NONE',  ( 4.049999999999998934, -4.226590478018756734E-15, 3.434999999999999609 ) ) ;
#4775 = EDGE_CURVE ( 'NONE', #1610, #1821, #2708, .T. ) ;
#4776 = CARTESIAN_POINT ( 'NONE',  ( -1.800000000000004263, 1.799999999999999600, 4.799999999999999822 ) ) ;
#4777 = CARTESIAN_POINT ( 'NONE',  ( 1.820064668795133622, 1.799999999999999600, 4.500000000000000000 ) ) ;
#4778 = EDGE_LOOP ( 'NONE', ( #621, #2753, #515, #4827 ) ) ;
#4779 =( NAMED_UNIT ( * ) SI_UNIT ( $, .STERADIAN. ) SOLID_ANGLE_UNIT ( ) );
#4780 = DIRECTION ( 'NONE',  ( 1.000000000000000000, 6.195440985631514482E-16, -0.000000000000000000 ) ) ;
#4781 = CARTESIAN_POINT ( 'NONE',  ( 2.999999999999995559, 10.59999999999999964, -5.099999999999999645 ) ) ;
#4782 = ORIENTED_EDGE ( 'NONE', *, *, #756, .T. ) ;
#4783 = AXIS2_PLACEMENT_3D ( 'NONE', #258, #590, #2507 ) ;
#4784 = AXIS2_PLACEMENT_3D ( 'NONE', #1790, #4425, #652 ) ;
#4785 = FACE_OUTER_BOUND ( 'NONE', #3967, .T. ) ;
#4786 = DIRECTION ( 'NONE',  ( -0.000000000000000000, -0.000000000000000000, -1.000000000000000000 ) ) ;
#4787 = CARTESIAN_POINT ( 'NONE',  ( 3.300000000000004263, 1.799999999999999600, -4.799999999999999822 ) ) ;
#4788 = ORIENTED_EDGE ( 'NONE', *, *, #1705, .F. ) ;
#4789 = VECTOR ( 'NONE', #4299, 1000.000000000000000 ) ;
#4790 = EDGE_CURVE ( 'NONE', #2315, #4605, #3802, .T. ) ;
#4791 = ORIENTED_EDGE ( 'NONE', *, *, #3502, .F. ) ;
#4792 = DIRECTION ( 'NONE',  ( -1.000000000000000000, 0.000000000000000000, 0.000000000000000000 ) ) ;
#4793 = FILL_AREA_STYLE ('',( #4768 ) ) ;
#4794 = VECTOR ( 'NONE', #3311, 1000.000000000000000 ) ;
#4795 = DIRECTION ( 'NONE',  ( -0.000000000000000000, -0.000000000000000000, -1.000000000000000000 ) ) ;
#4796 = ORIENTED_EDGE ( 'NONE', *, *, #4379, .T. ) ;
#4797 = CARTESIAN_POINT ( 'NONE',  ( 3.750000000000000888, 1.074999999999999289, 1.544999999999999485 ) ) ;
#4798 = MECHANICAL_DESIGN_GEOMETRIC_PRESENTATION_REPRESENTATION (  '', ( #2062 ), #3212 ) ;
#4799 = EDGE_CURVE ( 'NONE', #1198, #1645, #379, .T. ) ;
#4800 = ORIENTED_EDGE ( 'NONE', *, *, #2508, .F. ) ;
#4801 = FACE_OUTER_BOUND ( 'NONE', #2241, .T. ) ;
#4802 = CARTESIAN_POINT ( 'NONE',  ( -3.650000000000000355, 1.374999999999999556, -0.9450000000000005063 ) ) ;
#4803 = CARTESIAN_POINT ( 'NONE',  ( -3.300000000000003819, 1.174999999999999378, -3.435000000000000497 ) ) ;
#4804 = VECTOR ( 'NONE', #4627, 1000.000000000000000 ) ;
#4805 = EDGE_CURVE ( 'NONE', #1901, #2358, #2310, .T. ) ;
#4806 = ORIENTED_EDGE ( 'NONE', *, *, #4087, .T. ) ;
#4807 = EDGE_CURVE ( 'NONE', #3792, #1466, #859, .T. ) ;
#4808 = CARTESIAN_POINT ( 'NONE',  ( -2.200000000000004619, 10.59999999999999964, -4.649999999999999467 ) ) ;
#4809 =( NAMED_UNIT ( * ) PLANE_ANGLE_UNIT ( ) SI_UNIT ( $, .RADIAN. ) );
#4810 = CARTESIAN_POINT ( 'NONE',  ( 0.3342099667448948930, 1.468237980648614105, 4.202001992349114090 ) ) ;
#4811 = DIRECTION ( 'NONE',  ( -0.000000000000000000, 0.000000000000000000, 1.000000000000000000 ) ) ;
#4812 = ORIENTED_EDGE ( 'NONE', *, *, #642, .F. ) ;
#4813 = VECTOR ( 'NONE', #1752, 1000.000000000000000 ) ;
#4814 = DIRECTION ( 'NONE',  ( 0.000000000000000000, -1.000000000000000000, 0.000000000000000000 ) ) ;
#4815 = DIRECTION ( 'NONE',  ( 1.000000000000000000, 7.885106708985486076E-16, -0.000000000000000000 ) ) ;
#4816 = CARTESIAN_POINT ( 'NONE',  ( 3.300000000000004263, 1.799999999999999600, 4.799999999999999822 ) ) ;
#4817 = ORIENTED_EDGE ( 'NONE', *, *, #4260, .T. ) ;
#4818 = EDGE_LOOP ( 'NONE', ( #2697, #2207, #779, #3235 ) ) ;
#4819 = DIRECTION ( 'NONE',  ( -0.000000000000000000, -0.000000000000000000, -1.000000000000000000 ) ) ;
#4820 = CYLINDRICAL_SURFACE ( 'NONE', #466, 0.09999999999999939493 ) ;
#4821 = CARTESIAN_POINT ( 'NONE',  ( 3.950000000000001954, 0.2999999999999957145, 3.434999999999999609 ) ) ;
#4822 = CARTESIAN_POINT ( 'NONE',  ( 0.000000000000000000, 0.000000000000000000, 4.799999999999999822 ) ) ;
#4823 = ORIENTED_EDGE ( 'NONE', *, *, #1578, .T. ) ;
#4824 = LINE ( 'NONE', #1795, #3012 ) ;
#4825 = EDGE_CURVE ( 'NONE', #2298, #804, #1150, .T. ) ;
#4826 = DIRECTION ( 'NONE',  ( 1.000000000000000000, -1.836970198721023771E-16, 0.000000000000000000 ) ) ;
#4827 = ORIENTED_EDGE ( 'NONE', *, *, #3573, .T. ) ;
#4828 = ORIENTED_EDGE ( 'NONE', *, *, #3150, .T. ) ;
#4829 = CARTESIAN_POINT ( 'NONE',  ( -3.950000000000000178, 0.3000000000000000444, -1.545000000000000373 ) ) ;
#4830 = EDGE_CURVE ( 'NONE', #3299, #2842, #1201, .T. ) ;
#4831 = CARTESIAN_POINT ( 'NONE',  ( -1.635836092778831574, 1.616219828699775762, 4.241126037354517209 ) ) ;
#4832 = CARTESIAN_POINT ( 'NONE',  ( 0.6955031231230558442, 1.488422826504226304, -3.770759095408810602 ) ) ;
#4833 = DIRECTION ( 'NONE',  ( -1.000000000000000000, 0.000000000000000000, 0.000000000000000000 ) ) ;
#4834 = DIRECTION ( 'NONE',  ( 0.5773502691896257311, 0.5773502691896257311, -0.5773502691896257311 ) ) ;
#4835 = PLANE ( 'NONE',  #2436 ) ;
#4836 = ORIENTED_EDGE ( 'NONE', *, *, #2830, .F. ) ;
#4837 = ORIENTED_EDGE ( 'NONE', *, *, #1110, .F. ) ;
#4838 = CARTESIAN_POINT ( 'NONE',  ( -4.650000000000000355, 0.000000000000000000, -3.435000000000000497 ) ) ;
#4839 = PRESENTATION_LAYER_ASSIGNMENT (  '', '', ( #1216 ) ) ;
#4840 = PLANE ( 'NONE',  #4335 ) ;
#4841 = CYLINDRICAL_SURFACE ( 'NONE', #1098, 0.3000000000000003775 ) ;
#4842 = CARTESIAN_POINT ( 'NONE',  ( -3.300000000000003819, 1.174999999999999378, -3.435000000000000497 ) ) ;
#4843 = ORIENTED_EDGE ( 'NONE', *, *, #1756, .T. ) ;
#4844 = VERTEX_POINT ( 'NONE', #119 ) ;
#4845 = CIRCLE ( 'NONE', #3334, 0.3500000000000004774 ) ;
#4846 = CARTESIAN_POINT ( 'NONE',  ( -3.650000000000000355, 1.074999999999999289, -3.435000000000000497 ) ) ;
#4847 = VECTOR ( 'NONE', #4467, 1000.000000000000000 ) ;
#4848 = PLANE ( 'NONE',  #1408 ) ;
#4849 = ORIENTED_EDGE ( 'NONE', *, *, #2677, .F. ) ;
#4850 = ORIENTED_EDGE ( 'NONE', *, *, #4744, .F. ) ;
#4851 = ORIENTED_EDGE ( 'NONE', *, *, #2279, .T. ) ;
#4852 =( GEOMETRIC_REPRESENTATION_CONTEXT ( 3 ) GLOBAL_UNCERTAINTY_ASSIGNED_CONTEXT ( ( #3389 ) ) GLOBAL_UNIT_ASSIGNED_CONTEXT ( ( #3978, #193, #1322 ) ) REPRESENTATION_CONTEXT ( 'NONE', 'WORKASPACE' ) );
#4853 = CARTESIAN_POINT ( 'NONE',  ( 4.050000000000000711, 0.2999999999999957145, -1.545000000000000373 ) ) ;
#4854 = CARTESIAN_POINT ( 'NONE',  ( -3.650000000000000355, 1.375000000000000000, -4.035000000000000142 ) ) ;
#4855 = LINE ( 'NONE', #3727, #599 ) ;
#4856 = EDGE_CURVE ( 'NONE', #4509, #2091, #1604, .T. ) ;
#4857 = CARTESIAN_POINT ( 'NONE',  ( -3.950000000000000178, 0.3000000000000000444, 4.034999999999999254 ) ) ;
#4858 = DIRECTION ( 'NONE',  ( 1.000000000000000000, 0.000000000000000000, -0.000000000000000000 ) ) ;
#4859 = VECTOR ( 'NONE', #4160, 1000.000000000000000 ) ;
#4860 = VERTEX_POINT ( 'NONE', #1526 ) ;
#4861 = ADVANCED_FACE ( 'NONE', ( #1931 ), #3032, .F. ) ;
ENDSEC;
END-ISO-10303-21;
